Ticket ID,topic_id,topic_label
1,20,Repair or Replacement Concerns
2,0,Issue After Firmware Update
3,-1,Other or Unclassified Support Content
4,0,Issue After Firmware Update
5,11,Software Bugs and Data Loss
6,16,Screen and Display Problems
7,3,Data Loss and File Recovery
8,-1,Other or Unclassified Support Content
9,0,Issue After Firmware Update
10,18,Device Not Turning On
11,10,Unstable Internet Connection
12,-1,Other or Unclassified Support Content
13,23,Email and Account Issues
14,5,Unable to Perform Desired Action
15,0,Issue After Firmware Update
16,11,Software Bugs and Data Loss
17,6,Wi-Fi Connectivity Issues
18,-1,Other or Unclassified Support Content
19,0,Issue After Firmware Update
20,-1,Other or Unclassified Support Content
21,14,Software Freezing Issues
22,-1,Other or Unclassified Support Content
23,-1,Other or Unclassified Support Content
24,0,Issue After Firmware Update
25,1,App Issue Persists After Troubleshooting
26,18,Device Not Turning On
27,13,General Hardware Malfunction
28,1,App Issue Persists After Troubleshooting
29,10,Unstable Internet Connection
30,-1,Other or Unclassified Support Content
31,0,Issue After Firmware Update
32,1,App Issue Persists After Troubleshooting
33,12,Application Crashes and Software Bugs
34,6,Wi-Fi Connectivity Issues
35,0,Issue After Firmware Update
36,-1,Other or Unclassified Support Content
37,-1,Other or Unclassified Support Content
38,3,Data Loss and File Recovery
39,7,Security and Data Safety Concerns
40,6,Wi-Fi Connectivity Issues
41,5,Unable to Perform Desired Action
42,16,Screen and Display Problems
43,-1,Other or Unclassified Support Content
44,0,Issue After Firmware Update
45,-1,Other or Unclassified Support Content
46,6,Wi-Fi Connectivity Issues
47,8,Charging Problems
48,0,Issue After Firmware Update
49,-1,Other or Unclassified Support Content
50,6,Wi-Fi Connectivity Issues
51,13,General Hardware Malfunction
52,5,Unable to Perform Desired Action
53,8,Charging Problems
54,-1,Other or Unclassified Support Content
55,12,Application Crashes and Software Bugs
56,7,Security and Data Safety Concerns
57,0,Issue After Firmware Update
58,20,Repair or Replacement Concerns
59,3,Data Loss and File Recovery
60,-1,Other or Unclassified Support Content
61,-1,Other or Unclassified Support Content
62,1,App Issue Persists After Troubleshooting
63,1,App Issue Persists After Troubleshooting
64,0,Issue After Firmware Update
65,-1,Other or Unclassified Support Content
66,17,Urgent Issue Affecting Productivity
67,-1,Other or Unclassified Support Content
68,2,Account Access and Password Issues
69,-1,Other or Unclassified Support Content
70,3,Data Loss and File Recovery
71,2,Account Access and Password Issues
72,5,Unable to Perform Desired Action
73,-1,Other or Unclassified Support Content
74,18,Device Not Turning On
75,0,Issue After Firmware Update
76,-1,Other or Unclassified Support Content
77,23,Email and Account Issues
78,1,App Issue Persists After Troubleshooting
79,-1,Other or Unclassified Support Content
80,-1,Other or Unclassified Support Content
81,7,Security and Data Safety Concerns
82,13,General Hardware Malfunction
83,0,Issue After Firmware Update
84,11,Software Bugs and Data Loss
85,19,Urgent Issue Affecting Productivity
86,3,Data Loss and File Recovery
87,-1,Other or Unclassified Support Content
88,16,Screen and Display Problems
89,4,Error Messages and Error Codes
90,-1,Other or Unclassified Support Content
91,-1,Other or Unclassified Support Content
92,-1,Other or Unclassified Support Content
93,11,Software Bugs and Data Loss
94,4,Error Messages and Error Codes
95,0,Issue After Firmware Update
96,2,Account Access and Password Issues
97,9,Battery Life Issues
98,5,Unable to Perform Desired Action
99,0,Issue After Firmware Update
100,4,Error Messages and Error Codes
101,0,Issue After Firmware Update
102,-1,Other or Unclassified Support Content
103,2,Account Access and Password Issues
104,-1,Other or Unclassified Support Content
105,-1,Other or Unclassified Support Content
106,8,Charging Problems
107,0,Issue After Firmware Update
108,14,Software Freezing Issues
109,11,Software Bugs and Data Loss
110,9,Battery Life Issues
111,-1,Other or Unclassified Support Content
112,-1,Other or Unclassified Support Content
113,11,Software Bugs and Data Loss
114,0,Issue After Firmware Update
115,-1,Other or Unclassified Support Content
116,-1,Other or Unclassified Support Content
117,20,Repair or Replacement Concerns
118,2,Account Access and Password Issues
119,-1,Other or Unclassified Support Content
120,-1,Other or Unclassified Support Content
121,-1,Other or Unclassified Support Content
122,-1,Other or Unclassified Support Content
123,12,Application Crashes and Software Bugs
124,-1,Other or Unclassified Support Content
125,0,Issue After Firmware Update
126,0,Issue After Firmware Update
127,-1,Other or Unclassified Support Content
128,-1,Other or Unclassified Support Content
129,-1,Other or Unclassified Support Content
130,10,Unstable Internet Connection
131,-1,Other or Unclassified Support Content
132,0,Issue After Firmware Update
133,15,Software Update Availability
134,11,Software Bugs and Data Loss
135,0,Issue After Firmware Update
136,2,Account Access and Password Issues
137,7,Security and Data Safety Concerns
138,-1,Other or Unclassified Support Content
139,1,App Issue Persists After Troubleshooting
140,10,Unstable Internet Connection
141,15,Software Update Availability
142,0,Issue After Firmware Update
143,21,Refund Issues
144,10,Unstable Internet Connection
145,-1,Other or Unclassified Support Content
146,0,Issue After Firmware Update
147,-1,Other or Unclassified Support Content
148,21,Refund Issues
149,0,Issue After Firmware Update
150,4,Error Messages and Error Codes
151,7,Security and Data Safety Concerns
152,0,Issue After Firmware Update
153,-1,Other or Unclassified Support Content
154,0,Issue After Firmware Update
155,-1,Other or Unclassified Support Content
156,-1,Other or Unclassified Support Content
157,-1,Other or Unclassified Support Content
158,0,Issue After Firmware Update
159,-1,Other or Unclassified Support Content
160,15,Software Update Availability
161,19,Urgent Issue Affecting Productivity
162,-1,Other or Unclassified Support Content
163,0,Issue After Firmware Update
164,16,Screen and Display Problems
165,0,Issue After Firmware Update
166,3,Data Loss and File Recovery
167,4,Error Messages and Error Codes
168,3,Data Loss and File Recovery
169,12,Application Crashes and Software Bugs
170,-1,Other or Unclassified Support Content
171,6,Wi-Fi Connectivity Issues
172,-1,Other or Unclassified Support Content
173,0,Issue After Firmware Update
174,0,Issue After Firmware Update
175,18,Device Not Turning On
176,-1,Other or Unclassified Support Content
177,8,Charging Problems
178,0,Issue After Firmware Update
179,1,App Issue Persists After Troubleshooting
180,2,Account Access and Password Issues
181,16,Screen and Display Problems
182,0,Issue After Firmware Update
183,0,Issue After Firmware Update
184,19,Urgent Issue Affecting Productivity
185,-1,Other or Unclassified Support Content
186,17,Urgent Issue Affecting Productivity
187,5,Unable to Perform Desired Action
188,-1,Other or Unclassified Support Content
189,15,Software Update Availability
190,0,Issue After Firmware Update
191,-1,Other or Unclassified Support Content
192,9,Battery Life Issues
193,-1,Other or Unclassified Support Content
194,12,Application Crashes and Software Bugs
195,1,App Issue Persists After Troubleshooting
196,5,Unable to Perform Desired Action
197,-1,Other or Unclassified Support Content
198,12,Application Crashes and Software Bugs
199,21,Refund Issues
200,0,Issue After Firmware Update
201,6,Wi-Fi Connectivity Issues
202,-1,Other or Unclassified Support Content
203,4,Error Messages and Error Codes
204,1,App Issue Persists After Troubleshooting
205,6,Wi-Fi Connectivity Issues
206,7,Security and Data Safety Concerns
207,-1,Other or Unclassified Support Content
208,0,Issue After Firmware Update
209,6,Wi-Fi Connectivity Issues
210,3,Data Loss and File Recovery
211,6,Wi-Fi Connectivity Issues
212,-1,Other or Unclassified Support Content
213,0,Issue After Firmware Update
214,-1,Other or Unclassified Support Content
215,-1,Other or Unclassified Support Content
216,2,Account Access and Password Issues
217,13,General Hardware Malfunction
218,0,Issue After Firmware Update
219,6,Wi-Fi Connectivity Issues
220,7,Security and Data Safety Concerns
221,7,Security and Data Safety Concerns
222,7,Security and Data Safety Concerns
223,16,Screen and Display Problems
224,1,App Issue Persists After Troubleshooting
225,0,Issue After Firmware Update
226,20,Repair or Replacement Concerns
227,0,Issue After Firmware Update
228,15,Software Update Availability
229,1,App Issue Persists After Troubleshooting
230,0,Issue After Firmware Update
231,-1,Other or Unclassified Support Content
232,22,Invoice and Payment Issues
233,0,Issue After Firmware Update
234,0,Issue After Firmware Update
235,0,Issue After Firmware Update
236,-1,Other or Unclassified Support Content
237,5,Unable to Perform Desired Action
238,22,Invoice and Payment Issues
239,0,Issue After Firmware Update
240,10,Unstable Internet Connection
241,0,Issue After Firmware Update
242,-1,Other or Unclassified Support Content
243,21,Refund Issues
244,3,Data Loss and File Recovery
245,14,Software Freezing Issues
246,10,Unstable Internet Connection
247,0,Issue After Firmware Update
248,2,Account Access and Password Issues
249,8,Charging Problems
250,5,Unable to Perform Desired Action
251,0,Issue After Firmware Update
252,4,Error Messages and Error Codes
253,12,Application Crashes and Software Bugs
254,-1,Other or Unclassified Support Content
255,16,Screen and Display Problems
256,0,Issue After Firmware Update
257,-1,Other or Unclassified Support Content
258,14,Software Freezing Issues
259,10,Unstable Internet Connection
260,0,Issue After Firmware Update
261,0,Issue After Firmware Update
262,5,Unable to Perform Desired Action
263,-1,Other or Unclassified Support Content
264,7,Security and Data Safety Concerns
265,3,Data Loss and File Recovery
266,1,App Issue Persists After Troubleshooting
267,0,Issue After Firmware Update
268,6,Wi-Fi Connectivity Issues
269,0,Issue After Firmware Update
270,-1,Other or Unclassified Support Content
271,5,Unable to Perform Desired Action
272,3,Data Loss and File Recovery
273,-1,Other or Unclassified Support Content
274,4,Error Messages and Error Codes
275,5,Unable to Perform Desired Action
276,-1,Other or Unclassified Support Content
277,5,Unable to Perform Desired Action
278,-1,Other or Unclassified Support Content
279,0,Issue After Firmware Update
280,0,Issue After Firmware Update
281,-1,Other or Unclassified Support Content
282,14,Software Freezing Issues
283,11,Software Bugs and Data Loss
284,3,Data Loss and File Recovery
285,0,Issue After Firmware Update
286,-1,Other or Unclassified Support Content
287,12,Application Crashes and Software Bugs
288,0,Issue After Firmware Update
289,-1,Other or Unclassified Support Content
290,0,Issue After Firmware Update
291,0,Issue After Firmware Update
292,8,Charging Problems
293,9,Battery Life Issues
294,0,Issue After Firmware Update
295,4,Error Messages and Error Codes
296,2,Account Access and Password Issues
297,0,Issue After Firmware Update
298,14,Software Freezing Issues
299,-1,Other or Unclassified Support Content
300,8,Charging Problems
301,9,Battery Life Issues
302,-1,Other or Unclassified Support Content
303,4,Error Messages and Error Codes
304,1,App Issue Persists After Troubleshooting
305,3,Data Loss and File Recovery
306,0,Issue After Firmware Update
307,-1,Other or Unclassified Support Content
308,0,Issue After Firmware Update
309,4,Error Messages and Error Codes
310,4,Error Messages and Error Codes
311,10,Unstable Internet Connection
312,0,Issue After Firmware Update
313,0,Issue After Firmware Update
314,17,Urgent Issue Affecting Productivity
315,0,Issue After Firmware Update
316,0,Issue After Firmware Update
317,0,Issue After Firmware Update
318,-1,Other or Unclassified Support Content
319,7,Security and Data Safety Concerns
320,-1,Other or Unclassified Support Content
321,1,App Issue Persists After Troubleshooting
322,16,Screen and Display Problems
323,0,Issue After Firmware Update
324,-1,Other or Unclassified Support Content
325,-1,Other or Unclassified Support Content
326,0,Issue After Firmware Update
327,3,Data Loss and File Recovery
328,-1,Other or Unclassified Support Content
329,5,Unable to Perform Desired Action
330,7,Security and Data Safety Concerns
331,4,Error Messages and Error Codes
332,-1,Other or Unclassified Support Content
333,-1,Other or Unclassified Support Content
334,-1,Other or Unclassified Support Content
335,15,Software Update Availability
336,18,Device Not Turning On
337,-1,Other or Unclassified Support Content
338,-1,Other or Unclassified Support Content
339,2,Account Access and Password Issues
340,-1,Other or Unclassified Support Content
341,3,Data Loss and File Recovery
342,0,Issue After Firmware Update
343,0,Issue After Firmware Update
344,-1,Other or Unclassified Support Content
345,3,Data Loss and File Recovery
346,7,Security and Data Safety Concerns
347,-1,Other or Unclassified Support Content
348,8,Charging Problems
349,7,Security and Data Safety Concerns
350,13,General Hardware Malfunction
351,-1,Other or Unclassified Support Content
352,-1,Other or Unclassified Support Content
353,-1,Other or Unclassified Support Content
354,12,Application Crashes and Software Bugs
355,0,Issue After Firmware Update
356,0,Issue After Firmware Update
357,2,Account Access and Password Issues
358,2,Account Access and Password Issues
359,9,Battery Life Issues
360,8,Charging Problems
361,20,Repair or Replacement Concerns
362,1,App Issue Persists After Troubleshooting
363,1,App Issue Persists After Troubleshooting
364,20,Repair or Replacement Concerns
365,16,Screen and Display Problems
366,0,Issue After Firmware Update
367,0,Issue After Firmware Update
368,0,Issue After Firmware Update
369,4,Error Messages and Error Codes
370,0,Issue After Firmware Update
371,0,Issue After Firmware Update
372,2,Account Access and Password Issues
373,6,Wi-Fi Connectivity Issues
374,24,Other Support Content
375,-1,Other or Unclassified Support Content
376,15,Software Update Availability
377,11,Software Bugs and Data Loss
378,13,General Hardware Malfunction
379,-1,Other or Unclassified Support Content
380,-1,Other or Unclassified Support Content
381,0,Issue After Firmware Update
382,9,Battery Life Issues
383,0,Issue After Firmware Update
384,2,Account Access and Password Issues
385,11,Software Bugs and Data Loss
386,-1,Other or Unclassified Support Content
387,28,Other Support Content
388,10,Unstable Internet Connection
389,0,Issue After Firmware Update
390,0,Issue After Firmware Update
391,7,Security and Data Safety Concerns
392,0,Issue After Firmware Update
393,2,Account Access and Password Issues
394,11,Software Bugs and Data Loss
395,28,Other Support Content
396,18,Device Not Turning On
397,-1,Other or Unclassified Support Content
398,0,Issue After Firmware Update
399,1,App Issue Persists After Troubleshooting
400,2,Account Access and Password Issues
401,0,Issue After Firmware Update
402,9,Battery Life Issues
403,2,Account Access and Password Issues
404,9,Battery Life Issues
405,-1,Other or Unclassified Support Content
406,0,Issue After Firmware Update
407,15,Software Update Availability
408,-1,Other or Unclassified Support Content
409,-1,Other or Unclassified Support Content
410,2,Account Access and Password Issues
411,17,Urgent Issue Affecting Productivity
412,-1,Other or Unclassified Support Content
413,0,Issue After Firmware Update
414,0,Issue After Firmware Update
415,18,Device Not Turning On
416,0,Issue After Firmware Update
417,0,Issue After Firmware Update
418,3,Data Loss and File Recovery
419,8,Charging Problems
420,0,Issue After Firmware Update
421,-1,Other or Unclassified Support Content
422,-1,Other or Unclassified Support Content
423,-1,Other or Unclassified Support Content
424,0,Issue After Firmware Update
425,-1,Other or Unclassified Support Content
426,7,Security and Data Safety Concerns
427,2,Account Access and Password Issues
428,2,Account Access and Password Issues
429,0,Issue After Firmware Update
430,6,Wi-Fi Connectivity Issues
431,8,Charging Problems
432,10,Unstable Internet Connection
433,9,Battery Life Issues
434,16,Screen and Display Problems
435,3,Data Loss and File Recovery
436,-1,Other or Unclassified Support Content
437,5,Unable to Perform Desired Action
438,5,Unable to Perform Desired Action
439,7,Security and Data Safety Concerns
440,3,Data Loss and File Recovery
441,-1,Other or Unclassified Support Content
442,1,App Issue Persists After Troubleshooting
443,-1,Other or Unclassified Support Content
444,-1,Other or Unclassified Support Content
445,0,Issue After Firmware Update
446,11,Software Bugs and Data Loss
447,7,Security and Data Safety Concerns
448,9,Battery Life Issues
449,12,Application Crashes and Software Bugs
450,0,Issue After Firmware Update
451,17,Urgent Issue Affecting Productivity
452,17,Urgent Issue Affecting Productivity
453,23,Email and Account Issues
454,1,App Issue Persists After Troubleshooting
455,-1,Other or Unclassified Support Content
456,6,Wi-Fi Connectivity Issues
457,6,Wi-Fi Connectivity Issues
458,0,Issue After Firmware Update
459,13,General Hardware Malfunction
460,0,Issue After Firmware Update
461,0,Issue After Firmware Update
462,-1,Other or Unclassified Support Content
463,0,Issue After Firmware Update
464,14,Software Freezing Issues
465,0,Issue After Firmware Update
466,-1,Other or Unclassified Support Content
467,4,Error Messages and Error Codes
468,13,General Hardware Malfunction
469,-1,Other or Unclassified Support Content
470,1,App Issue Persists After Troubleshooting
471,0,Issue After Firmware Update
472,12,Application Crashes and Software Bugs
473,3,Data Loss and File Recovery
474,1,App Issue Persists After Troubleshooting
475,-1,Other or Unclassified Support Content
476,-1,Other or Unclassified Support Content
477,14,Software Freezing Issues
478,0,Issue After Firmware Update
479,0,Issue After Firmware Update
480,6,Wi-Fi Connectivity Issues
481,0,Issue After Firmware Update
482,0,Issue After Firmware Update
483,-1,Other or Unclassified Support Content
484,18,Device Not Turning On
485,1,App Issue Persists After Troubleshooting
486,-1,Other or Unclassified Support Content
487,0,Issue After Firmware Update
488,13,General Hardware Malfunction
489,0,Issue After Firmware Update
490,18,Device Not Turning On
491,4,Error Messages and Error Codes
492,0,Issue After Firmware Update
493,4,Error Messages and Error Codes
494,19,Urgent Issue Affecting Productivity
495,0,Issue After Firmware Update
496,6,Wi-Fi Connectivity Issues
497,-1,Other or Unclassified Support Content
498,3,Data Loss and File Recovery
499,22,Invoice and Payment Issues
500,-1,Other or Unclassified Support Content
501,6,Wi-Fi Connectivity Issues
502,7,Security and Data Safety Concerns
503,6,Wi-Fi Connectivity Issues
504,0,Issue After Firmware Update
505,-1,Other or Unclassified Support Content
506,7,Security and Data Safety Concerns
507,4,Error Messages and Error Codes
508,0,Issue After Firmware Update
509,0,Issue After Firmware Update
510,0,Issue After Firmware Update
511,10,Unstable Internet Connection
512,0,Issue After Firmware Update
513,-1,Other or Unclassified Support Content
514,-1,Other or Unclassified Support Content
515,0,Issue After Firmware Update
516,3,Data Loss and File Recovery
517,-1,Other or Unclassified Support Content
518,-1,Other or Unclassified Support Content
519,0,Issue After Firmware Update
520,9,Battery Life Issues
521,0,Issue After Firmware Update
522,-1,Other or Unclassified Support Content
523,9,Battery Life Issues
524,2,Account Access and Password Issues
525,-1,Other or Unclassified Support Content
526,4,Error Messages and Error Codes
527,-1,Other or Unclassified Support Content
528,4,Error Messages and Error Codes
529,5,Unable to Perform Desired Action
530,5,Unable to Perform Desired Action
531,8,Charging Problems
532,10,Unstable Internet Connection
533,8,Charging Problems
534,-1,Other or Unclassified Support Content
535,20,Repair or Replacement Concerns
536,7,Security and Data Safety Concerns
537,0,Issue After Firmware Update
538,12,Application Crashes and Software Bugs
539,0,Issue After Firmware Update
540,0,Issue After Firmware Update
541,-1,Other or Unclassified Support Content
542,12,Application Crashes and Software Bugs
543,-1,Other or Unclassified Support Content
544,1,App Issue Persists After Troubleshooting
545,0,Issue After Firmware Update
546,8,Charging Problems
547,14,Software Freezing Issues
548,0,Issue After Firmware Update
549,13,General Hardware Malfunction
550,-1,Other or Unclassified Support Content
551,-1,Other or Unclassified Support Content
552,12,Application Crashes and Software Bugs
553,1,App Issue Persists After Troubleshooting
554,13,General Hardware Malfunction
555,8,Charging Problems
556,0,Issue After Firmware Update
557,0,Issue After Firmware Update
558,-1,Other or Unclassified Support Content
559,-1,Other or Unclassified Support Content
560,14,Software Freezing Issues
561,-1,Other or Unclassified Support Content
562,8,Charging Problems
563,12,Application Crashes and Software Bugs
564,-1,Other or Unclassified Support Content
565,-1,Other or Unclassified Support Content
566,0,Issue After Firmware Update
567,1,App Issue Persists After Troubleshooting
568,9,Battery Life Issues
569,18,Device Not Turning On
570,5,Unable to Perform Desired Action
571,21,Refund Issues
572,12,Application Crashes and Software Bugs
573,0,Issue After Firmware Update
574,27,Other Support Content
575,-1,Other or Unclassified Support Content
576,-1,Other or Unclassified Support Content
577,-1,Other or Unclassified Support Content
578,6,Wi-Fi Connectivity Issues
579,-1,Other or Unclassified Support Content
580,9,Battery Life Issues
581,0,Issue After Firmware Update
582,5,Unable to Perform Desired Action
583,4,Error Messages and Error Codes
584,0,Issue After Firmware Update
585,0,Issue After Firmware Update
586,2,Account Access and Password Issues
587,14,Software Freezing Issues
588,0,Issue After Firmware Update
589,1,App Issue Persists After Troubleshooting
590,0,Issue After Firmware Update
591,21,Refund Issues
592,5,Unable to Perform Desired Action
593,23,Email and Account Issues
594,0,Issue After Firmware Update
595,0,Issue After Firmware Update
596,0,Issue After Firmware Update
597,3,Data Loss and File Recovery
598,-1,Other or Unclassified Support Content
599,3,Data Loss and File Recovery
600,-1,Other or Unclassified Support Content
601,11,Software Bugs and Data Loss
602,-1,Other or Unclassified Support Content
603,-1,Other or Unclassified Support Content
604,10,Unstable Internet Connection
605,9,Battery Life Issues
606,11,Software Bugs and Data Loss
607,9,Battery Life Issues
608,12,Application Crashes and Software Bugs
609,-1,Other or Unclassified Support Content
610,0,Issue After Firmware Update
611,1,App Issue Persists After Troubleshooting
612,2,Account Access and Password Issues
613,15,Software Update Availability
614,19,Urgent Issue Affecting Productivity
615,0,Issue After Firmware Update
616,-1,Other or Unclassified Support Content
617,-1,Other or Unclassified Support Content
618,0,Issue After Firmware Update
619,-1,Other or Unclassified Support Content
620,5,Unable to Perform Desired Action
621,5,Unable to Perform Desired Action
622,10,Unstable Internet Connection
623,0,Issue After Firmware Update
624,-1,Other or Unclassified Support Content
625,-1,Other or Unclassified Support Content
626,-1,Other or Unclassified Support Content
627,4,Error Messages and Error Codes
628,17,Urgent Issue Affecting Productivity
629,-1,Other or Unclassified Support Content
630,6,Wi-Fi Connectivity Issues
631,-1,Other or Unclassified Support Content
632,7,Security and Data Safety Concerns
633,-1,Other or Unclassified Support Content
634,3,Data Loss and File Recovery
635,5,Unable to Perform Desired Action
636,4,Error Messages and Error Codes
637,-1,Other or Unclassified Support Content
638,4,Error Messages and Error Codes
639,7,Security and Data Safety Concerns
640,2,Account Access and Password Issues
641,3,Data Loss and File Recovery
642,8,Charging Problems
643,-1,Other or Unclassified Support Content
644,10,Unstable Internet Connection
645,-1,Other or Unclassified Support Content
646,8,Charging Problems
647,5,Unable to Perform Desired Action
648,-1,Other or Unclassified Support Content
649,10,Unstable Internet Connection
650,7,Security and Data Safety Concerns
651,0,Issue After Firmware Update
652,4,Error Messages and Error Codes
653,-1,Other or Unclassified Support Content
654,2,Account Access and Password Issues
655,10,Unstable Internet Connection
656,5,Unable to Perform Desired Action
657,-1,Other or Unclassified Support Content
658,-1,Other or Unclassified Support Content
659,19,Urgent Issue Affecting Productivity
660,4,Error Messages and Error Codes
661,-1,Other or Unclassified Support Content
662,11,Software Bugs and Data Loss
663,11,Software Bugs and Data Loss
664,0,Issue After Firmware Update
665,9,Battery Life Issues
666,0,Issue After Firmware Update
667,1,App Issue Persists After Troubleshooting
668,-1,Other or Unclassified Support Content
669,0,Issue After Firmware Update
670,0,Issue After Firmware Update
671,-1,Other or Unclassified Support Content
672,0,Issue After Firmware Update
673,-1,Other or Unclassified Support Content
674,7,Security and Data Safety Concerns
675,-1,Other or Unclassified Support Content
676,-1,Other or Unclassified Support Content
677,11,Software Bugs and Data Loss
678,13,General Hardware Malfunction
679,0,Issue After Firmware Update
680,6,Wi-Fi Connectivity Issues
681,0,Issue After Firmware Update
682,0,Issue After Firmware Update
683,20,Repair or Replacement Concerns
684,-1,Other or Unclassified Support Content
685,5,Unable to Perform Desired Action
686,0,Issue After Firmware Update
687,4,Error Messages and Error Codes
688,0,Issue After Firmware Update
689,18,Device Not Turning On
690,13,General Hardware Malfunction
691,5,Unable to Perform Desired Action
692,1,App Issue Persists After Troubleshooting
693,1,App Issue Persists After Troubleshooting
694,0,Issue After Firmware Update
695,0,Issue After Firmware Update
696,-1,Other or Unclassified Support Content
697,9,Battery Life Issues
698,-1,Other or Unclassified Support Content
699,5,Unable to Perform Desired Action
700,5,Unable to Perform Desired Action
701,19,Urgent Issue Affecting Productivity
702,9,Battery Life Issues
703,14,Software Freezing Issues
704,3,Data Loss and File Recovery
705,0,Issue After Firmware Update
706,-1,Other or Unclassified Support Content
707,21,Refund Issues
708,-1,Other or Unclassified Support Content
709,-1,Other or Unclassified Support Content
710,11,Software Bugs and Data Loss
711,1,App Issue Persists After Troubleshooting
712,14,Software Freezing Issues
713,14,Software Freezing Issues
714,3,Data Loss and File Recovery
715,-1,Other or Unclassified Support Content
716,5,Unable to Perform Desired Action
717,18,Device Not Turning On
718,21,Refund Issues
719,18,Device Not Turning On
720,-1,Other or Unclassified Support Content
721,-1,Other or Unclassified Support Content
722,0,Issue After Firmware Update
723,0,Issue After Firmware Update
724,0,Issue After Firmware Update
725,23,Email and Account Issues
726,-1,Other or Unclassified Support Content
727,-1,Other or Unclassified Support Content
728,0,Issue After Firmware Update
729,1,App Issue Persists After Troubleshooting
730,8,Charging Problems
731,14,Software Freezing Issues
732,0,Issue After Firmware Update
733,7,Security and Data Safety Concerns
734,-1,Other or Unclassified Support Content
735,8,Charging Problems
736,3,Data Loss and File Recovery
737,-1,Other or Unclassified Support Content
738,0,Issue After Firmware Update
739,-1,Other or Unclassified Support Content
740,2,Account Access and Password Issues
741,6,Wi-Fi Connectivity Issues
742,0,Issue After Firmware Update
743,1,App Issue Persists After Troubleshooting
744,-1,Other or Unclassified Support Content
745,7,Security and Data Safety Concerns
746,0,Issue After Firmware Update
747,-1,Other or Unclassified Support Content
748,1,App Issue Persists After Troubleshooting
749,8,Charging Problems
750,0,Issue After Firmware Update
751,-1,Other or Unclassified Support Content
752,14,Software Freezing Issues
753,5,Unable to Perform Desired Action
754,-1,Other or Unclassified Support Content
755,0,Issue After Firmware Update
756,5,Unable to Perform Desired Action
757,0,Issue After Firmware Update
758,0,Issue After Firmware Update
759,11,Software Bugs and Data Loss
760,6,Wi-Fi Connectivity Issues
761,-1,Other or Unclassified Support Content
762,3,Data Loss and File Recovery
763,-1,Other or Unclassified Support Content
764,5,Unable to Perform Desired Action
765,-1,Other or Unclassified Support Content
766,0,Issue After Firmware Update
767,6,Wi-Fi Connectivity Issues
768,-1,Other or Unclassified Support Content
769,-1,Other or Unclassified Support Content
770,7,Security and Data Safety Concerns
771,7,Security and Data Safety Concerns
772,9,Battery Life Issues
773,0,Issue After Firmware Update
774,-1,Other or Unclassified Support Content
775,0,Issue After Firmware Update
776,-1,Other or Unclassified Support Content
777,14,Software Freezing Issues
778,11,Software Bugs and Data Loss
779,0,Issue After Firmware Update
780,-1,Other or Unclassified Support Content
781,0,Issue After Firmware Update
782,-1,Other or Unclassified Support Content
783,1,App Issue Persists After Troubleshooting
784,21,Refund Issues
785,3,Data Loss and File Recovery
786,6,Wi-Fi Connectivity Issues
787,1,App Issue Persists After Troubleshooting
788,0,Issue After Firmware Update
789,12,Application Crashes and Software Bugs
790,-1,Other or Unclassified Support Content
791,1,App Issue Persists After Troubleshooting
792,0,Issue After Firmware Update
793,0,Issue After Firmware Update
794,-1,Other or Unclassified Support Content
795,6,Wi-Fi Connectivity Issues
796,3,Data Loss and File Recovery
797,6,Wi-Fi Connectivity Issues
798,5,Unable to Perform Desired Action
799,0,Issue After Firmware Update
800,1,App Issue Persists After Troubleshooting
801,1,App Issue Persists After Troubleshooting
802,0,Issue After Firmware Update
803,-1,Other or Unclassified Support Content
804,0,Issue After Firmware Update
805,2,Account Access and Password Issues
806,0,Issue After Firmware Update
807,14,Software Freezing Issues
808,9,Battery Life Issues
809,13,General Hardware Malfunction
810,0,Issue After Firmware Update
811,4,Error Messages and Error Codes
812,0,Issue After Firmware Update
813,2,Account Access and Password Issues
814,-1,Other or Unclassified Support Content
815,-1,Other or Unclassified Support Content
816,4,Error Messages and Error Codes
817,1,App Issue Persists After Troubleshooting
818,11,Software Bugs and Data Loss
819,2,Account Access and Password Issues
820,0,Issue After Firmware Update
821,17,Urgent Issue Affecting Productivity
822,0,Issue After Firmware Update
823,3,Data Loss and File Recovery
824,-1,Other or Unclassified Support Content
825,14,Software Freezing Issues
826,-1,Other or Unclassified Support Content
827,3,Data Loss and File Recovery
828,-1,Other or Unclassified Support Content
829,0,Issue After Firmware Update
830,21,Refund Issues
831,0,Issue After Firmware Update
832,0,Issue After Firmware Update
833,-1,Other or Unclassified Support Content
834,9,Battery Life Issues
835,-1,Other or Unclassified Support Content
836,-1,Other or Unclassified Support Content
837,-1,Other or Unclassified Support Content
838,0,Issue After Firmware Update
839,4,Error Messages and Error Codes
840,17,Urgent Issue Affecting Productivity
841,0,Issue After Firmware Update
842,-1,Other or Unclassified Support Content
843,0,Issue After Firmware Update
844,0,Issue After Firmware Update
845,0,Issue After Firmware Update
846,6,Wi-Fi Connectivity Issues
847,-1,Other or Unclassified Support Content
848,2,Account Access and Password Issues
849,0,Issue After Firmware Update
850,10,Unstable Internet Connection
851,4,Error Messages and Error Codes
852,0,Issue After Firmware Update
853,5,Unable to Perform Desired Action
854,0,Issue After Firmware Update
855,-1,Other or Unclassified Support Content
856,-1,Other or Unclassified Support Content
857,-1,Other or Unclassified Support Content
858,4,Error Messages and Error Codes
859,0,Issue After Firmware Update
860,6,Wi-Fi Connectivity Issues
861,4,Error Messages and Error Codes
862,7,Security and Data Safety Concerns
863,5,Unable to Perform Desired Action
864,-1,Other or Unclassified Support Content
865,0,Issue After Firmware Update
866,13,General Hardware Malfunction
867,-1,Other or Unclassified Support Content
868,0,Issue After Firmware Update
869,6,Wi-Fi Connectivity Issues
870,16,Screen and Display Problems
871,1,App Issue Persists After Troubleshooting
872,0,Issue After Firmware Update
873,-1,Other or Unclassified Support Content
874,1,App Issue Persists After Troubleshooting
875,20,Repair or Replacement Concerns
876,0,Issue After Firmware Update
877,10,Unstable Internet Connection
878,-1,Other or Unclassified Support Content
879,-1,Other or Unclassified Support Content
880,16,Screen and Display Problems
881,17,Urgent Issue Affecting Productivity
882,-1,Other or Unclassified Support Content
883,8,Charging Problems
884,8,Charging Problems
885,0,Issue After Firmware Update
886,4,Error Messages and Error Codes
887,0,Issue After Firmware Update
888,0,Issue After Firmware Update
889,0,Issue After Firmware Update
890,13,General Hardware Malfunction
891,0,Issue After Firmware Update
892,2,Account Access and Password Issues
893,-1,Other or Unclassified Support Content
894,2,Account Access and Password Issues
895,-1,Other or Unclassified Support Content
896,10,Unstable Internet Connection
897,3,Data Loss and File Recovery
898,3,Data Loss and File Recovery
899,1,App Issue Persists After Troubleshooting
900,2,Account Access and Password Issues
901,-1,Other or Unclassified Support Content
902,0,Issue After Firmware Update
903,14,Software Freezing Issues
904,3,Data Loss and File Recovery
905,9,Battery Life Issues
906,2,Account Access and Password Issues
907,2,Account Access and Password Issues
908,-1,Other or Unclassified Support Content
909,0,Issue After Firmware Update
910,19,Urgent Issue Affecting Productivity
911,0,Issue After Firmware Update
912,5,Unable to Perform Desired Action
913,0,Issue After Firmware Update
914,0,Issue After Firmware Update
915,0,Issue After Firmware Update
916,11,Software Bugs and Data Loss
917,-1,Other or Unclassified Support Content
918,2,Account Access and Password Issues
919,4,Error Messages and Error Codes
920,4,Error Messages and Error Codes
921,4,Error Messages and Error Codes
922,1,App Issue Persists After Troubleshooting
923,12,Application Crashes and Software Bugs
924,-1,Other or Unclassified Support Content
925,1,App Issue Persists After Troubleshooting
926,-1,Other or Unclassified Support Content
927,20,Repair or Replacement Concerns
928,-1,Other or Unclassified Support Content
929,8,Charging Problems
930,-1,Other or Unclassified Support Content
931,0,Issue After Firmware Update
932,1,App Issue Persists After Troubleshooting
933,-1,Other or Unclassified Support Content
934,8,Charging Problems
935,-1,Other or Unclassified Support Content
936,-1,Other or Unclassified Support Content
937,3,Data Loss and File Recovery
938,18,Device Not Turning On
939,-1,Other or Unclassified Support Content
940,-1,Other or Unclassified Support Content
941,-1,Other or Unclassified Support Content
942,0,Issue After Firmware Update
943,15,Software Update Availability
944,12,Application Crashes and Software Bugs
945,14,Software Freezing Issues
946,14,Software Freezing Issues
947,-1,Other or Unclassified Support Content
948,1,App Issue Persists After Troubleshooting
949,11,Software Bugs and Data Loss
950,11,Software Bugs and Data Loss
951,0,Issue After Firmware Update
952,4,Error Messages and Error Codes
953,1,App Issue Persists After Troubleshooting
954,-1,Other or Unclassified Support Content
955,9,Battery Life Issues
956,5,Unable to Perform Desired Action
957,-1,Other or Unclassified Support Content
958,0,Issue After Firmware Update
959,10,Unstable Internet Connection
960,0,Issue After Firmware Update
961,1,App Issue Persists After Troubleshooting
962,0,Issue After Firmware Update
963,-1,Other or Unclassified Support Content
964,4,Error Messages and Error Codes
965,0,Issue After Firmware Update
966,0,Issue After Firmware Update
967,8,Charging Problems
968,0,Issue After Firmware Update
969,6,Wi-Fi Connectivity Issues
970,2,Account Access and Password Issues
971,14,Software Freezing Issues
972,-1,Other or Unclassified Support Content
973,5,Unable to Perform Desired Action
974,10,Unstable Internet Connection
975,13,General Hardware Malfunction
976,15,Software Update Availability
977,0,Issue After Firmware Update
978,22,Invoice and Payment Issues
979,13,General Hardware Malfunction
980,19,Urgent Issue Affecting Productivity
981,0,Issue After Firmware Update
982,1,App Issue Persists After Troubleshooting
983,-1,Other or Unclassified Support Content
984,3,Data Loss and File Recovery
985,20,Repair or Replacement Concerns
986,0,Issue After Firmware Update
987,0,Issue After Firmware Update
988,-1,Other or Unclassified Support Content
989,3,Data Loss and File Recovery
990,-1,Other or Unclassified Support Content
991,0,Issue After Firmware Update
992,10,Unstable Internet Connection
993,5,Unable to Perform Desired Action
994,6,Wi-Fi Connectivity Issues
995,-1,Other or Unclassified Support Content
996,9,Battery Life Issues
997,0,Issue After Firmware Update
998,7,Security and Data Safety Concerns
999,12,Application Crashes and Software Bugs
1000,-1,Other or Unclassified Support Content
1001,3,Data Loss and File Recovery
1002,1,App Issue Persists After Troubleshooting
1003,7,Security and Data Safety Concerns
1004,6,Wi-Fi Connectivity Issues
1005,25,Refund and Exchange Requests
1006,5,Unable to Perform Desired Action
1007,0,Issue After Firmware Update
1008,-1,Other or Unclassified Support Content
1009,0,Issue After Firmware Update
1010,18,Device Not Turning On
1011,0,Issue After Firmware Update
1012,15,Software Update Availability
1013,9,Battery Life Issues
1014,3,Data Loss and File Recovery
1015,-1,Other or Unclassified Support Content
1016,-1,Other or Unclassified Support Content
1017,10,Unstable Internet Connection
1018,0,Issue After Firmware Update
1019,5,Unable to Perform Desired Action
1020,13,General Hardware Malfunction
1021,-1,Other or Unclassified Support Content
1022,3,Data Loss and File Recovery
1023,13,General Hardware Malfunction
1024,18,Device Not Turning On
1025,18,Device Not Turning On
1026,13,General Hardware Malfunction
1027,8,Charging Problems
1028,-1,Other or Unclassified Support Content
1029,3,Data Loss and File Recovery
1030,1,App Issue Persists After Troubleshooting
1031,16,Screen and Display Problems
1032,10,Unstable Internet Connection
1033,18,Device Not Turning On
1034,2,Account Access and Password Issues
1035,-1,Other or Unclassified Support Content
1036,0,Issue After Firmware Update
1037,20,Repair or Replacement Concerns
1038,2,Account Access and Password Issues
1039,0,Issue After Firmware Update
1040,11,Software Bugs and Data Loss
1041,3,Data Loss and File Recovery
1042,-1,Other or Unclassified Support Content
1043,-1,Other or Unclassified Support Content
1044,2,Account Access and Password Issues
1045,2,Account Access and Password Issues
1046,8,Charging Problems
1047,13,General Hardware Malfunction
1048,-1,Other or Unclassified Support Content
1049,-1,Other or Unclassified Support Content
1050,21,Refund Issues
1051,23,Email and Account Issues
1052,-1,Other or Unclassified Support Content
1053,10,Unstable Internet Connection
1054,0,Issue After Firmware Update
1055,0,Issue After Firmware Update
1056,5,Unable to Perform Desired Action
1057,-1,Other or Unclassified Support Content
1058,14,Software Freezing Issues
1059,7,Security and Data Safety Concerns
1060,-1,Other or Unclassified Support Content
1061,0,Issue After Firmware Update
1062,0,Issue After Firmware Update
1063,-1,Other or Unclassified Support Content
1064,-1,Other or Unclassified Support Content
1065,0,Issue After Firmware Update
1066,5,Unable to Perform Desired Action
1067,-1,Other or Unclassified Support Content
1068,19,Urgent Issue Affecting Productivity
1069,-1,Other or Unclassified Support Content
1070,-1,Other or Unclassified Support Content
1071,0,Issue After Firmware Update
1072,-1,Other or Unclassified Support Content
1073,7,Security and Data Safety Concerns
1074,0,Issue After Firmware Update
1075,0,Issue After Firmware Update
1076,-1,Other or Unclassified Support Content
1077,1,App Issue Persists After Troubleshooting
1078,3,Data Loss and File Recovery
1079,0,Issue After Firmware Update
1080,0,Issue After Firmware Update
1081,3,Data Loss and File Recovery
1082,-1,Other or Unclassified Support Content
1083,-1,Other or Unclassified Support Content
1084,17,Urgent Issue Affecting Productivity
1085,-1,Other or Unclassified Support Content
1086,13,General Hardware Malfunction
1087,-1,Other or Unclassified Support Content
1088,-1,Other or Unclassified Support Content
1089,0,Issue After Firmware Update
1090,-1,Other or Unclassified Support Content
1091,2,Account Access and Password Issues
1092,4,Error Messages and Error Codes
1093,-1,Other or Unclassified Support Content
1094,-1,Other or Unclassified Support Content
1095,9,Battery Life Issues
1096,1,App Issue Persists After Troubleshooting
1097,25,Refund and Exchange Requests
1098,2,Account Access and Password Issues
1099,4,Error Messages and Error Codes
1100,-1,Other or Unclassified Support Content
1101,-1,Other or Unclassified Support Content
1102,7,Security and Data Safety Concerns
1103,-1,Other or Unclassified Support Content
1104,1,App Issue Persists After Troubleshooting
1105,6,Wi-Fi Connectivity Issues
1106,0,Issue After Firmware Update
1107,26,Other Support Content
1108,0,Issue After Firmware Update
1109,0,Issue After Firmware Update
1110,-1,Other or Unclassified Support Content
1111,0,Issue After Firmware Update
1112,3,Data Loss and File Recovery
1113,6,Wi-Fi Connectivity Issues
1114,5,Unable to Perform Desired Action
1115,18,Device Not Turning On
1116,0,Issue After Firmware Update
1117,19,Urgent Issue Affecting Productivity
1118,-1,Other or Unclassified Support Content
1119,0,Issue After Firmware Update
1120,-1,Other or Unclassified Support Content
1121,17,Urgent Issue Affecting Productivity
1122,-1,Other or Unclassified Support Content
1123,-1,Other or Unclassified Support Content
1124,0,Issue After Firmware Update
1125,0,Issue After Firmware Update
1126,0,Issue After Firmware Update
1127,1,App Issue Persists After Troubleshooting
1128,6,Wi-Fi Connectivity Issues
1129,-1,Other or Unclassified Support Content
1130,5,Unable to Perform Desired Action
1131,9,Battery Life Issues
1132,0,Issue After Firmware Update
1133,-1,Other or Unclassified Support Content
1134,1,App Issue Persists After Troubleshooting
1135,8,Charging Problems
1136,21,Refund Issues
1137,0,Issue After Firmware Update
1138,9,Battery Life Issues
1139,4,Error Messages and Error Codes
1140,7,Security and Data Safety Concerns
1141,0,Issue After Firmware Update
1142,0,Issue After Firmware Update
1143,14,Software Freezing Issues
1144,-1,Other or Unclassified Support Content
1145,0,Issue After Firmware Update
1146,7,Security and Data Safety Concerns
1147,0,Issue After Firmware Update
1148,0,Issue After Firmware Update
1149,4,Error Messages and Error Codes
1150,13,General Hardware Malfunction
1151,4,Error Messages and Error Codes
1152,0,Issue After Firmware Update
1153,15,Software Update Availability
1154,8,Charging Problems
1155,1,App Issue Persists After Troubleshooting
1156,0,Issue After Firmware Update
1157,18,Device Not Turning On
1158,12,Application Crashes and Software Bugs
1159,0,Issue After Firmware Update
1160,0,Issue After Firmware Update
1161,9,Battery Life Issues
1162,8,Charging Problems
1163,0,Issue After Firmware Update
1164,6,Wi-Fi Connectivity Issues
1165,1,App Issue Persists After Troubleshooting
1166,10,Unstable Internet Connection
1167,5,Unable to Perform Desired Action
1168,-1,Other or Unclassified Support Content
1169,-1,Other or Unclassified Support Content
1170,1,App Issue Persists After Troubleshooting
1171,-1,Other or Unclassified Support Content
1172,5,Unable to Perform Desired Action
1173,19,Urgent Issue Affecting Productivity
1174,4,Error Messages and Error Codes
1175,14,Software Freezing Issues
1176,-1,Other or Unclassified Support Content
1177,12,Application Crashes and Software Bugs
1178,-1,Other or Unclassified Support Content
1179,-1,Other or Unclassified Support Content
1180,0,Issue After Firmware Update
1181,1,App Issue Persists After Troubleshooting
1182,0,Issue After Firmware Update
1183,0,Issue After Firmware Update
1184,18,Device Not Turning On
1185,0,Issue After Firmware Update
1186,3,Data Loss and File Recovery
1187,5,Unable to Perform Desired Action
1188,1,App Issue Persists After Troubleshooting
1189,2,Account Access and Password Issues
1190,0,Issue After Firmware Update
1191,-1,Other or Unclassified Support Content
1192,2,Account Access and Password Issues
1193,15,Software Update Availability
1194,4,Error Messages and Error Codes
1195,9,Battery Life Issues
1196,0,Issue After Firmware Update
1197,-1,Other or Unclassified Support Content
1198,-1,Other or Unclassified Support Content
1199,9,Battery Life Issues
1200,1,App Issue Persists After Troubleshooting
1201,3,Data Loss and File Recovery
1202,0,Issue After Firmware Update
1203,7,Security and Data Safety Concerns
1204,0,Issue After Firmware Update
1205,12,Application Crashes and Software Bugs
1206,2,Account Access and Password Issues
1207,-1,Other or Unclassified Support Content
1208,25,Refund and Exchange Requests
1209,3,Data Loss and File Recovery
1210,0,Issue After Firmware Update
1211,4,Error Messages and Error Codes
1212,20,Repair or Replacement Concerns
1213,5,Unable to Perform Desired Action
1214,0,Issue After Firmware Update
1215,-1,Other or Unclassified Support Content
1216,0,Issue After Firmware Update
1217,0,Issue After Firmware Update
1218,20,Repair or Replacement Concerns
1219,0,Issue After Firmware Update
1220,-1,Other or Unclassified Support Content
1221,13,General Hardware Malfunction
1222,26,Other Support Content
1223,0,Issue After Firmware Update
1224,5,Unable to Perform Desired Action
1225,0,Issue After Firmware Update
1226,-1,Other or Unclassified Support Content
1227,0,Issue After Firmware Update
1228,22,Invoice and Payment Issues
1229,-1,Other or Unclassified Support Content
1230,18,Device Not Turning On
1231,16,Screen and Display Problems
1232,0,Issue After Firmware Update
1233,-1,Other or Unclassified Support Content
1234,15,Software Update Availability
1235,0,Issue After Firmware Update
1236,0,Issue After Firmware Update
1237,4,Error Messages and Error Codes
1238,9,Battery Life Issues
1239,8,Charging Problems
1240,13,General Hardware Malfunction
1241,-1,Other or Unclassified Support Content
1242,0,Issue After Firmware Update
1243,0,Issue After Firmware Update
1244,7,Security and Data Safety Concerns
1245,-1,Other or Unclassified Support Content
1246,0,Issue After Firmware Update
1247,-1,Other or Unclassified Support Content
1248,10,Unstable Internet Connection
1249,22,Invoice and Payment Issues
1250,-1,Other or Unclassified Support Content
1251,2,Account Access and Password Issues
1252,17,Urgent Issue Affecting Productivity
1253,11,Software Bugs and Data Loss
1254,6,Wi-Fi Connectivity Issues
1255,1,App Issue Persists After Troubleshooting
1256,0,Issue After Firmware Update
1257,-1,Other or Unclassified Support Content
1258,13,General Hardware Malfunction
1259,4,Error Messages and Error Codes
1260,3,Data Loss and File Recovery
1261,1,App Issue Persists After Troubleshooting
1262,-1,Other or Unclassified Support Content
1263,0,Issue After Firmware Update
1264,-1,Other or Unclassified Support Content
1265,2,Account Access and Password Issues
1266,-1,Other or Unclassified Support Content
1267,0,Issue After Firmware Update
1268,0,Issue After Firmware Update
1269,20,Repair or Replacement Concerns
1270,0,Issue After Firmware Update
1271,12,Application Crashes and Software Bugs
1272,-1,Other or Unclassified Support Content
1273,2,Account Access and Password Issues
1274,-1,Other or Unclassified Support Content
1275,3,Data Loss and File Recovery
1276,-1,Other or Unclassified Support Content
1277,22,Invoice and Payment Issues
1278,20,Repair or Replacement Concerns
1279,15,Software Update Availability
1280,-1,Other or Unclassified Support Content
1281,4,Error Messages and Error Codes
1282,7,Security and Data Safety Concerns
1283,9,Battery Life Issues
1284,-1,Other or Unclassified Support Content
1285,-1,Other or Unclassified Support Content
1286,2,Account Access and Password Issues
1287,1,App Issue Persists After Troubleshooting
1288,1,App Issue Persists After Troubleshooting
1289,20,Repair or Replacement Concerns
1290,8,Charging Problems
1291,1,App Issue Persists After Troubleshooting
1292,6,Wi-Fi Connectivity Issues
1293,16,Screen and Display Problems
1294,10,Unstable Internet Connection
1295,28,Other Support Content
1296,18,Device Not Turning On
1297,4,Error Messages and Error Codes
1298,5,Unable to Perform Desired Action
1299,17,Urgent Issue Affecting Productivity
1300,-1,Other or Unclassified Support Content
1301,11,Software Bugs and Data Loss
1302,0,Issue After Firmware Update
1303,-1,Other or Unclassified Support Content
1304,6,Wi-Fi Connectivity Issues
1305,-1,Other or Unclassified Support Content
1306,-1,Other or Unclassified Support Content
1307,9,Battery Life Issues
1308,-1,Other or Unclassified Support Content
1309,17,Urgent Issue Affecting Productivity
1310,-1,Other or Unclassified Support Content
1311,0,Issue After Firmware Update
1312,-1,Other or Unclassified Support Content
1313,0,Issue After Firmware Update
1314,13,General Hardware Malfunction
1315,0,Issue After Firmware Update
1316,-1,Other or Unclassified Support Content
1317,4,Error Messages and Error Codes
1318,-1,Other or Unclassified Support Content
1319,1,App Issue Persists After Troubleshooting
1320,0,Issue After Firmware Update
1321,17,Urgent Issue Affecting Productivity
1322,17,Urgent Issue Affecting Productivity
1323,5,Unable to Perform Desired Action
1324,-1,Other or Unclassified Support Content
1325,4,Error Messages and Error Codes
1326,3,Data Loss and File Recovery
1327,-1,Other or Unclassified Support Content
1328,0,Issue After Firmware Update
1329,20,Repair or Replacement Concerns
1330,0,Issue After Firmware Update
1331,3,Data Loss and File Recovery
1332,1,App Issue Persists After Troubleshooting
1333,5,Unable to Perform Desired Action
1334,-1,Other or Unclassified Support Content
1335,0,Issue After Firmware Update
1336,0,Issue After Firmware Update
1337,7,Security and Data Safety Concerns
1338,0,Issue After Firmware Update
1339,17,Urgent Issue Affecting Productivity
1340,0,Issue After Firmware Update
1341,3,Data Loss and File Recovery
1342,8,Charging Problems
1343,10,Unstable Internet Connection
1344,-1,Other or Unclassified Support Content
1345,2,Account Access and Password Issues
1346,-1,Other or Unclassified Support Content
1347,24,Other Support Content
1348,0,Issue After Firmware Update
1349,11,Software Bugs and Data Loss
1350,-1,Other or Unclassified Support Content
1351,-1,Other or Unclassified Support Content
1352,5,Unable to Perform Desired Action
1353,6,Wi-Fi Connectivity Issues
1354,0,Issue After Firmware Update
1355,2,Account Access and Password Issues
1356,5,Unable to Perform Desired Action
1357,-1,Other or Unclassified Support Content
1358,1,App Issue Persists After Troubleshooting
1359,0,Issue After Firmware Update
1360,0,Issue After Firmware Update
1361,17,Urgent Issue Affecting Productivity
1362,-1,Other or Unclassified Support Content
1363,-1,Other or Unclassified Support Content
1364,-1,Other or Unclassified Support Content
1365,0,Issue After Firmware Update
1366,5,Unable to Perform Desired Action
1367,22,Invoice and Payment Issues
1368,0,Issue After Firmware Update
1369,6,Wi-Fi Connectivity Issues
1370,5,Unable to Perform Desired Action
1371,-1,Other or Unclassified Support Content
1372,-1,Other or Unclassified Support Content
1373,-1,Other or Unclassified Support Content
1374,17,Urgent Issue Affecting Productivity
1375,4,Error Messages and Error Codes
1376,21,Refund Issues
1377,9,Battery Life Issues
1378,3,Data Loss and File Recovery
1379,0,Issue After Firmware Update
1380,-1,Other or Unclassified Support Content
1381,7,Security and Data Safety Concerns
1382,7,Security and Data Safety Concerns
1383,17,Urgent Issue Affecting Productivity
1384,5,Unable to Perform Desired Action
1385,-1,Other or Unclassified Support Content
1386,0,Issue After Firmware Update
1387,16,Screen and Display Problems
1388,5,Unable to Perform Desired Action
1389,10,Unstable Internet Connection
1390,7,Security and Data Safety Concerns
1391,-1,Other or Unclassified Support Content
1392,7,Security and Data Safety Concerns
1393,4,Error Messages and Error Codes
1394,0,Issue After Firmware Update
1395,-1,Other or Unclassified Support Content
1396,0,Issue After Firmware Update
1397,9,Battery Life Issues
1398,7,Security and Data Safety Concerns
1399,-1,Other or Unclassified Support Content
1400,-1,Other or Unclassified Support Content
1401,0,Issue After Firmware Update
1402,11,Software Bugs and Data Loss
1403,5,Unable to Perform Desired Action
1404,-1,Other or Unclassified Support Content
1405,9,Battery Life Issues
1406,6,Wi-Fi Connectivity Issues
1407,1,App Issue Persists After Troubleshooting
1408,4,Error Messages and Error Codes
1409,0,Issue After Firmware Update
1410,0,Issue After Firmware Update
1411,11,Software Bugs and Data Loss
1412,0,Issue After Firmware Update
1413,-1,Other or Unclassified Support Content
1414,15,Software Update Availability
1415,-1,Other or Unclassified Support Content
1416,-1,Other or Unclassified Support Content
1417,0,Issue After Firmware Update
1418,21,Refund Issues
1419,14,Software Freezing Issues
1420,20,Repair or Replacement Concerns
1421,-1,Other or Unclassified Support Content
1422,21,Refund Issues
1423,2,Account Access and Password Issues
1424,15,Software Update Availability
1425,0,Issue After Firmware Update
1426,1,App Issue Persists After Troubleshooting
1427,7,Security and Data Safety Concerns
1428,4,Error Messages and Error Codes
1429,-1,Other or Unclassified Support Content
1430,16,Screen and Display Problems
1431,2,Account Access and Password Issues
1432,0,Issue After Firmware Update
1433,0,Issue After Firmware Update
1434,2,Account Access and Password Issues
1435,-1,Other or Unclassified Support Content
1436,0,Issue After Firmware Update
1437,0,Issue After Firmware Update
1438,1,App Issue Persists After Troubleshooting
1439,-1,Other or Unclassified Support Content
1440,21,Refund Issues
1441,10,Unstable Internet Connection
1442,2,Account Access and Password Issues
1443,0,Issue After Firmware Update
1444,19,Urgent Issue Affecting Productivity
1445,-1,Other or Unclassified Support Content
1446,5,Unable to Perform Desired Action
1447,3,Data Loss and File Recovery
1448,6,Wi-Fi Connectivity Issues
1449,-1,Other or Unclassified Support Content
1450,-1,Other or Unclassified Support Content
1451,-1,Other or Unclassified Support Content
1452,-1,Other or Unclassified Support Content
1453,12,Application Crashes and Software Bugs
1454,-1,Other or Unclassified Support Content
1455,0,Issue After Firmware Update
1456,0,Issue After Firmware Update
1457,0,Issue After Firmware Update
1458,12,Application Crashes and Software Bugs
1459,0,Issue After Firmware Update
1460,0,Issue After Firmware Update
1461,3,Data Loss and File Recovery
1462,-1,Other or Unclassified Support Content
1463,14,Software Freezing Issues
1464,7,Security and Data Safety Concerns
1465,0,Issue After Firmware Update
1466,1,App Issue Persists After Troubleshooting
1467,21,Refund Issues
1468,3,Data Loss and File Recovery
1469,-1,Other or Unclassified Support Content
1470,9,Battery Life Issues
1471,-1,Other or Unclassified Support Content
1472,18,Device Not Turning On
1473,-1,Other or Unclassified Support Content
1474,11,Software Bugs and Data Loss
1475,21,Refund Issues
1476,20,Repair or Replacement Concerns
1477,0,Issue After Firmware Update
1478,2,Account Access and Password Issues
1479,3,Data Loss and File Recovery
1480,2,Account Access and Password Issues
1481,-1,Other or Unclassified Support Content
1482,3,Data Loss and File Recovery
1483,0,Issue After Firmware Update
1484,7,Security and Data Safety Concerns
1485,0,Issue After Firmware Update
1486,11,Software Bugs and Data Loss
1487,-1,Other or Unclassified Support Content
1488,0,Issue After Firmware Update
1489,27,Other Support Content
1490,1,App Issue Persists After Troubleshooting
1491,4,Error Messages and Error Codes
1492,-1,Other or Unclassified Support Content
1493,6,Wi-Fi Connectivity Issues
1494,0,Issue After Firmware Update
1495,6,Wi-Fi Connectivity Issues
1496,0,Issue After Firmware Update
1497,-1,Other or Unclassified Support Content
1498,1,App Issue Persists After Troubleshooting
1499,10,Unstable Internet Connection
1500,0,Issue After Firmware Update
1501,-1,Other or Unclassified Support Content
1502,14,Software Freezing Issues
1503,0,Issue After Firmware Update
1504,-1,Other or Unclassified Support Content
1505,16,Screen and Display Problems
1506,0,Issue After Firmware Update
1507,0,Issue After Firmware Update
1508,18,Device Not Turning On
1509,8,Charging Problems
1510,-1,Other or Unclassified Support Content
1511,-1,Other or Unclassified Support Content
1512,13,General Hardware Malfunction
1513,2,Account Access and Password Issues
1514,18,Device Not Turning On
1515,-1,Other or Unclassified Support Content
1516,0,Issue After Firmware Update
1517,1,App Issue Persists After Troubleshooting
1518,9,Battery Life Issues
1519,13,General Hardware Malfunction
1520,19,Urgent Issue Affecting Productivity
1521,0,Issue After Firmware Update
1522,0,Issue After Firmware Update
1523,1,App Issue Persists After Troubleshooting
1524,0,Issue After Firmware Update
1525,14,Software Freezing Issues
1526,-1,Other or Unclassified Support Content
1527,-1,Other or Unclassified Support Content
1528,0,Issue After Firmware Update
1529,18,Device Not Turning On
1530,-1,Other or Unclassified Support Content
1531,-1,Other or Unclassified Support Content
1532,0,Issue After Firmware Update
1533,-1,Other or Unclassified Support Content
1534,8,Charging Problems
1535,-1,Other or Unclassified Support Content
1536,3,Data Loss and File Recovery
1537,4,Error Messages and Error Codes
1538,13,General Hardware Malfunction
1539,2,Account Access and Password Issues
1540,15,Software Update Availability
1541,17,Urgent Issue Affecting Productivity
1542,22,Invoice and Payment Issues
1543,2,Account Access and Password Issues
1544,3,Data Loss and File Recovery
1545,8,Charging Problems
1546,-1,Other or Unclassified Support Content
1547,-1,Other or Unclassified Support Content
1548,3,Data Loss and File Recovery
1549,5,Unable to Perform Desired Action
1550,-1,Other or Unclassified Support Content
1551,17,Urgent Issue Affecting Productivity
1552,1,App Issue Persists After Troubleshooting
1553,16,Screen and Display Problems
1554,12,Application Crashes and Software Bugs
1555,7,Security and Data Safety Concerns
1556,0,Issue After Firmware Update
1557,-1,Other or Unclassified Support Content
1558,0,Issue After Firmware Update
1559,-1,Other or Unclassified Support Content
1560,8,Charging Problems
1561,9,Battery Life Issues
1562,4,Error Messages and Error Codes
1563,-1,Other or Unclassified Support Content
1564,2,Account Access and Password Issues
1565,-1,Other or Unclassified Support Content
1566,0,Issue After Firmware Update
1567,-1,Other or Unclassified Support Content
1568,0,Issue After Firmware Update
1569,0,Issue After Firmware Update
1570,21,Refund Issues
1571,17,Urgent Issue Affecting Productivity
1572,-1,Other or Unclassified Support Content
1573,0,Issue After Firmware Update
1574,0,Issue After Firmware Update
1575,0,Issue After Firmware Update
1576,-1,Other or Unclassified Support Content
1577,-1,Other or Unclassified Support Content
1578,6,Wi-Fi Connectivity Issues
1579,0,Issue After Firmware Update
1580,15,Software Update Availability
1581,2,Account Access and Password Issues
1582,-1,Other or Unclassified Support Content
1583,4,Error Messages and Error Codes
1584,4,Error Messages and Error Codes
1585,13,General Hardware Malfunction
1586,19,Urgent Issue Affecting Productivity
1587,20,Repair or Replacement Concerns
1588,1,App Issue Persists After Troubleshooting
1589,9,Battery Life Issues
1590,0,Issue After Firmware Update
1591,-1,Other or Unclassified Support Content
1592,14,Software Freezing Issues
1593,6,Wi-Fi Connectivity Issues
1594,0,Issue After Firmware Update
1595,0,Issue After Firmware Update
1596,4,Error Messages and Error Codes
1597,12,Application Crashes and Software Bugs
1598,8,Charging Problems
1599,19,Urgent Issue Affecting Productivity
1600,0,Issue After Firmware Update
1601,-1,Other or Unclassified Support Content
1602,0,Issue After Firmware Update
1603,5,Unable to Perform Desired Action
1604,23,Email and Account Issues
1605,3,Data Loss and File Recovery
1606,20,Repair or Replacement Concerns
1607,-1,Other or Unclassified Support Content
1608,12,Application Crashes and Software Bugs
1609,0,Issue After Firmware Update
1610,19,Urgent Issue Affecting Productivity
1611,0,Issue After Firmware Update
1612,1,App Issue Persists After Troubleshooting
1613,-1,Other or Unclassified Support Content
1614,-1,Other or Unclassified Support Content
1615,11,Software Bugs and Data Loss
1616,4,Error Messages and Error Codes
1617,0,Issue After Firmware Update
1618,0,Issue After Firmware Update
1619,-1,Other or Unclassified Support Content
1620,-1,Other or Unclassified Support Content
1621,-1,Other or Unclassified Support Content
1622,0,Issue After Firmware Update
1623,-1,Other or Unclassified Support Content
1624,4,Error Messages and Error Codes
1625,-1,Other or Unclassified Support Content
1626,-1,Other or Unclassified Support Content
1627,0,Issue After Firmware Update
1628,21,Refund Issues
1629,1,App Issue Persists After Troubleshooting
1630,15,Software Update Availability
1631,3,Data Loss and File Recovery
1632,-1,Other or Unclassified Support Content
1633,0,Issue After Firmware Update
1634,20,Repair or Replacement Concerns
1635,0,Issue After Firmware Update
1636,4,Error Messages and Error Codes
1637,-1,Other or Unclassified Support Content
1638,0,Issue After Firmware Update
1639,3,Data Loss and File Recovery
1640,-1,Other or Unclassified Support Content
1641,-1,Other or Unclassified Support Content
1642,0,Issue After Firmware Update
1643,7,Security and Data Safety Concerns
1644,-1,Other or Unclassified Support Content
1645,16,Screen and Display Problems
1646,7,Security and Data Safety Concerns
1647,16,Screen and Display Problems
1648,-1,Other or Unclassified Support Content
1649,13,General Hardware Malfunction
1650,15,Software Update Availability
1651,18,Device Not Turning On
1652,0,Issue After Firmware Update
1653,14,Software Freezing Issues
1654,9,Battery Life Issues
1655,15,Software Update Availability
1656,0,Issue After Firmware Update
1657,0,Issue After Firmware Update
1658,-1,Other or Unclassified Support Content
1659,0,Issue After Firmware Update
1660,0,Issue After Firmware Update
1661,2,Account Access and Password Issues
1662,-1,Other or Unclassified Support Content
1663,10,Unstable Internet Connection
1664,-1,Other or Unclassified Support Content
1665,6,Wi-Fi Connectivity Issues
1666,11,Software Bugs and Data Loss
1667,-1,Other or Unclassified Support Content
1668,-1,Other or Unclassified Support Content
1669,3,Data Loss and File Recovery
1670,0,Issue After Firmware Update
1671,0,Issue After Firmware Update
1672,15,Software Update Availability
1673,-1,Other or Unclassified Support Content
1674,22,Invoice and Payment Issues
1675,0,Issue After Firmware Update
1676,10,Unstable Internet Connection
1677,3,Data Loss and File Recovery
1678,0,Issue After Firmware Update
1679,12,Application Crashes and Software Bugs
1680,-1,Other or Unclassified Support Content
1681,12,Application Crashes and Software Bugs
1682,-1,Other or Unclassified Support Content
1683,0,Issue After Firmware Update
1684,20,Repair or Replacement Concerns
1685,20,Repair or Replacement Concerns
1686,8,Charging Problems
1687,0,Issue After Firmware Update
1688,13,General Hardware Malfunction
1689,18,Device Not Turning On
1690,0,Issue After Firmware Update
1691,-1,Other or Unclassified Support Content
1692,-1,Other or Unclassified Support Content
1693,2,Account Access and Password Issues
1694,1,App Issue Persists After Troubleshooting
1695,-1,Other or Unclassified Support Content
1696,-1,Other or Unclassified Support Content
1697,1,App Issue Persists After Troubleshooting
1698,13,General Hardware Malfunction
1699,16,Screen and Display Problems
1700,-1,Other or Unclassified Support Content
1701,-1,Other or Unclassified Support Content
1702,1,App Issue Persists After Troubleshooting
1703,-1,Other or Unclassified Support Content
1704,0,Issue After Firmware Update
1705,19,Urgent Issue Affecting Productivity
1706,6,Wi-Fi Connectivity Issues
1707,1,App Issue Persists After Troubleshooting
1708,8,Charging Problems
1709,5,Unable to Perform Desired Action
1710,0,Issue After Firmware Update
1711,19,Urgent Issue Affecting Productivity
1712,-1,Other or Unclassified Support Content
1713,13,General Hardware Malfunction
1714,12,Application Crashes and Software Bugs
1715,1,App Issue Persists After Troubleshooting
1716,1,App Issue Persists After Troubleshooting
1717,8,Charging Problems
1718,1,App Issue Persists After Troubleshooting
1719,18,Device Not Turning On
1720,5,Unable to Perform Desired Action
1721,9,Battery Life Issues
1722,8,Charging Problems
1723,2,Account Access and Password Issues
1724,11,Software Bugs and Data Loss
1725,-1,Other or Unclassified Support Content
1726,-1,Other or Unclassified Support Content
1727,9,Battery Life Issues
1728,0,Issue After Firmware Update
1729,7,Security and Data Safety Concerns
1730,6,Wi-Fi Connectivity Issues
1731,2,Account Access and Password Issues
1732,-1,Other or Unclassified Support Content
1733,-1,Other or Unclassified Support Content
1734,4,Error Messages and Error Codes
1735,8,Charging Problems
1736,0,Issue After Firmware Update
1737,1,App Issue Persists After Troubleshooting
1738,16,Screen and Display Problems
1739,20,Repair or Replacement Concerns
1740,-1,Other or Unclassified Support Content
1741,2,Account Access and Password Issues
1742,0,Issue After Firmware Update
1743,4,Error Messages and Error Codes
1744,18,Device Not Turning On
1745,0,Issue After Firmware Update
1746,21,Refund Issues
1747,24,Other Support Content
1748,18,Device Not Turning On
1749,17,Urgent Issue Affecting Productivity
1750,5,Unable to Perform Desired Action
1751,0,Issue After Firmware Update
1752,2,Account Access and Password Issues
1753,-1,Other or Unclassified Support Content
1754,6,Wi-Fi Connectivity Issues
1755,3,Data Loss and File Recovery
1756,4,Error Messages and Error Codes
1757,18,Device Not Turning On
1758,-1,Other or Unclassified Support Content
1759,2,Account Access and Password Issues
1760,0,Issue After Firmware Update
1761,4,Error Messages and Error Codes
1762,1,App Issue Persists After Troubleshooting
1763,-1,Other or Unclassified Support Content
1764,0,Issue After Firmware Update
1765,3,Data Loss and File Recovery
1766,-1,Other or Unclassified Support Content
1767,-1,Other or Unclassified Support Content
1768,10,Unstable Internet Connection
1769,0,Issue After Firmware Update
1770,0,Issue After Firmware Update
1771,12,Application Crashes and Software Bugs
1772,-1,Other or Unclassified Support Content
1773,-1,Other or Unclassified Support Content
1774,-1,Other or Unclassified Support Content
1775,10,Unstable Internet Connection
1776,0,Issue After Firmware Update
1777,0,Issue After Firmware Update
1778,-1,Other or Unclassified Support Content
1779,19,Urgent Issue Affecting Productivity
1780,9,Battery Life Issues
1781,0,Issue After Firmware Update
1782,11,Software Bugs and Data Loss
1783,2,Account Access and Password Issues
1784,0,Issue After Firmware Update
1785,0,Issue After Firmware Update
1786,13,General Hardware Malfunction
1787,5,Unable to Perform Desired Action
1788,-1,Other or Unclassified Support Content
1789,12,Application Crashes and Software Bugs
1790,-1,Other or Unclassified Support Content
1791,0,Issue After Firmware Update
1792,12,Application Crashes and Software Bugs
1793,0,Issue After Firmware Update
1794,11,Software Bugs and Data Loss
1795,10,Unstable Internet Connection
1796,4,Error Messages and Error Codes
1797,8,Charging Problems
1798,-1,Other or Unclassified Support Content
1799,0,Issue After Firmware Update
1800,6,Wi-Fi Connectivity Issues
1801,0,Issue After Firmware Update
1802,-1,Other or Unclassified Support Content
1803,0,Issue After Firmware Update
1804,3,Data Loss and File Recovery
1805,2,Account Access and Password Issues
1806,0,Issue After Firmware Update
1807,-1,Other or Unclassified Support Content
1808,8,Charging Problems
1809,22,Invoice and Payment Issues
1810,-1,Other or Unclassified Support Content
1811,2,Account Access and Password Issues
1812,-1,Other or Unclassified Support Content
1813,0,Issue After Firmware Update
1814,10,Unstable Internet Connection
1815,-1,Other or Unclassified Support Content
1816,3,Data Loss and File Recovery
1817,19,Urgent Issue Affecting Productivity
1818,-1,Other or Unclassified Support Content
1819,14,Software Freezing Issues
1820,0,Issue After Firmware Update
1821,-1,Other or Unclassified Support Content
1822,1,App Issue Persists After Troubleshooting
1823,7,Security and Data Safety Concerns
1824,14,Software Freezing Issues
1825,0,Issue After Firmware Update
1826,0,Issue After Firmware Update
1827,0,Issue After Firmware Update
1828,-1,Other or Unclassified Support Content
1829,-1,Other or Unclassified Support Content
1830,-1,Other or Unclassified Support Content
1831,5,Unable to Perform Desired Action
1832,10,Unstable Internet Connection
1833,0,Issue After Firmware Update
1834,-1,Other or Unclassified Support Content
1835,9,Battery Life Issues
1836,12,Application Crashes and Software Bugs
1837,3,Data Loss and File Recovery
1838,-1,Other or Unclassified Support Content
1839,-1,Other or Unclassified Support Content
1840,-1,Other or Unclassified Support Content
1841,3,Data Loss and File Recovery
1842,1,App Issue Persists After Troubleshooting
1843,3,Data Loss and File Recovery
1844,17,Urgent Issue Affecting Productivity
1845,0,Issue After Firmware Update
1846,-1,Other or Unclassified Support Content
1847,-1,Other or Unclassified Support Content
1848,0,Issue After Firmware Update
1849,-1,Other or Unclassified Support Content
1850,5,Unable to Perform Desired Action
1851,6,Wi-Fi Connectivity Issues
1852,0,Issue After Firmware Update
1853,4,Error Messages and Error Codes
1854,10,Unstable Internet Connection
1855,-1,Other or Unclassified Support Content
1856,-1,Other or Unclassified Support Content
1857,14,Software Freezing Issues
1858,-1,Other or Unclassified Support Content
1859,3,Data Loss and File Recovery
1860,0,Issue After Firmware Update
1861,4,Error Messages and Error Codes
1862,14,Software Freezing Issues
1863,17,Urgent Issue Affecting Productivity
1864,-1,Other or Unclassified Support Content
1865,19,Urgent Issue Affecting Productivity
1866,2,Account Access and Password Issues
1867,-1,Other or Unclassified Support Content
1868,18,Device Not Turning On
1869,0,Issue After Firmware Update
1870,8,Charging Problems
1871,-1,Other or Unclassified Support Content
1872,0,Issue After Firmware Update
1873,27,Other Support Content
1874,9,Battery Life Issues
1875,-1,Other or Unclassified Support Content
1876,4,Error Messages and Error Codes
1877,-1,Other or Unclassified Support Content
1878,-1,Other or Unclassified Support Content
1879,2,Account Access and Password Issues
1880,-1,Other or Unclassified Support Content
1881,1,App Issue Persists After Troubleshooting
1882,4,Error Messages and Error Codes
1883,5,Unable to Perform Desired Action
1884,19,Urgent Issue Affecting Productivity
1885,3,Data Loss and File Recovery
1886,21,Refund Issues
1887,15,Software Update Availability
1888,-1,Other or Unclassified Support Content
1889,7,Security and Data Safety Concerns
1890,0,Issue After Firmware Update
1891,0,Issue After Firmware Update
1892,0,Issue After Firmware Update
1893,-1,Other or Unclassified Support Content
1894,-1,Other or Unclassified Support Content
1895,-1,Other or Unclassified Support Content
1896,8,Charging Problems
1897,1,App Issue Persists After Troubleshooting
1898,3,Data Loss and File Recovery
1899,21,Refund Issues
1900,-1,Other or Unclassified Support Content
1901,8,Charging Problems
1902,-1,Other or Unclassified Support Content
1903,0,Issue After Firmware Update
1904,3,Data Loss and File Recovery
1905,13,General Hardware Malfunction
1906,5,Unable to Perform Desired Action
1907,0,Issue After Firmware Update
1908,-1,Other or Unclassified Support Content
1909,13,General Hardware Malfunction
1910,0,Issue After Firmware Update
1911,-1,Other or Unclassified Support Content
1912,20,Repair or Replacement Concerns
1913,17,Urgent Issue Affecting Productivity
1914,0,Issue After Firmware Update
1915,-1,Other or Unclassified Support Content
1916,17,Urgent Issue Affecting Productivity
1917,20,Repair or Replacement Concerns
1918,18,Device Not Turning On
1919,10,Unstable Internet Connection
1920,9,Battery Life Issues
1921,0,Issue After Firmware Update
1922,-1,Other or Unclassified Support Content
1923,8,Charging Problems
1924,-1,Other or Unclassified Support Content
1925,-1,Other or Unclassified Support Content
1926,-1,Other or Unclassified Support Content
1927,28,Other Support Content
1928,-1,Other or Unclassified Support Content
1929,16,Screen and Display Problems
1930,2,Account Access and Password Issues
1931,7,Security and Data Safety Concerns
1932,0,Issue After Firmware Update
1933,8,Charging Problems
1934,3,Data Loss and File Recovery
1935,1,App Issue Persists After Troubleshooting
1936,7,Security and Data Safety Concerns
1937,4,Error Messages and Error Codes
1938,0,Issue After Firmware Update
1939,0,Issue After Firmware Update
1940,18,Device Not Turning On
1941,0,Issue After Firmware Update
1942,15,Software Update Availability
1943,0,Issue After Firmware Update
1944,18,Device Not Turning On
1945,1,App Issue Persists After Troubleshooting
1946,10,Unstable Internet Connection
1947,19,Urgent Issue Affecting Productivity
1948,0,Issue After Firmware Update
1949,-1,Other or Unclassified Support Content
1950,25,Refund and Exchange Requests
1951,9,Battery Life Issues
1952,3,Data Loss and File Recovery
1953,12,Application Crashes and Software Bugs
1954,11,Software Bugs and Data Loss
1955,4,Error Messages and Error Codes
1956,4,Error Messages and Error Codes
1957,11,Software Bugs and Data Loss
1958,2,Account Access and Password Issues
1959,0,Issue After Firmware Update
1960,-1,Other or Unclassified Support Content
1961,-1,Other or Unclassified Support Content
1962,0,Issue After Firmware Update
1963,1,App Issue Persists After Troubleshooting
1964,-1,Other or Unclassified Support Content
1965,-1,Other or Unclassified Support Content
1966,8,Charging Problems
1967,6,Wi-Fi Connectivity Issues
1968,-1,Other or Unclassified Support Content
1969,-1,Other or Unclassified Support Content
1970,10,Unstable Internet Connection
1971,8,Charging Problems
1972,-1,Other or Unclassified Support Content
1973,0,Issue After Firmware Update
1974,1,App Issue Persists After Troubleshooting
1975,-1,Other or Unclassified Support Content
1976,5,Unable to Perform Desired Action
1977,0,Issue After Firmware Update
1978,8,Charging Problems
1979,4,Error Messages and Error Codes
1980,-1,Other or Unclassified Support Content
1981,3,Data Loss and File Recovery
1982,10,Unstable Internet Connection
1983,-1,Other or Unclassified Support Content
1984,7,Security and Data Safety Concerns
1985,0,Issue After Firmware Update
1986,16,Screen and Display Problems
1987,12,Application Crashes and Software Bugs
1988,17,Urgent Issue Affecting Productivity
1989,16,Screen and Display Problems
1990,-1,Other or Unclassified Support Content
1991,14,Software Freezing Issues
1992,6,Wi-Fi Connectivity Issues
1993,-1,Other or Unclassified Support Content
1994,4,Error Messages and Error Codes
1995,-1,Other or Unclassified Support Content
1996,-1,Other or Unclassified Support Content
1997,5,Unable to Perform Desired Action
1998,-1,Other or Unclassified Support Content
1999,0,Issue After Firmware Update
2000,7,Security and Data Safety Concerns
2001,-1,Other or Unclassified Support Content
2002,21,Refund Issues
2003,8,Charging Problems
2004,3,Data Loss and File Recovery
2005,-1,Other or Unclassified Support Content
2006,-1,Other or Unclassified Support Content
2007,-1,Other or Unclassified Support Content
2008,0,Issue After Firmware Update
2009,1,App Issue Persists After Troubleshooting
2010,0,Issue After Firmware Update
2011,6,Wi-Fi Connectivity Issues
2012,-1,Other or Unclassified Support Content
2013,-1,Other or Unclassified Support Content
2014,-1,Other or Unclassified Support Content
2015,4,Error Messages and Error Codes
2016,0,Issue After Firmware Update
2017,1,App Issue Persists After Troubleshooting
2018,-1,Other or Unclassified Support Content
2019,-1,Other or Unclassified Support Content
2020,0,Issue After Firmware Update
2021,8,Charging Problems
2022,1,App Issue Persists After Troubleshooting
2023,4,Error Messages and Error Codes
2024,10,Unstable Internet Connection
2025,0,Issue After Firmware Update
2026,0,Issue After Firmware Update
2027,2,Account Access and Password Issues
2028,0,Issue After Firmware Update
2029,2,Account Access and Password Issues
2030,9,Battery Life Issues
2031,4,Error Messages and Error Codes
2032,8,Charging Problems
2033,4,Error Messages and Error Codes
2034,-1,Other or Unclassified Support Content
2035,6,Wi-Fi Connectivity Issues
2036,0,Issue After Firmware Update
2037,5,Unable to Perform Desired Action
2038,0,Issue After Firmware Update
2039,8,Charging Problems
2040,4,Error Messages and Error Codes
2041,8,Charging Problems
2042,6,Wi-Fi Connectivity Issues
2043,0,Issue After Firmware Update
2044,1,App Issue Persists After Troubleshooting
2045,6,Wi-Fi Connectivity Issues
2046,7,Security and Data Safety Concerns
2047,2,Account Access and Password Issues
2048,1,App Issue Persists After Troubleshooting
2049,0,Issue After Firmware Update
2050,0,Issue After Firmware Update
2051,-1,Other or Unclassified Support Content
2052,11,Software Bugs and Data Loss
2053,-1,Other or Unclassified Support Content
2054,-1,Other or Unclassified Support Content
2055,6,Wi-Fi Connectivity Issues
2056,5,Unable to Perform Desired Action
2057,-1,Other or Unclassified Support Content
2058,7,Security and Data Safety Concerns
2059,-1,Other or Unclassified Support Content
2060,1,App Issue Persists After Troubleshooting
2061,0,Issue After Firmware Update
2062,21,Refund Issues
2063,1,App Issue Persists After Troubleshooting
2064,-1,Other or Unclassified Support Content
2065,7,Security and Data Safety Concerns
2066,11,Software Bugs and Data Loss
2067,4,Error Messages and Error Codes
2068,2,Account Access and Password Issues
2069,4,Error Messages and Error Codes
2070,-1,Other or Unclassified Support Content
2071,12,Application Crashes and Software Bugs
2072,7,Security and Data Safety Concerns
2073,7,Security and Data Safety Concerns
2074,-1,Other or Unclassified Support Content
2075,0,Issue After Firmware Update
2076,4,Error Messages and Error Codes
2077,-1,Other or Unclassified Support Content
2078,-1,Other or Unclassified Support Content
2079,10,Unstable Internet Connection
2080,0,Issue After Firmware Update
2081,17,Urgent Issue Affecting Productivity
2082,19,Urgent Issue Affecting Productivity
2083,18,Device Not Turning On
2084,6,Wi-Fi Connectivity Issues
2085,-1,Other or Unclassified Support Content
2086,4,Error Messages and Error Codes
2087,23,Email and Account Issues
2088,-1,Other or Unclassified Support Content
2089,-1,Other or Unclassified Support Content
2090,10,Unstable Internet Connection
2091,6,Wi-Fi Connectivity Issues
2092,1,App Issue Persists After Troubleshooting
2093,0,Issue After Firmware Update
2094,-1,Other or Unclassified Support Content
2095,14,Software Freezing Issues
2096,0,Issue After Firmware Update
2097,9,Battery Life Issues
2098,-1,Other or Unclassified Support Content
2099,15,Software Update Availability
2100,14,Software Freezing Issues
2101,-1,Other or Unclassified Support Content
2102,13,General Hardware Malfunction
2103,-1,Other or Unclassified Support Content
2104,4,Error Messages and Error Codes
2105,0,Issue After Firmware Update
2106,6,Wi-Fi Connectivity Issues
2107,0,Issue After Firmware Update
2108,5,Unable to Perform Desired Action
2109,-1,Other or Unclassified Support Content
2110,-1,Other or Unclassified Support Content
2111,-1,Other or Unclassified Support Content
2112,-1,Other or Unclassified Support Content
2113,8,Charging Problems
2114,-1,Other or Unclassified Support Content
2115,0,Issue After Firmware Update
2116,-1,Other or Unclassified Support Content
2117,0,Issue After Firmware Update
2118,0,Issue After Firmware Update
2119,0,Issue After Firmware Update
2120,11,Software Bugs and Data Loss
2121,0,Issue After Firmware Update
2122,-1,Other or Unclassified Support Content
2123,8,Charging Problems
2124,-1,Other or Unclassified Support Content
2125,13,General Hardware Malfunction
2126,-1,Other or Unclassified Support Content
2127,1,App Issue Persists After Troubleshooting
2128,4,Error Messages and Error Codes
2129,2,Account Access and Password Issues
2130,5,Unable to Perform Desired Action
2131,-1,Other or Unclassified Support Content
2132,0,Issue After Firmware Update
2133,13,General Hardware Malfunction
2134,3,Data Loss and File Recovery
2135,6,Wi-Fi Connectivity Issues
2136,0,Issue After Firmware Update
2137,25,Refund and Exchange Requests
2138,-1,Other or Unclassified Support Content
2139,-1,Other or Unclassified Support Content
2140,0,Issue After Firmware Update
2141,4,Error Messages and Error Codes
2142,1,App Issue Persists After Troubleshooting
2143,13,General Hardware Malfunction
2144,6,Wi-Fi Connectivity Issues
2145,-1,Other or Unclassified Support Content
2146,0,Issue After Firmware Update
2147,24,Other Support Content
2148,14,Software Freezing Issues
2149,8,Charging Problems
2150,-1,Other or Unclassified Support Content
2151,3,Data Loss and File Recovery
2152,3,Data Loss and File Recovery
2153,4,Error Messages and Error Codes
2154,12,Application Crashes and Software Bugs
2155,-1,Other or Unclassified Support Content
2156,6,Wi-Fi Connectivity Issues
2157,15,Software Update Availability
2158,-1,Other or Unclassified Support Content
2159,14,Software Freezing Issues
2160,-1,Other or Unclassified Support Content
2161,0,Issue After Firmware Update
2162,15,Software Update Availability
2163,-1,Other or Unclassified Support Content
2164,-1,Other or Unclassified Support Content
2165,4,Error Messages and Error Codes
2166,3,Data Loss and File Recovery
2167,0,Issue After Firmware Update
2168,1,App Issue Persists After Troubleshooting
2169,-1,Other or Unclassified Support Content
2170,0,Issue After Firmware Update
2171,3,Data Loss and File Recovery
2172,8,Charging Problems
2173,-1,Other or Unclassified Support Content
2174,0,Issue After Firmware Update
2175,-1,Other or Unclassified Support Content
2176,1,App Issue Persists After Troubleshooting
2177,9,Battery Life Issues
2178,9,Battery Life Issues
2179,8,Charging Problems
2180,0,Issue After Firmware Update
2181,-1,Other or Unclassified Support Content
2182,9,Battery Life Issues
2183,-1,Other or Unclassified Support Content
2184,16,Screen and Display Problems
2185,17,Urgent Issue Affecting Productivity
2186,-1,Other or Unclassified Support Content
2187,-1,Other or Unclassified Support Content
2188,13,General Hardware Malfunction
2189,0,Issue After Firmware Update
2190,9,Battery Life Issues
2191,-1,Other or Unclassified Support Content
2192,14,Software Freezing Issues
2193,3,Data Loss and File Recovery
2194,17,Urgent Issue Affecting Productivity
2195,4,Error Messages and Error Codes
2196,3,Data Loss and File Recovery
2197,0,Issue After Firmware Update
2198,-1,Other or Unclassified Support Content
2199,-1,Other or Unclassified Support Content
2200,28,Other Support Content
2201,-1,Other or Unclassified Support Content
2202,11,Software Bugs and Data Loss
2203,0,Issue After Firmware Update
2204,-1,Other or Unclassified Support Content
2205,27,Other Support Content
2206,3,Data Loss and File Recovery
2207,-1,Other or Unclassified Support Content
2208,0,Issue After Firmware Update
2209,2,Account Access and Password Issues
2210,0,Issue After Firmware Update
2211,7,Security and Data Safety Concerns
2212,-1,Other or Unclassified Support Content
2213,-1,Other or Unclassified Support Content
2214,12,Application Crashes and Software Bugs
2215,-1,Other or Unclassified Support Content
2216,7,Security and Data Safety Concerns
2217,1,App Issue Persists After Troubleshooting
2218,13,General Hardware Malfunction
2219,-1,Other or Unclassified Support Content
2220,12,Application Crashes and Software Bugs
2221,-1,Other or Unclassified Support Content
2222,5,Unable to Perform Desired Action
2223,21,Refund Issues
2224,5,Unable to Perform Desired Action
2225,-1,Other or Unclassified Support Content
2226,-1,Other or Unclassified Support Content
2227,13,General Hardware Malfunction
2228,3,Data Loss and File Recovery
2229,0,Issue After Firmware Update
2230,10,Unstable Internet Connection
2231,0,Issue After Firmware Update
2232,5,Unable to Perform Desired Action
2233,0,Issue After Firmware Update
2234,13,General Hardware Malfunction
2235,0,Issue After Firmware Update
2236,0,Issue After Firmware Update
2237,13,General Hardware Malfunction
2238,-1,Other or Unclassified Support Content
2239,0,Issue After Firmware Update
2240,-1,Other or Unclassified Support Content
2241,4,Error Messages and Error Codes
2242,5,Unable to Perform Desired Action
2243,4,Error Messages and Error Codes
2244,-1,Other or Unclassified Support Content
2245,3,Data Loss and File Recovery
2246,-1,Other or Unclassified Support Content
2247,-1,Other or Unclassified Support Content
2248,4,Error Messages and Error Codes
2249,-1,Other or Unclassified Support Content
2250,0,Issue After Firmware Update
2251,-1,Other or Unclassified Support Content
2252,3,Data Loss and File Recovery
2253,15,Software Update Availability
2254,-1,Other or Unclassified Support Content
2255,1,App Issue Persists After Troubleshooting
2256,1,App Issue Persists After Troubleshooting
2257,0,Issue After Firmware Update
2258,4,Error Messages and Error Codes
2259,0,Issue After Firmware Update
2260,21,Refund Issues
2261,0,Issue After Firmware Update
2262,-1,Other or Unclassified Support Content
2263,-1,Other or Unclassified Support Content
2264,6,Wi-Fi Connectivity Issues
2265,2,Account Access and Password Issues
2266,-1,Other or Unclassified Support Content
2267,4,Error Messages and Error Codes
2268,-1,Other or Unclassified Support Content
2269,18,Device Not Turning On
2270,15,Software Update Availability
2271,-1,Other or Unclassified Support Content
2272,-1,Other or Unclassified Support Content
2273,3,Data Loss and File Recovery
2274,-1,Other or Unclassified Support Content
2275,-1,Other or Unclassified Support Content
2276,0,Issue After Firmware Update
2277,0,Issue After Firmware Update
2278,-1,Other or Unclassified Support Content
2279,10,Unstable Internet Connection
2280,8,Charging Problems
2281,-1,Other or Unclassified Support Content
2282,0,Issue After Firmware Update
2283,10,Unstable Internet Connection
2284,2,Account Access and Password Issues
2285,13,General Hardware Malfunction
2286,20,Repair or Replacement Concerns
2287,9,Battery Life Issues
2288,0,Issue After Firmware Update
2289,-1,Other or Unclassified Support Content
2290,-1,Other or Unclassified Support Content
2291,-1,Other or Unclassified Support Content
2292,-1,Other or Unclassified Support Content
2293,2,Account Access and Password Issues
2294,14,Software Freezing Issues
2295,0,Issue After Firmware Update
2296,1,App Issue Persists After Troubleshooting
2297,-1,Other or Unclassified Support Content
2298,0,Issue After Firmware Update
2299,20,Repair or Replacement Concerns
2300,0,Issue After Firmware Update
2301,0,Issue After Firmware Update
2302,8,Charging Problems
2303,7,Security and Data Safety Concerns
2304,3,Data Loss and File Recovery
2305,-1,Other or Unclassified Support Content
2306,-1,Other or Unclassified Support Content
2307,-1,Other or Unclassified Support Content
2308,3,Data Loss and File Recovery
2309,1,App Issue Persists After Troubleshooting
2310,8,Charging Problems
2311,5,Unable to Perform Desired Action
2312,25,Refund and Exchange Requests
2313,12,Application Crashes and Software Bugs
2314,18,Device Not Turning On
2315,0,Issue After Firmware Update
2316,2,Account Access and Password Issues
2317,-1,Other or Unclassified Support Content
2318,12,Application Crashes and Software Bugs
2319,0,Issue After Firmware Update
2320,17,Urgent Issue Affecting Productivity
2321,4,Error Messages and Error Codes
2322,20,Repair or Replacement Concerns
2323,-1,Other or Unclassified Support Content
2324,-1,Other or Unclassified Support Content
2325,1,App Issue Persists After Troubleshooting
2326,-1,Other or Unclassified Support Content
2327,-1,Other or Unclassified Support Content
2328,8,Charging Problems
2329,-1,Other or Unclassified Support Content
2330,15,Software Update Availability
2331,-1,Other or Unclassified Support Content
2332,14,Software Freezing Issues
2333,8,Charging Problems
2334,17,Urgent Issue Affecting Productivity
2335,19,Urgent Issue Affecting Productivity
2336,2,Account Access and Password Issues
2337,4,Error Messages and Error Codes
2338,5,Unable to Perform Desired Action
2339,-1,Other or Unclassified Support Content
2340,0,Issue After Firmware Update
2341,-1,Other or Unclassified Support Content
2342,1,App Issue Persists After Troubleshooting
2343,0,Issue After Firmware Update
2344,-1,Other or Unclassified Support Content
2345,21,Refund Issues
2346,-1,Other or Unclassified Support Content
2347,5,Unable to Perform Desired Action
2348,5,Unable to Perform Desired Action
2349,24,Other Support Content
2350,1,App Issue Persists After Troubleshooting
2351,3,Data Loss and File Recovery
2352,0,Issue After Firmware Update
2353,2,Account Access and Password Issues
2354,0,Issue After Firmware Update
2355,2,Account Access and Password Issues
2356,1,App Issue Persists After Troubleshooting
2357,0,Issue After Firmware Update
2358,23,Email and Account Issues
2359,15,Software Update Availability
2360,-1,Other or Unclassified Support Content
2361,-1,Other or Unclassified Support Content
2362,6,Wi-Fi Connectivity Issues
2363,-1,Other or Unclassified Support Content
2364,10,Unstable Internet Connection
2365,0,Issue After Firmware Update
2366,0,Issue After Firmware Update
2367,18,Device Not Turning On
2368,-1,Other or Unclassified Support Content
2369,18,Device Not Turning On
2370,11,Software Bugs and Data Loss
2371,7,Security and Data Safety Concerns
2372,-1,Other or Unclassified Support Content
2373,-1,Other or Unclassified Support Content
2374,-1,Other or Unclassified Support Content
2375,5,Unable to Perform Desired Action
2376,0,Issue After Firmware Update
2377,-1,Other or Unclassified Support Content
2378,-1,Other or Unclassified Support Content
2379,3,Data Loss and File Recovery
2380,19,Urgent Issue Affecting Productivity
2381,0,Issue After Firmware Update
2382,0,Issue After Firmware Update
2383,-1,Other or Unclassified Support Content
2384,17,Urgent Issue Affecting Productivity
2385,25,Refund and Exchange Requests
2386,0,Issue After Firmware Update
2387,0,Issue After Firmware Update
2388,3,Data Loss and File Recovery
2389,4,Error Messages and Error Codes
2390,10,Unstable Internet Connection
2391,1,App Issue Persists After Troubleshooting
2392,4,Error Messages and Error Codes
2393,-1,Other or Unclassified Support Content
2394,12,Application Crashes and Software Bugs
2395,5,Unable to Perform Desired Action
2396,-1,Other or Unclassified Support Content
2397,5,Unable to Perform Desired Action
2398,22,Invoice and Payment Issues
2399,5,Unable to Perform Desired Action
2400,-1,Other or Unclassified Support Content
2401,20,Repair or Replacement Concerns
2402,2,Account Access and Password Issues
2403,20,Repair or Replacement Concerns
2404,-1,Other or Unclassified Support Content
2405,19,Urgent Issue Affecting Productivity
2406,6,Wi-Fi Connectivity Issues
2407,1,App Issue Persists After Troubleshooting
2408,-1,Other or Unclassified Support Content
2409,0,Issue After Firmware Update
2410,10,Unstable Internet Connection
2411,13,General Hardware Malfunction
2412,3,Data Loss and File Recovery
2413,18,Device Not Turning On
2414,4,Error Messages and Error Codes
2415,10,Unstable Internet Connection
2416,-1,Other or Unclassified Support Content
2417,4,Error Messages and Error Codes
2418,0,Issue After Firmware Update
2419,-1,Other or Unclassified Support Content
2420,0,Issue After Firmware Update
2421,-1,Other or Unclassified Support Content
2422,-1,Other or Unclassified Support Content
2423,-1,Other or Unclassified Support Content
2424,5,Unable to Perform Desired Action
2425,0,Issue After Firmware Update
2426,10,Unstable Internet Connection
2427,5,Unable to Perform Desired Action
2428,21,Refund Issues
2429,1,App Issue Persists After Troubleshooting
2430,0,Issue After Firmware Update
2431,-1,Other or Unclassified Support Content
2432,14,Software Freezing Issues
2433,0,Issue After Firmware Update
2434,3,Data Loss and File Recovery
2435,0,Issue After Firmware Update
2436,5,Unable to Perform Desired Action
2437,10,Unstable Internet Connection
2438,2,Account Access and Password Issues
2439,2,Account Access and Password Issues
2440,0,Issue After Firmware Update
2441,0,Issue After Firmware Update
2442,15,Software Update Availability
2443,17,Urgent Issue Affecting Productivity
2444,7,Security and Data Safety Concerns
2445,-1,Other or Unclassified Support Content
2446,-1,Other or Unclassified Support Content
2447,-1,Other or Unclassified Support Content
2448,-1,Other or Unclassified Support Content
2449,3,Data Loss and File Recovery
2450,-1,Other or Unclassified Support Content
2451,1,App Issue Persists After Troubleshooting
2452,-1,Other or Unclassified Support Content
2453,0,Issue After Firmware Update
2454,3,Data Loss and File Recovery
2455,3,Data Loss and File Recovery
2456,0,Issue After Firmware Update
2457,-1,Other or Unclassified Support Content
2458,-1,Other or Unclassified Support Content
2459,6,Wi-Fi Connectivity Issues
2460,-1,Other or Unclassified Support Content
2461,1,App Issue Persists After Troubleshooting
2462,-1,Other or Unclassified Support Content
2463,15,Software Update Availability
2464,12,Application Crashes and Software Bugs
2465,-1,Other or Unclassified Support Content
2466,0,Issue After Firmware Update
2467,0,Issue After Firmware Update
2468,-1,Other or Unclassified Support Content
2469,0,Issue After Firmware Update
2470,20,Repair or Replacement Concerns
2471,5,Unable to Perform Desired Action
2472,26,Other Support Content
2473,25,Refund and Exchange Requests
2474,-1,Other or Unclassified Support Content
2475,3,Data Loss and File Recovery
2476,0,Issue After Firmware Update
2477,11,Software Bugs and Data Loss
2478,14,Software Freezing Issues
2479,-1,Other or Unclassified Support Content
2480,0,Issue After Firmware Update
2481,-1,Other or Unclassified Support Content
2482,5,Unable to Perform Desired Action
2483,21,Refund Issues
2484,14,Software Freezing Issues
2485,17,Urgent Issue Affecting Productivity
2486,-1,Other or Unclassified Support Content
2487,10,Unstable Internet Connection
2488,0,Issue After Firmware Update
2489,22,Invoice and Payment Issues
2490,-1,Other or Unclassified Support Content
2491,9,Battery Life Issues
2492,0,Issue After Firmware Update
2493,-1,Other or Unclassified Support Content
2494,22,Invoice and Payment Issues
2495,0,Issue After Firmware Update
2496,17,Urgent Issue Affecting Productivity
2497,21,Refund Issues
2498,7,Security and Data Safety Concerns
2499,6,Wi-Fi Connectivity Issues
2500,-1,Other or Unclassified Support Content
2501,13,General Hardware Malfunction
2502,0,Issue After Firmware Update
2503,11,Software Bugs and Data Loss
2504,-1,Other or Unclassified Support Content
2505,0,Issue After Firmware Update
2506,17,Urgent Issue Affecting Productivity
2507,6,Wi-Fi Connectivity Issues
2508,9,Battery Life Issues
2509,-1,Other or Unclassified Support Content
2510,-1,Other or Unclassified Support Content
2511,0,Issue After Firmware Update
2512,-1,Other or Unclassified Support Content
2513,0,Issue After Firmware Update
2514,5,Unable to Perform Desired Action
2515,-1,Other or Unclassified Support Content
2516,0,Issue After Firmware Update
2517,3,Data Loss and File Recovery
2518,5,Unable to Perform Desired Action
2519,-1,Other or Unclassified Support Content
2520,5,Unable to Perform Desired Action
2521,0,Issue After Firmware Update
2522,16,Screen and Display Problems
2523,-1,Other or Unclassified Support Content
2524,0,Issue After Firmware Update
2525,3,Data Loss and File Recovery
2526,27,Other Support Content
2527,6,Wi-Fi Connectivity Issues
2528,-1,Other or Unclassified Support Content
2529,0,Issue After Firmware Update
2530,-1,Other or Unclassified Support Content
2531,11,Software Bugs and Data Loss
2532,-1,Other or Unclassified Support Content
2533,-1,Other or Unclassified Support Content
2534,10,Unstable Internet Connection
2535,3,Data Loss and File Recovery
2536,-1,Other or Unclassified Support Content
2537,17,Urgent Issue Affecting Productivity
2538,10,Unstable Internet Connection
2539,7,Security and Data Safety Concerns
2540,3,Data Loss and File Recovery
2541,0,Issue After Firmware Update
2542,2,Account Access and Password Issues
2543,12,Application Crashes and Software Bugs
2544,-1,Other or Unclassified Support Content
2545,16,Screen and Display Problems
2546,-1,Other or Unclassified Support Content
2547,0,Issue After Firmware Update
2548,22,Invoice and Payment Issues
2549,-1,Other or Unclassified Support Content
2550,0,Issue After Firmware Update
2551,-1,Other or Unclassified Support Content
2552,-1,Other or Unclassified Support Content
2553,2,Account Access and Password Issues
2554,-1,Other or Unclassified Support Content
2555,-1,Other or Unclassified Support Content
2556,-1,Other or Unclassified Support Content
2557,-1,Other or Unclassified Support Content
2558,11,Software Bugs and Data Loss
2559,1,App Issue Persists After Troubleshooting
2560,9,Battery Life Issues
2561,16,Screen and Display Problems
2562,16,Screen and Display Problems
2563,-1,Other or Unclassified Support Content
2564,6,Wi-Fi Connectivity Issues
2565,12,Application Crashes and Software Bugs
2566,-1,Other or Unclassified Support Content
2567,0,Issue After Firmware Update
2568,-1,Other or Unclassified Support Content
2569,-1,Other or Unclassified Support Content
2570,-1,Other or Unclassified Support Content
2571,0,Issue After Firmware Update
2572,18,Device Not Turning On
2573,8,Charging Problems
2574,1,App Issue Persists After Troubleshooting
2575,-1,Other or Unclassified Support Content
2576,0,Issue After Firmware Update
2577,-1,Other or Unclassified Support Content
2578,15,Software Update Availability
2579,-1,Other or Unclassified Support Content
2580,-1,Other or Unclassified Support Content
2581,10,Unstable Internet Connection
2582,2,Account Access and Password Issues
2583,5,Unable to Perform Desired Action
2584,9,Battery Life Issues
2585,-1,Other or Unclassified Support Content
2586,-1,Other or Unclassified Support Content
2587,2,Account Access and Password Issues
2588,0,Issue After Firmware Update
2589,16,Screen and Display Problems
2590,0,Issue After Firmware Update
2591,3,Data Loss and File Recovery
2592,7,Security and Data Safety Concerns
2593,17,Urgent Issue Affecting Productivity
2594,17,Urgent Issue Affecting Productivity
2595,11,Software Bugs and Data Loss
2596,-1,Other or Unclassified Support Content
2597,12,Application Crashes and Software Bugs
2598,-1,Other or Unclassified Support Content
2599,13,General Hardware Malfunction
2600,18,Device Not Turning On
2601,-1,Other or Unclassified Support Content
2602,1,App Issue Persists After Troubleshooting
2603,5,Unable to Perform Desired Action
2604,6,Wi-Fi Connectivity Issues
2605,15,Software Update Availability
2606,18,Device Not Turning On
2607,0,Issue After Firmware Update
2608,4,Error Messages and Error Codes
2609,10,Unstable Internet Connection
2610,0,Issue After Firmware Update
2611,2,Account Access and Password Issues
2612,-1,Other or Unclassified Support Content
2613,3,Data Loss and File Recovery
2614,11,Software Bugs and Data Loss
2615,4,Error Messages and Error Codes
2616,0,Issue After Firmware Update
2617,16,Screen and Display Problems
2618,0,Issue After Firmware Update
2619,-1,Other or Unclassified Support Content
2620,4,Error Messages and Error Codes
2621,-1,Other or Unclassified Support Content
2622,1,App Issue Persists After Troubleshooting
2623,0,Issue After Firmware Update
2624,15,Software Update Availability
2625,22,Invoice and Payment Issues
2626,-1,Other or Unclassified Support Content
2627,0,Issue After Firmware Update
2628,-1,Other or Unclassified Support Content
2629,7,Security and Data Safety Concerns
2630,10,Unstable Internet Connection
2631,16,Screen and Display Problems
2632,27,Other Support Content
2633,2,Account Access and Password Issues
2634,15,Software Update Availability
2635,0,Issue After Firmware Update
2636,18,Device Not Turning On
2637,22,Invoice and Payment Issues
2638,18,Device Not Turning On
2639,12,Application Crashes and Software Bugs
2640,11,Software Bugs and Data Loss
2641,0,Issue After Firmware Update
2642,-1,Other or Unclassified Support Content
2643,-1,Other or Unclassified Support Content
2644,11,Software Bugs and Data Loss
2645,7,Security and Data Safety Concerns
2646,2,Account Access and Password Issues
2647,9,Battery Life Issues
2648,16,Screen and Display Problems
2649,3,Data Loss and File Recovery
2650,11,Software Bugs and Data Loss
2651,-1,Other or Unclassified Support Content
2652,0,Issue After Firmware Update
2653,0,Issue After Firmware Update
2654,7,Security and Data Safety Concerns
2655,-1,Other or Unclassified Support Content
2656,2,Account Access and Password Issues
2657,2,Account Access and Password Issues
2658,0,Issue After Firmware Update
2659,0,Issue After Firmware Update
2660,18,Device Not Turning On
2661,12,Application Crashes and Software Bugs
2662,19,Urgent Issue Affecting Productivity
2663,1,App Issue Persists After Troubleshooting
2664,-1,Other or Unclassified Support Content
2665,0,Issue After Firmware Update
2666,10,Unstable Internet Connection
2667,0,Issue After Firmware Update
2668,16,Screen and Display Problems
2669,7,Security and Data Safety Concerns
2670,2,Account Access and Password Issues
2671,-1,Other or Unclassified Support Content
2672,6,Wi-Fi Connectivity Issues
2673,-1,Other or Unclassified Support Content
2674,27,Other Support Content
2675,7,Security and Data Safety Concerns
2676,1,App Issue Persists After Troubleshooting
2677,18,Device Not Turning On
2678,1,App Issue Persists After Troubleshooting
2679,5,Unable to Perform Desired Action
2680,12,Application Crashes and Software Bugs
2681,0,Issue After Firmware Update
2682,-1,Other or Unclassified Support Content
2683,0,Issue After Firmware Update
2684,-1,Other or Unclassified Support Content
2685,-1,Other or Unclassified Support Content
2686,0,Issue After Firmware Update
2687,-1,Other or Unclassified Support Content
2688,4,Error Messages and Error Codes
2689,6,Wi-Fi Connectivity Issues
2690,7,Security and Data Safety Concerns
2691,-1,Other or Unclassified Support Content
2692,-1,Other or Unclassified Support Content
2693,12,Application Crashes and Software Bugs
2694,-1,Other or Unclassified Support Content
2695,5,Unable to Perform Desired Action
2696,6,Wi-Fi Connectivity Issues
2697,-1,Other or Unclassified Support Content
2698,15,Software Update Availability
2699,19,Urgent Issue Affecting Productivity
2700,0,Issue After Firmware Update
2701,-1,Other or Unclassified Support Content
2702,-1,Other or Unclassified Support Content
2703,7,Security and Data Safety Concerns
2704,12,Application Crashes and Software Bugs
2705,0,Issue After Firmware Update
2706,6,Wi-Fi Connectivity Issues
2707,17,Urgent Issue Affecting Productivity
2708,-1,Other or Unclassified Support Content
2709,0,Issue After Firmware Update
2710,-1,Other or Unclassified Support Content
2711,26,Other Support Content
2712,0,Issue After Firmware Update
2713,-1,Other or Unclassified Support Content
2714,0,Issue After Firmware Update
2715,20,Repair or Replacement Concerns
2716,0,Issue After Firmware Update
2717,19,Urgent Issue Affecting Productivity
2718,15,Software Update Availability
2719,9,Battery Life Issues
2720,9,Battery Life Issues
2721,0,Issue After Firmware Update
2722,0,Issue After Firmware Update
2723,8,Charging Problems
2724,17,Urgent Issue Affecting Productivity
2725,-1,Other or Unclassified Support Content
2726,1,App Issue Persists After Troubleshooting
2727,1,App Issue Persists After Troubleshooting
2728,8,Charging Problems
2729,-1,Other or Unclassified Support Content
2730,0,Issue After Firmware Update
2731,-1,Other or Unclassified Support Content
2732,0,Issue After Firmware Update
2733,-1,Other or Unclassified Support Content
2734,3,Data Loss and File Recovery
2735,-1,Other or Unclassified Support Content
2736,12,Application Crashes and Software Bugs
2737,0,Issue After Firmware Update
2738,2,Account Access and Password Issues
2739,3,Data Loss and File Recovery
2740,12,Application Crashes and Software Bugs
2741,1,App Issue Persists After Troubleshooting
2742,15,Software Update Availability
2743,0,Issue After Firmware Update
2744,0,Issue After Firmware Update
2745,-1,Other or Unclassified Support Content
2746,-1,Other or Unclassified Support Content
2747,-1,Other or Unclassified Support Content
2748,-1,Other or Unclassified Support Content
2749,-1,Other or Unclassified Support Content
2750,3,Data Loss and File Recovery
2751,-1,Other or Unclassified Support Content
2752,17,Urgent Issue Affecting Productivity
2753,15,Software Update Availability
2754,7,Security and Data Safety Concerns
2755,25,Refund and Exchange Requests
2756,12,Application Crashes and Software Bugs
2757,2,Account Access and Password Issues
2758,5,Unable to Perform Desired Action
2759,-1,Other or Unclassified Support Content
2760,9,Battery Life Issues
2761,2,Account Access and Password Issues
2762,5,Unable to Perform Desired Action
2763,-1,Other or Unclassified Support Content
2764,-1,Other or Unclassified Support Content
2765,1,App Issue Persists After Troubleshooting
2766,15,Software Update Availability
2767,0,Issue After Firmware Update
2768,15,Software Update Availability
2769,-1,Other or Unclassified Support Content
2770,0,Issue After Firmware Update
2771,-1,Other or Unclassified Support Content
2772,-1,Other or Unclassified Support Content
2773,3,Data Loss and File Recovery
2774,2,Account Access and Password Issues
2775,13,General Hardware Malfunction
2776,26,Other Support Content
2777,0,Issue After Firmware Update
2778,10,Unstable Internet Connection
2779,0,Issue After Firmware Update
2780,-1,Other or Unclassified Support Content
2781,0,Issue After Firmware Update
2782,5,Unable to Perform Desired Action
2783,0,Issue After Firmware Update
2784,10,Unstable Internet Connection
2785,16,Screen and Display Problems
2786,0,Issue After Firmware Update
2787,20,Repair or Replacement Concerns
2788,0,Issue After Firmware Update
2789,9,Battery Life Issues
2790,16,Screen and Display Problems
2791,8,Charging Problems
2792,3,Data Loss and File Recovery
2793,-1,Other or Unclassified Support Content
2794,-1,Other or Unclassified Support Content
2795,10,Unstable Internet Connection
2796,19,Urgent Issue Affecting Productivity
2797,-1,Other or Unclassified Support Content
2798,15,Software Update Availability
2799,9,Battery Life Issues
2800,-1,Other or Unclassified Support Content
2801,-1,Other or Unclassified Support Content
2802,1,App Issue Persists After Troubleshooting
2803,2,Account Access and Password Issues
2804,0,Issue After Firmware Update
2805,4,Error Messages and Error Codes
2806,5,Unable to Perform Desired Action
2807,4,Error Messages and Error Codes
2808,14,Software Freezing Issues
2809,11,Software Bugs and Data Loss
2810,22,Invoice and Payment Issues
2811,-1,Other or Unclassified Support Content
2812,12,Application Crashes and Software Bugs
2813,4,Error Messages and Error Codes
2814,2,Account Access and Password Issues
2815,-1,Other or Unclassified Support Content
2816,7,Security and Data Safety Concerns
2817,0,Issue After Firmware Update
2818,11,Software Bugs and Data Loss
2819,-1,Other or Unclassified Support Content
2820,21,Refund Issues
2821,1,App Issue Persists After Troubleshooting
2822,10,Unstable Internet Connection
2823,6,Wi-Fi Connectivity Issues
2824,23,Email and Account Issues
2825,0,Issue After Firmware Update
2826,-1,Other or Unclassified Support Content
2827,0,Issue After Firmware Update
2828,4,Error Messages and Error Codes
2829,12,Application Crashes and Software Bugs
2830,1,App Issue Persists After Troubleshooting
2831,0,Issue After Firmware Update
2832,13,General Hardware Malfunction
2833,-1,Other or Unclassified Support Content
2834,-1,Other or Unclassified Support Content
2835,6,Wi-Fi Connectivity Issues
2836,6,Wi-Fi Connectivity Issues
2837,3,Data Loss and File Recovery
2838,0,Issue After Firmware Update
2839,17,Urgent Issue Affecting Productivity
2840,15,Software Update Availability
2841,2,Account Access and Password Issues
2842,0,Issue After Firmware Update
2843,14,Software Freezing Issues
2844,10,Unstable Internet Connection
2845,6,Wi-Fi Connectivity Issues
2846,0,Issue After Firmware Update
2847,19,Urgent Issue Affecting Productivity
2848,0,Issue After Firmware Update
2849,17,Urgent Issue Affecting Productivity
2850,-1,Other or Unclassified Support Content
2851,12,Application Crashes and Software Bugs
2852,11,Software Bugs and Data Loss
2853,-1,Other or Unclassified Support Content
2854,-1,Other or Unclassified Support Content
2855,0,Issue After Firmware Update
2856,8,Charging Problems
2857,-1,Other or Unclassified Support Content
2858,0,Issue After Firmware Update
2859,0,Issue After Firmware Update
2860,0,Issue After Firmware Update
2861,0,Issue After Firmware Update
2862,9,Battery Life Issues
2863,0,Issue After Firmware Update
2864,16,Screen and Display Problems
2865,-1,Other or Unclassified Support Content
2866,14,Software Freezing Issues
2867,11,Software Bugs and Data Loss
2868,14,Software Freezing Issues
2869,23,Email and Account Issues
2870,2,Account Access and Password Issues
2871,-1,Other or Unclassified Support Content
2872,-1,Other or Unclassified Support Content
2873,-1,Other or Unclassified Support Content
2874,-1,Other or Unclassified Support Content
2875,15,Software Update Availability
2876,7,Security and Data Safety Concerns
2877,5,Unable to Perform Desired Action
2878,2,Account Access and Password Issues
2879,8,Charging Problems
2880,6,Wi-Fi Connectivity Issues
2881,2,Account Access and Password Issues
2882,6,Wi-Fi Connectivity Issues
2883,5,Unable to Perform Desired Action
2884,0,Issue After Firmware Update
2885,5,Unable to Perform Desired Action
2886,14,Software Freezing Issues
2887,10,Unstable Internet Connection
2888,-1,Other or Unclassified Support Content
2889,0,Issue After Firmware Update
2890,16,Screen and Display Problems
2891,5,Unable to Perform Desired Action
2892,0,Issue After Firmware Update
2893,-1,Other or Unclassified Support Content
2894,-1,Other or Unclassified Support Content
2895,-1,Other or Unclassified Support Content
2896,-1,Other or Unclassified Support Content
2897,-1,Other or Unclassified Support Content
2898,-1,Other or Unclassified Support Content
2899,9,Battery Life Issues
2900,-1,Other or Unclassified Support Content
2901,0,Issue After Firmware Update
2902,0,Issue After Firmware Update
2903,0,Issue After Firmware Update
2904,0,Issue After Firmware Update
2905,16,Screen and Display Problems
2906,21,Refund Issues
2907,0,Issue After Firmware Update
2908,7,Security and Data Safety Concerns
2909,6,Wi-Fi Connectivity Issues
2910,-1,Other or Unclassified Support Content
2911,7,Security and Data Safety Concerns
2912,4,Error Messages and Error Codes
2913,0,Issue After Firmware Update
2914,0,Issue After Firmware Update
2915,8,Charging Problems
2916,-1,Other or Unclassified Support Content
2917,15,Software Update Availability
2918,-1,Other or Unclassified Support Content
2919,19,Urgent Issue Affecting Productivity
2920,0,Issue After Firmware Update
2921,0,Issue After Firmware Update
2922,-1,Other or Unclassified Support Content
2923,0,Issue After Firmware Update
2924,1,App Issue Persists After Troubleshooting
2925,3,Data Loss and File Recovery
2926,17,Urgent Issue Affecting Productivity
2927,6,Wi-Fi Connectivity Issues
2928,8,Charging Problems
2929,-1,Other or Unclassified Support Content
2930,-1,Other or Unclassified Support Content
2931,16,Screen and Display Problems
2932,6,Wi-Fi Connectivity Issues
2933,0,Issue After Firmware Update
2934,-1,Other or Unclassified Support Content
2935,17,Urgent Issue Affecting Productivity
2936,0,Issue After Firmware Update
2937,17,Urgent Issue Affecting Productivity
2938,-1,Other or Unclassified Support Content
2939,11,Software Bugs and Data Loss
2940,9,Battery Life Issues
2941,8,Charging Problems
2942,-1,Other or Unclassified Support Content
2943,2,Account Access and Password Issues
2944,0,Issue After Firmware Update
2945,9,Battery Life Issues
2946,-1,Other or Unclassified Support Content
2947,-1,Other or Unclassified Support Content
2948,1,App Issue Persists After Troubleshooting
2949,18,Device Not Turning On
2950,6,Wi-Fi Connectivity Issues
2951,4,Error Messages and Error Codes
2952,0,Issue After Firmware Update
2953,11,Software Bugs and Data Loss
2954,-1,Other or Unclassified Support Content
2955,-1,Other or Unclassified Support Content
2956,0,Issue After Firmware Update
2957,0,Issue After Firmware Update
2958,0,Issue After Firmware Update
2959,-1,Other or Unclassified Support Content
2960,0,Issue After Firmware Update
2961,9,Battery Life Issues
2962,0,Issue After Firmware Update
2963,13,General Hardware Malfunction
2964,-1,Other or Unclassified Support Content
2965,17,Urgent Issue Affecting Productivity
2966,11,Software Bugs and Data Loss
2967,4,Error Messages and Error Codes
2968,-1,Other or Unclassified Support Content
2969,0,Issue After Firmware Update
2970,20,Repair or Replacement Concerns
2971,18,Device Not Turning On
2972,0,Issue After Firmware Update
2973,-1,Other or Unclassified Support Content
2974,-1,Other or Unclassified Support Content
2975,5,Unable to Perform Desired Action
2976,3,Data Loss and File Recovery
2977,-1,Other or Unclassified Support Content
2978,0,Issue After Firmware Update
2979,0,Issue After Firmware Update
2980,6,Wi-Fi Connectivity Issues
2981,-1,Other or Unclassified Support Content
2982,10,Unstable Internet Connection
2983,4,Error Messages and Error Codes
2984,17,Urgent Issue Affecting Productivity
2985,0,Issue After Firmware Update
2986,17,Urgent Issue Affecting Productivity
2987,16,Screen and Display Problems
2988,3,Data Loss and File Recovery
2989,1,App Issue Persists After Troubleshooting
2990,0,Issue After Firmware Update
2991,17,Urgent Issue Affecting Productivity
2992,14,Software Freezing Issues
2993,-1,Other or Unclassified Support Content
2994,2,Account Access and Password Issues
2995,0,Issue After Firmware Update
2996,0,Issue After Firmware Update
2997,1,App Issue Persists After Troubleshooting
2998,8,Charging Problems
2999,1,App Issue Persists After Troubleshooting
3000,-1,Other or Unclassified Support Content
3001,15,Software Update Availability
3002,-1,Other or Unclassified Support Content
3003,20,Repair or Replacement Concerns
3004,12,Application Crashes and Software Bugs
3005,5,Unable to Perform Desired Action
3006,16,Screen and Display Problems
3007,26,Other Support Content
3008,0,Issue After Firmware Update
3009,14,Software Freezing Issues
3010,-1,Other or Unclassified Support Content
3011,23,Email and Account Issues
3012,-1,Other or Unclassified Support Content
3013,14,Software Freezing Issues
3014,-1,Other or Unclassified Support Content
3015,21,Refund Issues
3016,2,Account Access and Password Issues
3017,7,Security and Data Safety Concerns
3018,1,App Issue Persists After Troubleshooting
3019,16,Screen and Display Problems
3020,6,Wi-Fi Connectivity Issues
3021,0,Issue After Firmware Update
3022,14,Software Freezing Issues
3023,-1,Other or Unclassified Support Content
3024,9,Battery Life Issues
3025,0,Issue After Firmware Update
3026,-1,Other or Unclassified Support Content
3027,0,Issue After Firmware Update
3028,6,Wi-Fi Connectivity Issues
3029,8,Charging Problems
3030,-1,Other or Unclassified Support Content
3031,3,Data Loss and File Recovery
3032,-1,Other or Unclassified Support Content
3033,0,Issue After Firmware Update
3034,2,Account Access and Password Issues
3035,0,Issue After Firmware Update
3036,0,Issue After Firmware Update
3037,2,Account Access and Password Issues
3038,3,Data Loss and File Recovery
3039,4,Error Messages and Error Codes
3040,16,Screen and Display Problems
3041,4,Error Messages and Error Codes
3042,0,Issue After Firmware Update
3043,-1,Other or Unclassified Support Content
3044,15,Software Update Availability
3045,2,Account Access and Password Issues
3046,7,Security and Data Safety Concerns
3047,0,Issue After Firmware Update
3048,-1,Other or Unclassified Support Content
3049,-1,Other or Unclassified Support Content
3050,12,Application Crashes and Software Bugs
3051,11,Software Bugs and Data Loss
3052,0,Issue After Firmware Update
3053,10,Unstable Internet Connection
3054,11,Software Bugs and Data Loss
3055,-1,Other or Unclassified Support Content
3056,19,Urgent Issue Affecting Productivity
3057,-1,Other or Unclassified Support Content
3058,1,App Issue Persists After Troubleshooting
3059,-1,Other or Unclassified Support Content
3060,1,App Issue Persists After Troubleshooting
3061,0,Issue After Firmware Update
3062,5,Unable to Perform Desired Action
3063,8,Charging Problems
3064,0,Issue After Firmware Update
3065,0,Issue After Firmware Update
3066,-1,Other or Unclassified Support Content
3067,4,Error Messages and Error Codes
3068,3,Data Loss and File Recovery
3069,-1,Other or Unclassified Support Content
3070,15,Software Update Availability
3071,-1,Other or Unclassified Support Content
3072,0,Issue After Firmware Update
3073,16,Screen and Display Problems
3074,0,Issue After Firmware Update
3075,13,General Hardware Malfunction
3076,8,Charging Problems
3077,0,Issue After Firmware Update
3078,3,Data Loss and File Recovery
3079,0,Issue After Firmware Update
3080,-1,Other or Unclassified Support Content
3081,0,Issue After Firmware Update
3082,0,Issue After Firmware Update
3083,16,Screen and Display Problems
3084,7,Security and Data Safety Concerns
3085,0,Issue After Firmware Update
3086,-1,Other or Unclassified Support Content
3087,-1,Other or Unclassified Support Content
3088,0,Issue After Firmware Update
3089,11,Software Bugs and Data Loss
3090,2,Account Access and Password Issues
3091,6,Wi-Fi Connectivity Issues
3092,0,Issue After Firmware Update
3093,-1,Other or Unclassified Support Content
3094,21,Refund Issues
3095,15,Software Update Availability
3096,0,Issue After Firmware Update
3097,0,Issue After Firmware Update
3098,11,Software Bugs and Data Loss
3099,-1,Other or Unclassified Support Content
3100,2,Account Access and Password Issues
3101,0,Issue After Firmware Update
3102,-1,Other or Unclassified Support Content
3103,0,Issue After Firmware Update
3104,-1,Other or Unclassified Support Content
3105,-1,Other or Unclassified Support Content
3106,5,Unable to Perform Desired Action
3107,6,Wi-Fi Connectivity Issues
3108,21,Refund Issues
3109,0,Issue After Firmware Update
3110,0,Issue After Firmware Update
3111,0,Issue After Firmware Update
3112,-1,Other or Unclassified Support Content
3113,26,Other Support Content
3114,-1,Other or Unclassified Support Content
3115,7,Security and Data Safety Concerns
3116,2,Account Access and Password Issues
3117,4,Error Messages and Error Codes
3118,-1,Other or Unclassified Support Content
3119,13,General Hardware Malfunction
3120,14,Software Freezing Issues
3121,-1,Other or Unclassified Support Content
3122,0,Issue After Firmware Update
3123,4,Error Messages and Error Codes
3124,4,Error Messages and Error Codes
3125,6,Wi-Fi Connectivity Issues
3126,2,Account Access and Password Issues
3127,11,Software Bugs and Data Loss
3128,-1,Other or Unclassified Support Content
3129,-1,Other or Unclassified Support Content
3130,5,Unable to Perform Desired Action
3131,9,Battery Life Issues
3132,-1,Other or Unclassified Support Content
3133,5,Unable to Perform Desired Action
3134,-1,Other or Unclassified Support Content
3135,4,Error Messages and Error Codes
3136,12,Application Crashes and Software Bugs
3137,14,Software Freezing Issues
3138,-1,Other or Unclassified Support Content
3139,12,Application Crashes and Software Bugs
3140,1,App Issue Persists After Troubleshooting
3141,-1,Other or Unclassified Support Content
3142,5,Unable to Perform Desired Action
3143,10,Unstable Internet Connection
3144,28,Other Support Content
3145,0,Issue After Firmware Update
3146,0,Issue After Firmware Update
3147,14,Software Freezing Issues
3148,10,Unstable Internet Connection
3149,5,Unable to Perform Desired Action
3150,0,Issue After Firmware Update
3151,-1,Other or Unclassified Support Content
3152,-1,Other or Unclassified Support Content
3153,4,Error Messages and Error Codes
3154,0,Issue After Firmware Update
3155,0,Issue After Firmware Update
3156,-1,Other or Unclassified Support Content
3157,-1,Other or Unclassified Support Content
3158,4,Error Messages and Error Codes
3159,8,Charging Problems
3160,-1,Other or Unclassified Support Content
3161,2,Account Access and Password Issues
3162,0,Issue After Firmware Update
3163,4,Error Messages and Error Codes
3164,0,Issue After Firmware Update
3165,7,Security and Data Safety Concerns
3166,14,Software Freezing Issues
3167,12,Application Crashes and Software Bugs
3168,13,General Hardware Malfunction
3169,4,Error Messages and Error Codes
3170,-1,Other or Unclassified Support Content
3171,2,Account Access and Password Issues
3172,5,Unable to Perform Desired Action
3173,12,Application Crashes and Software Bugs
3174,-1,Other or Unclassified Support Content
3175,0,Issue After Firmware Update
3176,-1,Other or Unclassified Support Content
3177,4,Error Messages and Error Codes
3178,1,App Issue Persists After Troubleshooting
3179,1,App Issue Persists After Troubleshooting
3180,0,Issue After Firmware Update
3181,16,Screen and Display Problems
3182,16,Screen and Display Problems
3183,3,Data Loss and File Recovery
3184,5,Unable to Perform Desired Action
3185,-1,Other or Unclassified Support Content
3186,7,Security and Data Safety Concerns
3187,-1,Other or Unclassified Support Content
3188,-1,Other or Unclassified Support Content
3189,15,Software Update Availability
3190,0,Issue After Firmware Update
3191,13,General Hardware Malfunction
3192,16,Screen and Display Problems
3193,1,App Issue Persists After Troubleshooting
3194,1,App Issue Persists After Troubleshooting
3195,0,Issue After Firmware Update
3196,8,Charging Problems
3197,-1,Other or Unclassified Support Content
3198,0,Issue After Firmware Update
3199,6,Wi-Fi Connectivity Issues
3200,19,Urgent Issue Affecting Productivity
3201,0,Issue After Firmware Update
3202,0,Issue After Firmware Update
3203,0,Issue After Firmware Update
3204,17,Urgent Issue Affecting Productivity
3205,21,Refund Issues
3206,-1,Other or Unclassified Support Content
3207,-1,Other or Unclassified Support Content
3208,0,Issue After Firmware Update
3209,15,Software Update Availability
3210,12,Application Crashes and Software Bugs
3211,1,App Issue Persists After Troubleshooting
3212,6,Wi-Fi Connectivity Issues
3213,-1,Other or Unclassified Support Content
3214,3,Data Loss and File Recovery
3215,10,Unstable Internet Connection
3216,-1,Other or Unclassified Support Content
3217,14,Software Freezing Issues
3218,0,Issue After Firmware Update
3219,8,Charging Problems
3220,0,Issue After Firmware Update
3221,23,Email and Account Issues
3222,3,Data Loss and File Recovery
3223,-1,Other or Unclassified Support Content
3224,-1,Other or Unclassified Support Content
3225,1,App Issue Persists After Troubleshooting
3226,4,Error Messages and Error Codes
3227,-1,Other or Unclassified Support Content
3228,-1,Other or Unclassified Support Content
3229,2,Account Access and Password Issues
3230,17,Urgent Issue Affecting Productivity
3231,8,Charging Problems
3232,-1,Other or Unclassified Support Content
3233,4,Error Messages and Error Codes
3234,-1,Other or Unclassified Support Content
3235,17,Urgent Issue Affecting Productivity
3236,-1,Other or Unclassified Support Content
3237,0,Issue After Firmware Update
3238,-1,Other or Unclassified Support Content
3239,4,Error Messages and Error Codes
3240,2,Account Access and Password Issues
3241,-1,Other or Unclassified Support Content
3242,1,App Issue Persists After Troubleshooting
3243,0,Issue After Firmware Update
3244,0,Issue After Firmware Update
3245,-1,Other or Unclassified Support Content
3246,0,Issue After Firmware Update
3247,19,Urgent Issue Affecting Productivity
3248,-1,Other or Unclassified Support Content
3249,4,Error Messages and Error Codes
3250,-1,Other or Unclassified Support Content
3251,11,Software Bugs and Data Loss
3252,-1,Other or Unclassified Support Content
3253,-1,Other or Unclassified Support Content
3254,0,Issue After Firmware Update
3255,0,Issue After Firmware Update
3256,14,Software Freezing Issues
3257,18,Device Not Turning On
3258,3,Data Loss and File Recovery
3259,-1,Other or Unclassified Support Content
3260,-1,Other or Unclassified Support Content
3261,-1,Other or Unclassified Support Content
3262,-1,Other or Unclassified Support Content
3263,18,Device Not Turning On
3264,-1,Other or Unclassified Support Content
3265,7,Security and Data Safety Concerns
3266,10,Unstable Internet Connection
3267,6,Wi-Fi Connectivity Issues
3268,0,Issue After Firmware Update
3269,5,Unable to Perform Desired Action
3270,17,Urgent Issue Affecting Productivity
3271,13,General Hardware Malfunction
3272,-1,Other or Unclassified Support Content
3273,-1,Other or Unclassified Support Content
3274,-1,Other or Unclassified Support Content
3275,0,Issue After Firmware Update
3276,6,Wi-Fi Connectivity Issues
3277,-1,Other or Unclassified Support Content
3278,2,Account Access and Password Issues
3279,2,Account Access and Password Issues
3280,0,Issue After Firmware Update
3281,0,Issue After Firmware Update
3282,0,Issue After Firmware Update
3283,19,Urgent Issue Affecting Productivity
3284,10,Unstable Internet Connection
3285,0,Issue After Firmware Update
3286,7,Security and Data Safety Concerns
3287,19,Urgent Issue Affecting Productivity
3288,11,Software Bugs and Data Loss
3289,-1,Other or Unclassified Support Content
3290,8,Charging Problems
3291,6,Wi-Fi Connectivity Issues
3292,15,Software Update Availability
3293,-1,Other or Unclassified Support Content
3294,0,Issue After Firmware Update
3295,13,General Hardware Malfunction
3296,14,Software Freezing Issues
3297,-1,Other or Unclassified Support Content
3298,1,App Issue Persists After Troubleshooting
3299,3,Data Loss and File Recovery
3300,22,Invoice and Payment Issues
3301,4,Error Messages and Error Codes
3302,-1,Other or Unclassified Support Content
3303,0,Issue After Firmware Update
3304,0,Issue After Firmware Update
3305,0,Issue After Firmware Update
3306,10,Unstable Internet Connection
3307,-1,Other or Unclassified Support Content
3308,8,Charging Problems
3309,2,Account Access and Password Issues
3310,0,Issue After Firmware Update
3311,0,Issue After Firmware Update
3312,1,App Issue Persists After Troubleshooting
3313,2,Account Access and Password Issues
3314,0,Issue After Firmware Update
3315,18,Device Not Turning On
3316,-1,Other or Unclassified Support Content
3317,7,Security and Data Safety Concerns
3318,0,Issue After Firmware Update
3319,12,Application Crashes and Software Bugs
3320,-1,Other or Unclassified Support Content
3321,11,Software Bugs and Data Loss
3322,-1,Other or Unclassified Support Content
3323,8,Charging Problems
3324,3,Data Loss and File Recovery
3325,16,Screen and Display Problems
3326,7,Security and Data Safety Concerns
3327,0,Issue After Firmware Update
3328,-1,Other or Unclassified Support Content
3329,15,Software Update Availability
3330,-1,Other or Unclassified Support Content
3331,-1,Other or Unclassified Support Content
3332,-1,Other or Unclassified Support Content
3333,-1,Other or Unclassified Support Content
3334,-1,Other or Unclassified Support Content
3335,-1,Other or Unclassified Support Content
3336,2,Account Access and Password Issues
3337,2,Account Access and Password Issues
3338,3,Data Loss and File Recovery
3339,-1,Other or Unclassified Support Content
3340,-1,Other or Unclassified Support Content
3341,0,Issue After Firmware Update
3342,-1,Other or Unclassified Support Content
3343,10,Unstable Internet Connection
3344,3,Data Loss and File Recovery
3345,17,Urgent Issue Affecting Productivity
3346,-1,Other or Unclassified Support Content
3347,0,Issue After Firmware Update
3348,0,Issue After Firmware Update
3349,10,Unstable Internet Connection
3350,-1,Other or Unclassified Support Content
3351,2,Account Access and Password Issues
3352,-1,Other or Unclassified Support Content
3353,22,Invoice and Payment Issues
3354,-1,Other or Unclassified Support Content
3355,-1,Other or Unclassified Support Content
3356,-1,Other or Unclassified Support Content
3357,5,Unable to Perform Desired Action
3358,0,Issue After Firmware Update
3359,0,Issue After Firmware Update
3360,-1,Other or Unclassified Support Content
3361,16,Screen and Display Problems
3362,6,Wi-Fi Connectivity Issues
3363,0,Issue After Firmware Update
3364,0,Issue After Firmware Update
3365,9,Battery Life Issues
3366,0,Issue After Firmware Update
3367,17,Urgent Issue Affecting Productivity
3368,0,Issue After Firmware Update
3369,2,Account Access and Password Issues
3370,4,Error Messages and Error Codes
3371,0,Issue After Firmware Update
3372,16,Screen and Display Problems
3373,1,App Issue Persists After Troubleshooting
3374,2,Account Access and Password Issues
3375,12,Application Crashes and Software Bugs
3376,2,Account Access and Password Issues
3377,7,Security and Data Safety Concerns
3378,0,Issue After Firmware Update
3379,0,Issue After Firmware Update
3380,-1,Other or Unclassified Support Content
3381,9,Battery Life Issues
3382,0,Issue After Firmware Update
3383,0,Issue After Firmware Update
3384,0,Issue After Firmware Update
3385,-1,Other or Unclassified Support Content
3386,-1,Other or Unclassified Support Content
3387,19,Urgent Issue Affecting Productivity
3388,0,Issue After Firmware Update
3389,-1,Other or Unclassified Support Content
3390,0,Issue After Firmware Update
3391,-1,Other or Unclassified Support Content
3392,0,Issue After Firmware Update
3393,0,Issue After Firmware Update
3394,4,Error Messages and Error Codes
3395,-1,Other or Unclassified Support Content
3396,-1,Other or Unclassified Support Content
3397,-1,Other or Unclassified Support Content
3398,2,Account Access and Password Issues
3399,23,Email and Account Issues
3400,-1,Other or Unclassified Support Content
3401,0,Issue After Firmware Update
3402,6,Wi-Fi Connectivity Issues
3403,-1,Other or Unclassified Support Content
3404,0,Issue After Firmware Update
3405,19,Urgent Issue Affecting Productivity
3406,10,Unstable Internet Connection
3407,-1,Other or Unclassified Support Content
3408,-1,Other or Unclassified Support Content
3409,13,General Hardware Malfunction
3410,17,Urgent Issue Affecting Productivity
3411,13,General Hardware Malfunction
3412,2,Account Access and Password Issues
3413,5,Unable to Perform Desired Action
3414,0,Issue After Firmware Update
3415,-1,Other or Unclassified Support Content
3416,-1,Other or Unclassified Support Content
3417,19,Urgent Issue Affecting Productivity
3418,-1,Other or Unclassified Support Content
3419,0,Issue After Firmware Update
3420,-1,Other or Unclassified Support Content
3421,2,Account Access and Password Issues
3422,2,Account Access and Password Issues
3423,0,Issue After Firmware Update
3424,0,Issue After Firmware Update
3425,18,Device Not Turning On
3426,22,Invoice and Payment Issues
3427,-1,Other or Unclassified Support Content
3428,1,App Issue Persists After Troubleshooting
3429,0,Issue After Firmware Update
3430,-1,Other or Unclassified Support Content
3431,13,General Hardware Malfunction
3432,0,Issue After Firmware Update
3433,16,Screen and Display Problems
3434,0,Issue After Firmware Update
3435,8,Charging Problems
3436,10,Unstable Internet Connection
3437,7,Security and Data Safety Concerns
3438,5,Unable to Perform Desired Action
3439,9,Battery Life Issues
3440,21,Refund Issues
3441,21,Refund Issues
3442,15,Software Update Availability
3443,16,Screen and Display Problems
3444,-1,Other or Unclassified Support Content
3445,14,Software Freezing Issues
3446,6,Wi-Fi Connectivity Issues
3447,0,Issue After Firmware Update
3448,1,App Issue Persists After Troubleshooting
3449,18,Device Not Turning On
3450,8,Charging Problems
3451,0,Issue After Firmware Update
3452,6,Wi-Fi Connectivity Issues
3453,5,Unable to Perform Desired Action
3454,5,Unable to Perform Desired Action
3455,0,Issue After Firmware Update
3456,0,Issue After Firmware Update
3457,-1,Other or Unclassified Support Content
3458,1,App Issue Persists After Troubleshooting
3459,5,Unable to Perform Desired Action
3460,7,Security and Data Safety Concerns
3461,-1,Other or Unclassified Support Content
3462,-1,Other or Unclassified Support Content
3463,1,App Issue Persists After Troubleshooting
3464,-1,Other or Unclassified Support Content
3465,19,Urgent Issue Affecting Productivity
3466,15,Software Update Availability
3467,2,Account Access and Password Issues
3468,0,Issue After Firmware Update
3469,5,Unable to Perform Desired Action
3470,6,Wi-Fi Connectivity Issues
3471,16,Screen and Display Problems
3472,18,Device Not Turning On
3473,13,General Hardware Malfunction
3474,0,Issue After Firmware Update
3475,13,General Hardware Malfunction
3476,1,App Issue Persists After Troubleshooting
3477,1,App Issue Persists After Troubleshooting
3478,15,Software Update Availability
3479,-1,Other or Unclassified Support Content
3480,4,Error Messages and Error Codes
3481,-1,Other or Unclassified Support Content
3482,0,Issue After Firmware Update
3483,0,Issue After Firmware Update
3484,0,Issue After Firmware Update
3485,-1,Other or Unclassified Support Content
3486,5,Unable to Perform Desired Action
3487,0,Issue After Firmware Update
3488,1,App Issue Persists After Troubleshooting
3489,0,Issue After Firmware Update
3490,0,Issue After Firmware Update
3491,0,Issue After Firmware Update
3492,-1,Other or Unclassified Support Content
3493,0,Issue After Firmware Update
3494,8,Charging Problems
3495,-1,Other or Unclassified Support Content
3496,3,Data Loss and File Recovery
3497,0,Issue After Firmware Update
3498,17,Urgent Issue Affecting Productivity
3499,-1,Other or Unclassified Support Content
3500,27,Other Support Content
3501,-1,Other or Unclassified Support Content
3502,-1,Other or Unclassified Support Content
3503,6,Wi-Fi Connectivity Issues
3504,11,Software Bugs and Data Loss
3505,0,Issue After Firmware Update
3506,4,Error Messages and Error Codes
3507,6,Wi-Fi Connectivity Issues
3508,1,App Issue Persists After Troubleshooting
3509,-1,Other or Unclassified Support Content
3510,13,General Hardware Malfunction
3511,-1,Other or Unclassified Support Content
3512,17,Urgent Issue Affecting Productivity
3513,18,Device Not Turning On
3514,-1,Other or Unclassified Support Content
3515,17,Urgent Issue Affecting Productivity
3516,7,Security and Data Safety Concerns
3517,0,Issue After Firmware Update
3518,0,Issue After Firmware Update
3519,-1,Other or Unclassified Support Content
3520,6,Wi-Fi Connectivity Issues
3521,2,Account Access and Password Issues
3522,7,Security and Data Safety Concerns
3523,-1,Other or Unclassified Support Content
3524,0,Issue After Firmware Update
3525,0,Issue After Firmware Update
3526,5,Unable to Perform Desired Action
3527,18,Device Not Turning On
3528,17,Urgent Issue Affecting Productivity
3529,17,Urgent Issue Affecting Productivity
3530,0,Issue After Firmware Update
3531,-1,Other or Unclassified Support Content
3532,1,App Issue Persists After Troubleshooting
3533,7,Security and Data Safety Concerns
3534,6,Wi-Fi Connectivity Issues
3535,16,Screen and Display Problems
3536,18,Device Not Turning On
3537,0,Issue After Firmware Update
3538,-1,Other or Unclassified Support Content
3539,-1,Other or Unclassified Support Content
3540,0,Issue After Firmware Update
3541,3,Data Loss and File Recovery
3542,0,Issue After Firmware Update
3543,3,Data Loss and File Recovery
3544,17,Urgent Issue Affecting Productivity
3545,1,App Issue Persists After Troubleshooting
3546,0,Issue After Firmware Update
3547,17,Urgent Issue Affecting Productivity
3548,5,Unable to Perform Desired Action
3549,0,Issue After Firmware Update
3550,20,Repair or Replacement Concerns
3551,10,Unstable Internet Connection
3552,2,Account Access and Password Issues
3553,0,Issue After Firmware Update
3554,19,Urgent Issue Affecting Productivity
3555,5,Unable to Perform Desired Action
3556,4,Error Messages and Error Codes
3557,11,Software Bugs and Data Loss
3558,0,Issue After Firmware Update
3559,9,Battery Life Issues
3560,-1,Other or Unclassified Support Content
3561,0,Issue After Firmware Update
3562,13,General Hardware Malfunction
3563,-1,Other or Unclassified Support Content
3564,18,Device Not Turning On
3565,-1,Other or Unclassified Support Content
3566,-1,Other or Unclassified Support Content
3567,10,Unstable Internet Connection
3568,-1,Other or Unclassified Support Content
3569,-1,Other or Unclassified Support Content
3570,0,Issue After Firmware Update
3571,11,Software Bugs and Data Loss
3572,1,App Issue Persists After Troubleshooting
3573,-1,Other or Unclassified Support Content
3574,3,Data Loss and File Recovery
3575,-1,Other or Unclassified Support Content
3576,-1,Other or Unclassified Support Content
3577,8,Charging Problems
3578,19,Urgent Issue Affecting Productivity
3579,0,Issue After Firmware Update
3580,0,Issue After Firmware Update
3581,0,Issue After Firmware Update
3582,-1,Other or Unclassified Support Content
3583,1,App Issue Persists After Troubleshooting
3584,5,Unable to Perform Desired Action
3585,-1,Other or Unclassified Support Content
3586,6,Wi-Fi Connectivity Issues
3587,-1,Other or Unclassified Support Content
3588,-1,Other or Unclassified Support Content
3589,9,Battery Life Issues
3590,0,Issue After Firmware Update
3591,8,Charging Problems
3592,4,Error Messages and Error Codes
3593,3,Data Loss and File Recovery
3594,1,App Issue Persists After Troubleshooting
3595,5,Unable to Perform Desired Action
3596,7,Security and Data Safety Concerns
3597,0,Issue After Firmware Update
3598,-1,Other or Unclassified Support Content
3599,-1,Other or Unclassified Support Content
3600,7,Security and Data Safety Concerns
3601,0,Issue After Firmware Update
3602,0,Issue After Firmware Update
3603,20,Repair or Replacement Concerns
3604,8,Charging Problems
3605,7,Security and Data Safety Concerns
3606,-1,Other or Unclassified Support Content
3607,-1,Other or Unclassified Support Content
3608,4,Error Messages and Error Codes
3609,-1,Other or Unclassified Support Content
3610,0,Issue After Firmware Update
3611,-1,Other or Unclassified Support Content
3612,-1,Other or Unclassified Support Content
3613,4,Error Messages and Error Codes
3614,5,Unable to Perform Desired Action
3615,-1,Other or Unclassified Support Content
3616,8,Charging Problems
3617,3,Data Loss and File Recovery
3618,7,Security and Data Safety Concerns
3619,-1,Other or Unclassified Support Content
3620,2,Account Access and Password Issues
3621,5,Unable to Perform Desired Action
3622,13,General Hardware Malfunction
3623,5,Unable to Perform Desired Action
3624,0,Issue After Firmware Update
3625,-1,Other or Unclassified Support Content
3626,22,Invoice and Payment Issues
3627,16,Screen and Display Problems
3628,15,Software Update Availability
3629,1,App Issue Persists After Troubleshooting
3630,4,Error Messages and Error Codes
3631,-1,Other or Unclassified Support Content
3632,11,Software Bugs and Data Loss
3633,0,Issue After Firmware Update
3634,5,Unable to Perform Desired Action
3635,15,Software Update Availability
3636,4,Error Messages and Error Codes
3637,-1,Other or Unclassified Support Content
3638,18,Device Not Turning On
3639,-1,Other or Unclassified Support Content
3640,0,Issue After Firmware Update
3641,0,Issue After Firmware Update
3642,6,Wi-Fi Connectivity Issues
3643,4,Error Messages and Error Codes
3644,1,App Issue Persists After Troubleshooting
3645,0,Issue After Firmware Update
3646,19,Urgent Issue Affecting Productivity
3647,-1,Other or Unclassified Support Content
3648,8,Charging Problems
3649,18,Device Not Turning On
3650,6,Wi-Fi Connectivity Issues
3651,-1,Other or Unclassified Support Content
3652,2,Account Access and Password Issues
3653,4,Error Messages and Error Codes
3654,0,Issue After Firmware Update
3655,10,Unstable Internet Connection
3656,-1,Other or Unclassified Support Content
3657,-1,Other or Unclassified Support Content
3658,0,Issue After Firmware Update
3659,5,Unable to Perform Desired Action
3660,2,Account Access and Password Issues
3661,15,Software Update Availability
3662,0,Issue After Firmware Update
3663,0,Issue After Firmware Update
3664,1,App Issue Persists After Troubleshooting
3665,0,Issue After Firmware Update
3666,6,Wi-Fi Connectivity Issues
3667,12,Application Crashes and Software Bugs
3668,0,Issue After Firmware Update
3669,8,Charging Problems
3670,-1,Other or Unclassified Support Content
3671,0,Issue After Firmware Update
3672,15,Software Update Availability
3673,-1,Other or Unclassified Support Content
3674,10,Unstable Internet Connection
3675,11,Software Bugs and Data Loss
3676,14,Software Freezing Issues
3677,-1,Other or Unclassified Support Content
3678,15,Software Update Availability
3679,16,Screen and Display Problems
3680,-1,Other or Unclassified Support Content
3681,-1,Other or Unclassified Support Content
3682,8,Charging Problems
3683,6,Wi-Fi Connectivity Issues
3684,-1,Other or Unclassified Support Content
3685,-1,Other or Unclassified Support Content
3686,2,Account Access and Password Issues
3687,14,Software Freezing Issues
3688,19,Urgent Issue Affecting Productivity
3689,13,General Hardware Malfunction
3690,-1,Other or Unclassified Support Content
3691,3,Data Loss and File Recovery
3692,23,Email and Account Issues
3693,-1,Other or Unclassified Support Content
3694,14,Software Freezing Issues
3695,2,Account Access and Password Issues
3696,4,Error Messages and Error Codes
3697,2,Account Access and Password Issues
3698,15,Software Update Availability
3699,4,Error Messages and Error Codes
3700,6,Wi-Fi Connectivity Issues
3701,9,Battery Life Issues
3702,-1,Other or Unclassified Support Content
3703,8,Charging Problems
3704,5,Unable to Perform Desired Action
3705,-1,Other or Unclassified Support Content
3706,3,Data Loss and File Recovery
3707,-1,Other or Unclassified Support Content
3708,0,Issue After Firmware Update
3709,0,Issue After Firmware Update
3710,13,General Hardware Malfunction
3711,3,Data Loss and File Recovery
3712,-1,Other or Unclassified Support Content
3713,6,Wi-Fi Connectivity Issues
3714,0,Issue After Firmware Update
3715,8,Charging Problems
3716,-1,Other or Unclassified Support Content
3717,7,Security and Data Safety Concerns
3718,0,Issue After Firmware Update
3719,7,Security and Data Safety Concerns
3720,-1,Other or Unclassified Support Content
3721,-1,Other or Unclassified Support Content
3722,-1,Other or Unclassified Support Content
3723,6,Wi-Fi Connectivity Issues
3724,26,Other Support Content
3725,-1,Other or Unclassified Support Content
3726,4,Error Messages and Error Codes
3727,-1,Other or Unclassified Support Content
3728,0,Issue After Firmware Update
3729,-1,Other or Unclassified Support Content
3730,11,Software Bugs and Data Loss
3731,-1,Other or Unclassified Support Content
3732,0,Issue After Firmware Update
3733,-1,Other or Unclassified Support Content
3734,0,Issue After Firmware Update
3735,-1,Other or Unclassified Support Content
3736,-1,Other or Unclassified Support Content
3737,6,Wi-Fi Connectivity Issues
3738,1,App Issue Persists After Troubleshooting
3739,9,Battery Life Issues
3740,-1,Other or Unclassified Support Content
3741,5,Unable to Perform Desired Action
3742,-1,Other or Unclassified Support Content
3743,3,Data Loss and File Recovery
3744,8,Charging Problems
3745,17,Urgent Issue Affecting Productivity
3746,11,Software Bugs and Data Loss
3747,11,Software Bugs and Data Loss
3748,6,Wi-Fi Connectivity Issues
3749,16,Screen and Display Problems
3750,5,Unable to Perform Desired Action
3751,0,Issue After Firmware Update
3752,0,Issue After Firmware Update
3753,3,Data Loss and File Recovery
3754,5,Unable to Perform Desired Action
3755,-1,Other or Unclassified Support Content
3756,11,Software Bugs and Data Loss
3757,7,Security and Data Safety Concerns
3758,-1,Other or Unclassified Support Content
3759,2,Account Access and Password Issues
3760,9,Battery Life Issues
3761,7,Security and Data Safety Concerns
3762,2,Account Access and Password Issues
3763,7,Security and Data Safety Concerns
3764,0,Issue After Firmware Update
3765,8,Charging Problems
3766,9,Battery Life Issues
3767,17,Urgent Issue Affecting Productivity
3768,-1,Other or Unclassified Support Content
3769,-1,Other or Unclassified Support Content
3770,5,Unable to Perform Desired Action
3771,1,App Issue Persists After Troubleshooting
3772,19,Urgent Issue Affecting Productivity
3773,-1,Other or Unclassified Support Content
3774,0,Issue After Firmware Update
3775,3,Data Loss and File Recovery
3776,0,Issue After Firmware Update
3777,17,Urgent Issue Affecting Productivity
3778,11,Software Bugs and Data Loss
3779,6,Wi-Fi Connectivity Issues
3780,4,Error Messages and Error Codes
3781,-1,Other or Unclassified Support Content
3782,20,Repair or Replacement Concerns
3783,13,General Hardware Malfunction
3784,6,Wi-Fi Connectivity Issues
3785,0,Issue After Firmware Update
3786,0,Issue After Firmware Update
3787,0,Issue After Firmware Update
3788,10,Unstable Internet Connection
3789,0,Issue After Firmware Update
3790,7,Security and Data Safety Concerns
3791,6,Wi-Fi Connectivity Issues
3792,0,Issue After Firmware Update
3793,22,Invoice and Payment Issues
3794,4,Error Messages and Error Codes
3795,20,Repair or Replacement Concerns
3796,-1,Other or Unclassified Support Content
3797,-1,Other or Unclassified Support Content
3798,16,Screen and Display Problems
3799,0,Issue After Firmware Update
3800,27,Other Support Content
3801,-1,Other or Unclassified Support Content
3802,-1,Other or Unclassified Support Content
3803,10,Unstable Internet Connection
3804,-1,Other or Unclassified Support Content
3805,-1,Other or Unclassified Support Content
3806,-1,Other or Unclassified Support Content
3807,0,Issue After Firmware Update
3808,5,Unable to Perform Desired Action
3809,0,Issue After Firmware Update
3810,-1,Other or Unclassified Support Content
3811,0,Issue After Firmware Update
3812,6,Wi-Fi Connectivity Issues
3813,0,Issue After Firmware Update
3814,0,Issue After Firmware Update
3815,6,Wi-Fi Connectivity Issues
3816,-1,Other or Unclassified Support Content
3817,1,App Issue Persists After Troubleshooting
3818,-1,Other or Unclassified Support Content
3819,0,Issue After Firmware Update
3820,14,Software Freezing Issues
3821,18,Device Not Turning On
3822,0,Issue After Firmware Update
3823,12,Application Crashes and Software Bugs
3824,17,Urgent Issue Affecting Productivity
3825,0,Issue After Firmware Update
3826,19,Urgent Issue Affecting Productivity
3827,6,Wi-Fi Connectivity Issues
3828,0,Issue After Firmware Update
3829,9,Battery Life Issues
3830,-1,Other or Unclassified Support Content
3831,-1,Other or Unclassified Support Content
3832,9,Battery Life Issues
3833,0,Issue After Firmware Update
3834,0,Issue After Firmware Update
3835,9,Battery Life Issues
3836,12,Application Crashes and Software Bugs
3837,3,Data Loss and File Recovery
3838,17,Urgent Issue Affecting Productivity
3839,-1,Other or Unclassified Support Content
3840,-1,Other or Unclassified Support Content
3841,-1,Other or Unclassified Support Content
3842,0,Issue After Firmware Update
3843,0,Issue After Firmware Update
3844,-1,Other or Unclassified Support Content
3845,2,Account Access and Password Issues
3846,12,Application Crashes and Software Bugs
3847,-1,Other or Unclassified Support Content
3848,-1,Other or Unclassified Support Content
3849,0,Issue After Firmware Update
3850,8,Charging Problems
3851,0,Issue After Firmware Update
3852,8,Charging Problems
3853,12,Application Crashes and Software Bugs
3854,-1,Other or Unclassified Support Content
3855,0,Issue After Firmware Update
3856,-1,Other or Unclassified Support Content
3857,7,Security and Data Safety Concerns
3858,16,Screen and Display Problems
3859,1,App Issue Persists After Troubleshooting
3860,8,Charging Problems
3861,11,Software Bugs and Data Loss
3862,0,Issue After Firmware Update
3863,1,App Issue Persists After Troubleshooting
3864,5,Unable to Perform Desired Action
3865,-1,Other or Unclassified Support Content
3866,17,Urgent Issue Affecting Productivity
3867,0,Issue After Firmware Update
3868,1,App Issue Persists After Troubleshooting
3869,-1,Other or Unclassified Support Content
3870,-1,Other or Unclassified Support Content
3871,21,Refund Issues
3872,0,Issue After Firmware Update
3873,11,Software Bugs and Data Loss
3874,-1,Other or Unclassified Support Content
3875,-1,Other or Unclassified Support Content
3876,10,Unstable Internet Connection
3877,6,Wi-Fi Connectivity Issues
3878,12,Application Crashes and Software Bugs
3879,0,Issue After Firmware Update
3880,3,Data Loss and File Recovery
3881,-1,Other or Unclassified Support Content
3882,0,Issue After Firmware Update
3883,0,Issue After Firmware Update
3884,0,Issue After Firmware Update
3885,5,Unable to Perform Desired Action
3886,2,Account Access and Password Issues
3887,0,Issue After Firmware Update
3888,-1,Other or Unclassified Support Content
3889,1,App Issue Persists After Troubleshooting
3890,-1,Other or Unclassified Support Content
3891,8,Charging Problems
3892,0,Issue After Firmware Update
3893,3,Data Loss and File Recovery
3894,-1,Other or Unclassified Support Content
3895,-1,Other or Unclassified Support Content
3896,17,Urgent Issue Affecting Productivity
3897,-1,Other or Unclassified Support Content
3898,-1,Other or Unclassified Support Content
3899,0,Issue After Firmware Update
3900,1,App Issue Persists After Troubleshooting
3901,2,Account Access and Password Issues
3902,-1,Other or Unclassified Support Content
3903,-1,Other or Unclassified Support Content
3904,-1,Other or Unclassified Support Content
3905,-1,Other or Unclassified Support Content
3906,7,Security and Data Safety Concerns
3907,21,Refund Issues
3908,5,Unable to Perform Desired Action
3909,6,Wi-Fi Connectivity Issues
3910,0,Issue After Firmware Update
3911,15,Software Update Availability
3912,1,App Issue Persists After Troubleshooting
3913,0,Issue After Firmware Update
3914,13,General Hardware Malfunction
3915,-1,Other or Unclassified Support Content
3916,7,Security and Data Safety Concerns
3917,0,Issue After Firmware Update
3918,-1,Other or Unclassified Support Content
3919,0,Issue After Firmware Update
3920,-1,Other or Unclassified Support Content
3921,0,Issue After Firmware Update
3922,21,Refund Issues
3923,3,Data Loss and File Recovery
3924,1,App Issue Persists After Troubleshooting
3925,-1,Other or Unclassified Support Content
3926,0,Issue After Firmware Update
3927,2,Account Access and Password Issues
3928,22,Invoice and Payment Issues
3929,7,Security and Data Safety Concerns
3930,9,Battery Life Issues
3931,8,Charging Problems
3932,20,Repair or Replacement Concerns
3933,0,Issue After Firmware Update
3934,3,Data Loss and File Recovery
3935,3,Data Loss and File Recovery
3936,4,Error Messages and Error Codes
3937,0,Issue After Firmware Update
3938,10,Unstable Internet Connection
3939,-1,Other or Unclassified Support Content
3940,0,Issue After Firmware Update
3941,-1,Other or Unclassified Support Content
3942,3,Data Loss and File Recovery
3943,-1,Other or Unclassified Support Content
3944,0,Issue After Firmware Update
3945,7,Security and Data Safety Concerns
3946,-1,Other or Unclassified Support Content
3947,-1,Other or Unclassified Support Content
3948,1,App Issue Persists After Troubleshooting
3949,0,Issue After Firmware Update
3950,-1,Other or Unclassified Support Content
3951,2,Account Access and Password Issues
3952,9,Battery Life Issues
3953,5,Unable to Perform Desired Action
3954,0,Issue After Firmware Update
3955,8,Charging Problems
3956,8,Charging Problems
3957,8,Charging Problems
3958,0,Issue After Firmware Update
3959,6,Wi-Fi Connectivity Issues
3960,-1,Other or Unclassified Support Content
3961,-1,Other or Unclassified Support Content
3962,0,Issue After Firmware Update
3963,14,Software Freezing Issues
3964,1,App Issue Persists After Troubleshooting
3965,-1,Other or Unclassified Support Content
3966,17,Urgent Issue Affecting Productivity
3967,-1,Other or Unclassified Support Content
3968,4,Error Messages and Error Codes
3969,-1,Other or Unclassified Support Content
3970,10,Unstable Internet Connection
3971,6,Wi-Fi Connectivity Issues
3972,-1,Other or Unclassified Support Content
3973,12,Application Crashes and Software Bugs
3974,0,Issue After Firmware Update
3975,0,Issue After Firmware Update
3976,4,Error Messages and Error Codes
3977,15,Software Update Availability
3978,-1,Other or Unclassified Support Content
3979,-1,Other or Unclassified Support Content
3980,3,Data Loss and File Recovery
3981,14,Software Freezing Issues
3982,0,Issue After Firmware Update
3983,1,App Issue Persists After Troubleshooting
3984,0,Issue After Firmware Update
3985,5,Unable to Perform Desired Action
3986,-1,Other or Unclassified Support Content
3987,20,Repair or Replacement Concerns
3988,4,Error Messages and Error Codes
3989,-1,Other or Unclassified Support Content
3990,17,Urgent Issue Affecting Productivity
3991,28,Other Support Content
3992,10,Unstable Internet Connection
3993,-1,Other or Unclassified Support Content
3994,4,Error Messages and Error Codes
3995,2,Account Access and Password Issues
3996,2,Account Access and Password Issues
3997,-1,Other or Unclassified Support Content
3998,-1,Other or Unclassified Support Content
3999,-1,Other or Unclassified Support Content
4000,-1,Other or Unclassified Support Content
4001,8,Charging Problems
4002,-1,Other or Unclassified Support Content
4003,0,Issue After Firmware Update
4004,10,Unstable Internet Connection
4005,-1,Other or Unclassified Support Content
4006,21,Refund Issues
4007,2,Account Access and Password Issues
4008,-1,Other or Unclassified Support Content
4009,0,Issue After Firmware Update
4010,-1,Other or Unclassified Support Content
4011,0,Issue After Firmware Update
4012,-1,Other or Unclassified Support Content
4013,16,Screen and Display Problems
4014,-1,Other or Unclassified Support Content
4015,9,Battery Life Issues
4016,0,Issue After Firmware Update
4017,2,Account Access and Password Issues
4018,-1,Other or Unclassified Support Content
4019,-1,Other or Unclassified Support Content
4020,17,Urgent Issue Affecting Productivity
4021,-1,Other or Unclassified Support Content
4022,-1,Other or Unclassified Support Content
4023,3,Data Loss and File Recovery
4024,10,Unstable Internet Connection
4025,0,Issue After Firmware Update
4026,-1,Other or Unclassified Support Content
4027,1,App Issue Persists After Troubleshooting
4028,2,Account Access and Password Issues
4029,-1,Other or Unclassified Support Content
4030,0,Issue After Firmware Update
4031,5,Unable to Perform Desired Action
4032,9,Battery Life Issues
4033,16,Screen and Display Problems
4034,0,Issue After Firmware Update
4035,-1,Other or Unclassified Support Content
4036,0,Issue After Firmware Update
4037,10,Unstable Internet Connection
4038,10,Unstable Internet Connection
4039,0,Issue After Firmware Update
4040,19,Urgent Issue Affecting Productivity
4041,-1,Other or Unclassified Support Content
4042,-1,Other or Unclassified Support Content
4043,-1,Other or Unclassified Support Content
4044,17,Urgent Issue Affecting Productivity
4045,1,App Issue Persists After Troubleshooting
4046,0,Issue After Firmware Update
4047,8,Charging Problems
4048,4,Error Messages and Error Codes
4049,7,Security and Data Safety Concerns
4050,14,Software Freezing Issues
4051,-1,Other or Unclassified Support Content
4052,8,Charging Problems
4053,18,Device Not Turning On
4054,4,Error Messages and Error Codes
4055,19,Urgent Issue Affecting Productivity
4056,9,Battery Life Issues
4057,5,Unable to Perform Desired Action
4058,-1,Other or Unclassified Support Content
4059,-1,Other or Unclassified Support Content
4060,15,Software Update Availability
4061,0,Issue After Firmware Update
4062,11,Software Bugs and Data Loss
4063,10,Unstable Internet Connection
4064,7,Security and Data Safety Concerns
4065,0,Issue After Firmware Update
4066,9,Battery Life Issues
4067,-1,Other or Unclassified Support Content
4068,-1,Other or Unclassified Support Content
4069,0,Issue After Firmware Update
4070,-1,Other or Unclassified Support Content
4071,18,Device Not Turning On
4072,-1,Other or Unclassified Support Content
4073,19,Urgent Issue Affecting Productivity
4074,10,Unstable Internet Connection
4075,-1,Other or Unclassified Support Content
4076,18,Device Not Turning On
4077,6,Wi-Fi Connectivity Issues
4078,16,Screen and Display Problems
4079,-1,Other or Unclassified Support Content
4080,4,Error Messages and Error Codes
4081,-1,Other or Unclassified Support Content
4082,5,Unable to Perform Desired Action
4083,0,Issue After Firmware Update
4084,0,Issue After Firmware Update
4085,0,Issue After Firmware Update
4086,0,Issue After Firmware Update
4087,16,Screen and Display Problems
4088,-1,Other or Unclassified Support Content
4089,1,App Issue Persists After Troubleshooting
4090,3,Data Loss and File Recovery
4091,3,Data Loss and File Recovery
4092,0,Issue After Firmware Update
4093,-1,Other or Unclassified Support Content
4094,20,Repair or Replacement Concerns
4095,-1,Other or Unclassified Support Content
4096,0,Issue After Firmware Update
4097,0,Issue After Firmware Update
4098,0,Issue After Firmware Update
4099,-1,Other or Unclassified Support Content
4100,25,Refund and Exchange Requests
4101,6,Wi-Fi Connectivity Issues
4102,0,Issue After Firmware Update
4103,3,Data Loss and File Recovery
4104,-1,Other or Unclassified Support Content
4105,-1,Other or Unclassified Support Content
4106,2,Account Access and Password Issues
4107,0,Issue After Firmware Update
4108,1,App Issue Persists After Troubleshooting
4109,8,Charging Problems
4110,17,Urgent Issue Affecting Productivity
4111,-1,Other or Unclassified Support Content
4112,-1,Other or Unclassified Support Content
4113,12,Application Crashes and Software Bugs
4114,0,Issue After Firmware Update
4115,-1,Other or Unclassified Support Content
4116,0,Issue After Firmware Update
4117,-1,Other or Unclassified Support Content
4118,7,Security and Data Safety Concerns
4119,-1,Other or Unclassified Support Content
4120,2,Account Access and Password Issues
4121,1,App Issue Persists After Troubleshooting
4122,-1,Other or Unclassified Support Content
4123,0,Issue After Firmware Update
4124,14,Software Freezing Issues
4125,-1,Other or Unclassified Support Content
4126,-1,Other or Unclassified Support Content
4127,20,Repair or Replacement Concerns
4128,-1,Other or Unclassified Support Content
4129,5,Unable to Perform Desired Action
4130,0,Issue After Firmware Update
4131,0,Issue After Firmware Update
4132,0,Issue After Firmware Update
4133,0,Issue After Firmware Update
4134,-1,Other or Unclassified Support Content
4135,0,Issue After Firmware Update
4136,0,Issue After Firmware Update
4137,12,Application Crashes and Software Bugs
4138,7,Security and Data Safety Concerns
4139,13,General Hardware Malfunction
4140,0,Issue After Firmware Update
4141,0,Issue After Firmware Update
4142,-1,Other or Unclassified Support Content
4143,0,Issue After Firmware Update
4144,15,Software Update Availability
4145,6,Wi-Fi Connectivity Issues
4146,7,Security and Data Safety Concerns
4147,1,App Issue Persists After Troubleshooting
4148,0,Issue After Firmware Update
4149,5,Unable to Perform Desired Action
4150,-1,Other or Unclassified Support Content
4151,0,Issue After Firmware Update
4152,-1,Other or Unclassified Support Content
4153,16,Screen and Display Problems
4154,-1,Other or Unclassified Support Content
4155,6,Wi-Fi Connectivity Issues
4156,11,Software Bugs and Data Loss
4157,0,Issue After Firmware Update
4158,0,Issue After Firmware Update
4159,-1,Other or Unclassified Support Content
4160,-1,Other or Unclassified Support Content
4161,19,Urgent Issue Affecting Productivity
4162,1,App Issue Persists After Troubleshooting
4163,15,Software Update Availability
4164,1,App Issue Persists After Troubleshooting
4165,-1,Other or Unclassified Support Content
4166,-1,Other or Unclassified Support Content
4167,0,Issue After Firmware Update
4168,6,Wi-Fi Connectivity Issues
4169,2,Account Access and Password Issues
4170,7,Security and Data Safety Concerns
4171,-1,Other or Unclassified Support Content
4172,3,Data Loss and File Recovery
4173,0,Issue After Firmware Update
4174,-1,Other or Unclassified Support Content
4175,-1,Other or Unclassified Support Content
4176,11,Software Bugs and Data Loss
4177,-1,Other or Unclassified Support Content
4178,13,General Hardware Malfunction
4179,0,Issue After Firmware Update
4180,4,Error Messages and Error Codes
4181,-1,Other or Unclassified Support Content
4182,0,Issue After Firmware Update
4183,-1,Other or Unclassified Support Content
4184,1,App Issue Persists After Troubleshooting
4185,5,Unable to Perform Desired Action
4186,2,Account Access and Password Issues
4187,0,Issue After Firmware Update
4188,0,Issue After Firmware Update
4189,0,Issue After Firmware Update
4190,2,Account Access and Password Issues
4191,10,Unstable Internet Connection
4192,16,Screen and Display Problems
4193,0,Issue After Firmware Update
4194,24,Other Support Content
4195,20,Repair or Replacement Concerns
4196,-1,Other or Unclassified Support Content
4197,18,Device Not Turning On
4198,5,Unable to Perform Desired Action
4199,5,Unable to Perform Desired Action
4200,-1,Other or Unclassified Support Content
4201,10,Unstable Internet Connection
4202,2,Account Access and Password Issues
4203,-1,Other or Unclassified Support Content
4204,0,Issue After Firmware Update
4205,0,Issue After Firmware Update
4206,-1,Other or Unclassified Support Content
4207,12,Application Crashes and Software Bugs
4208,0,Issue After Firmware Update
4209,-1,Other or Unclassified Support Content
4210,0,Issue After Firmware Update
4211,7,Security and Data Safety Concerns
4212,-1,Other or Unclassified Support Content
4213,20,Repair or Replacement Concerns
4214,16,Screen and Display Problems
4215,3,Data Loss and File Recovery
4216,10,Unstable Internet Connection
4217,-1,Other or Unclassified Support Content
4218,-1,Other or Unclassified Support Content
4219,0,Issue After Firmware Update
4220,-1,Other or Unclassified Support Content
4221,3,Data Loss and File Recovery
4222,11,Software Bugs and Data Loss
4223,4,Error Messages and Error Codes
4224,12,Application Crashes and Software Bugs
4225,-1,Other or Unclassified Support Content
4226,-1,Other or Unclassified Support Content
4227,2,Account Access and Password Issues
4228,8,Charging Problems
4229,2,Account Access and Password Issues
4230,-1,Other or Unclassified Support Content
4231,1,App Issue Persists After Troubleshooting
4232,11,Software Bugs and Data Loss
4233,7,Security and Data Safety Concerns
4234,16,Screen and Display Problems
4235,3,Data Loss and File Recovery
4236,12,Application Crashes and Software Bugs
4237,-1,Other or Unclassified Support Content
4238,0,Issue After Firmware Update
4239,0,Issue After Firmware Update
4240,0,Issue After Firmware Update
4241,-1,Other or Unclassified Support Content
4242,3,Data Loss and File Recovery
4243,19,Urgent Issue Affecting Productivity
4244,5,Unable to Perform Desired Action
4245,-1,Other or Unclassified Support Content
4246,5,Unable to Perform Desired Action
4247,0,Issue After Firmware Update
4248,8,Charging Problems
4249,14,Software Freezing Issues
4250,-1,Other or Unclassified Support Content
4251,19,Urgent Issue Affecting Productivity
4252,3,Data Loss and File Recovery
4253,0,Issue After Firmware Update
4254,-1,Other or Unclassified Support Content
4255,-1,Other or Unclassified Support Content
4256,12,Application Crashes and Software Bugs
4257,0,Issue After Firmware Update
4258,2,Account Access and Password Issues
4259,0,Issue After Firmware Update
4260,7,Security and Data Safety Concerns
4261,6,Wi-Fi Connectivity Issues
4262,1,App Issue Persists After Troubleshooting
4263,0,Issue After Firmware Update
4264,10,Unstable Internet Connection
4265,-1,Other or Unclassified Support Content
4266,-1,Other or Unclassified Support Content
4267,0,Issue After Firmware Update
4268,-1,Other or Unclassified Support Content
4269,11,Software Bugs and Data Loss
4270,-1,Other or Unclassified Support Content
4271,15,Software Update Availability
4272,11,Software Bugs and Data Loss
4273,9,Battery Life Issues
4274,2,Account Access and Password Issues
4275,0,Issue After Firmware Update
4276,2,Account Access and Password Issues
4277,12,Application Crashes and Software Bugs
4278,0,Issue After Firmware Update
4279,-1,Other or Unclassified Support Content
4280,17,Urgent Issue Affecting Productivity
4281,0,Issue After Firmware Update
4282,1,App Issue Persists After Troubleshooting
4283,-1,Other or Unclassified Support Content
4284,0,Issue After Firmware Update
4285,-1,Other or Unclassified Support Content
4286,12,Application Crashes and Software Bugs
4287,-1,Other or Unclassified Support Content
4288,-1,Other or Unclassified Support Content
4289,28,Other Support Content
4290,3,Data Loss and File Recovery
4291,9,Battery Life Issues
4292,6,Wi-Fi Connectivity Issues
4293,13,General Hardware Malfunction
4294,-1,Other or Unclassified Support Content
4295,1,App Issue Persists After Troubleshooting
4296,11,Software Bugs and Data Loss
4297,15,Software Update Availability
4298,3,Data Loss and File Recovery
4299,8,Charging Problems
4300,5,Unable to Perform Desired Action
4301,4,Error Messages and Error Codes
4302,-1,Other or Unclassified Support Content
4303,2,Account Access and Password Issues
4304,-1,Other or Unclassified Support Content
4305,0,Issue After Firmware Update
4306,14,Software Freezing Issues
4307,5,Unable to Perform Desired Action
4308,4,Error Messages and Error Codes
4309,10,Unstable Internet Connection
4310,1,App Issue Persists After Troubleshooting
4311,3,Data Loss and File Recovery
4312,0,Issue After Firmware Update
4313,19,Urgent Issue Affecting Productivity
4314,-1,Other or Unclassified Support Content
4315,5,Unable to Perform Desired Action
4316,17,Urgent Issue Affecting Productivity
4317,18,Device Not Turning On
4318,0,Issue After Firmware Update
4319,0,Issue After Firmware Update
4320,14,Software Freezing Issues
4321,-1,Other or Unclassified Support Content
4322,-1,Other or Unclassified Support Content
4323,0,Issue After Firmware Update
4324,6,Wi-Fi Connectivity Issues
4325,12,Application Crashes and Software Bugs
4326,13,General Hardware Malfunction
4327,9,Battery Life Issues
4328,4,Error Messages and Error Codes
4329,9,Battery Life Issues
4330,7,Security and Data Safety Concerns
4331,0,Issue After Firmware Update
4332,0,Issue After Firmware Update
4333,1,App Issue Persists After Troubleshooting
4334,4,Error Messages and Error Codes
4335,2,Account Access and Password Issues
4336,0,Issue After Firmware Update
4337,0,Issue After Firmware Update
4338,-1,Other or Unclassified Support Content
4339,12,Application Crashes and Software Bugs
4340,17,Urgent Issue Affecting Productivity
4341,2,Account Access and Password Issues
4342,-1,Other or Unclassified Support Content
4343,0,Issue After Firmware Update
4344,0,Issue After Firmware Update
4345,-1,Other or Unclassified Support Content
4346,1,App Issue Persists After Troubleshooting
4347,-1,Other or Unclassified Support Content
4348,15,Software Update Availability
4349,-1,Other or Unclassified Support Content
4350,14,Software Freezing Issues
4351,5,Unable to Perform Desired Action
4352,0,Issue After Firmware Update
4353,18,Device Not Turning On
4354,19,Urgent Issue Affecting Productivity
4355,0,Issue After Firmware Update
4356,-1,Other or Unclassified Support Content
4357,9,Battery Life Issues
4358,0,Issue After Firmware Update
4359,20,Repair or Replacement Concerns
4360,0,Issue After Firmware Update
4361,-1,Other or Unclassified Support Content
4362,0,Issue After Firmware Update
4363,22,Invoice and Payment Issues
4364,-1,Other or Unclassified Support Content
4365,3,Data Loss and File Recovery
4366,7,Security and Data Safety Concerns
4367,9,Battery Life Issues
4368,20,Repair or Replacement Concerns
4369,13,General Hardware Malfunction
4370,1,App Issue Persists After Troubleshooting
4371,22,Invoice and Payment Issues
4372,4,Error Messages and Error Codes
4373,20,Repair or Replacement Concerns
4374,-1,Other or Unclassified Support Content
4375,7,Security and Data Safety Concerns
4376,3,Data Loss and File Recovery
4377,-1,Other or Unclassified Support Content
4378,18,Device Not Turning On
4379,15,Software Update Availability
4380,6,Wi-Fi Connectivity Issues
4381,0,Issue After Firmware Update
4382,13,General Hardware Malfunction
4383,1,App Issue Persists After Troubleshooting
4384,-1,Other or Unclassified Support Content
4385,2,Account Access and Password Issues
4386,-1,Other or Unclassified Support Content
4387,6,Wi-Fi Connectivity Issues
4388,0,Issue After Firmware Update
4389,-1,Other or Unclassified Support Content
4390,26,Other Support Content
4391,14,Software Freezing Issues
4392,3,Data Loss and File Recovery
4393,1,App Issue Persists After Troubleshooting
4394,-1,Other or Unclassified Support Content
4395,2,Account Access and Password Issues
4396,0,Issue After Firmware Update
4397,-1,Other or Unclassified Support Content
4398,0,Issue After Firmware Update
4399,-1,Other or Unclassified Support Content
4400,1,App Issue Persists After Troubleshooting
4401,0,Issue After Firmware Update
4402,19,Urgent Issue Affecting Productivity
4403,6,Wi-Fi Connectivity Issues
4404,0,Issue After Firmware Update
4405,0,Issue After Firmware Update
4406,-1,Other or Unclassified Support Content
4407,2,Account Access and Password Issues
4408,5,Unable to Perform Desired Action
4409,22,Invoice and Payment Issues
4410,1,App Issue Persists After Troubleshooting
4411,16,Screen and Display Problems
4412,2,Account Access and Password Issues
4413,1,App Issue Persists After Troubleshooting
4414,-1,Other or Unclassified Support Content
4415,1,App Issue Persists After Troubleshooting
4416,1,App Issue Persists After Troubleshooting
4417,0,Issue After Firmware Update
4418,2,Account Access and Password Issues
4419,-1,Other or Unclassified Support Content
4420,18,Device Not Turning On
4421,6,Wi-Fi Connectivity Issues
4422,9,Battery Life Issues
4423,4,Error Messages and Error Codes
4424,3,Data Loss and File Recovery
4425,0,Issue After Firmware Update
4426,-1,Other or Unclassified Support Content
4427,-1,Other or Unclassified Support Content
4428,9,Battery Life Issues
4429,5,Unable to Perform Desired Action
4430,0,Issue After Firmware Update
4431,13,General Hardware Malfunction
4432,0,Issue After Firmware Update
4433,10,Unstable Internet Connection
4434,3,Data Loss and File Recovery
4435,-1,Other or Unclassified Support Content
4436,2,Account Access and Password Issues
4437,-1,Other or Unclassified Support Content
4438,0,Issue After Firmware Update
4439,1,App Issue Persists After Troubleshooting
4440,-1,Other or Unclassified Support Content
4441,2,Account Access and Password Issues
4442,0,Issue After Firmware Update
4443,-1,Other or Unclassified Support Content
4444,-1,Other or Unclassified Support Content
4445,-1,Other or Unclassified Support Content
4446,-1,Other or Unclassified Support Content
4447,0,Issue After Firmware Update
4448,7,Security and Data Safety Concerns
4449,-1,Other or Unclassified Support Content
4450,0,Issue After Firmware Update
4451,0,Issue After Firmware Update
4452,-1,Other or Unclassified Support Content
4453,9,Battery Life Issues
4454,0,Issue After Firmware Update
4455,0,Issue After Firmware Update
4456,2,Account Access and Password Issues
4457,-1,Other or Unclassified Support Content
4458,12,Application Crashes and Software Bugs
4459,4,Error Messages and Error Codes
4460,11,Software Bugs and Data Loss
4461,-1,Other or Unclassified Support Content
4462,0,Issue After Firmware Update
4463,-1,Other or Unclassified Support Content
4464,-1,Other or Unclassified Support Content
4465,0,Issue After Firmware Update
4466,4,Error Messages and Error Codes
4467,13,General Hardware Malfunction
4468,-1,Other or Unclassified Support Content
4469,5,Unable to Perform Desired Action
4470,0,Issue After Firmware Update
4471,10,Unstable Internet Connection
4472,0,Issue After Firmware Update
4473,4,Error Messages and Error Codes
4474,0,Issue After Firmware Update
4475,-1,Other or Unclassified Support Content
4476,-1,Other or Unclassified Support Content
4477,16,Screen and Display Problems
4478,11,Software Bugs and Data Loss
4479,-1,Other or Unclassified Support Content
4480,10,Unstable Internet Connection
4481,-1,Other or Unclassified Support Content
4482,-1,Other or Unclassified Support Content
4483,18,Device Not Turning On
4484,11,Software Bugs and Data Loss
4485,2,Account Access and Password Issues
4486,1,App Issue Persists After Troubleshooting
4487,1,App Issue Persists After Troubleshooting
4488,2,Account Access and Password Issues
4489,15,Software Update Availability
4490,13,General Hardware Malfunction
4491,1,App Issue Persists After Troubleshooting
4492,0,Issue After Firmware Update
4493,0,Issue After Firmware Update
4494,11,Software Bugs and Data Loss
4495,-1,Other or Unclassified Support Content
4496,8,Charging Problems
4497,-1,Other or Unclassified Support Content
4498,0,Issue After Firmware Update
4499,-1,Other or Unclassified Support Content
4500,3,Data Loss and File Recovery
4501,0,Issue After Firmware Update
4502,14,Software Freezing Issues
4503,-1,Other or Unclassified Support Content
4504,0,Issue After Firmware Update
4505,18,Device Not Turning On
4506,2,Account Access and Password Issues
4507,12,Application Crashes and Software Bugs
4508,0,Issue After Firmware Update
4509,1,App Issue Persists After Troubleshooting
4510,0,Issue After Firmware Update
4511,12,Application Crashes and Software Bugs
4512,1,App Issue Persists After Troubleshooting
4513,-1,Other or Unclassified Support Content
4514,0,Issue After Firmware Update
4515,-1,Other or Unclassified Support Content
4516,-1,Other or Unclassified Support Content
4517,6,Wi-Fi Connectivity Issues
4518,9,Battery Life Issues
4519,5,Unable to Perform Desired Action
4520,-1,Other or Unclassified Support Content
4521,-1,Other or Unclassified Support Content
4522,-1,Other or Unclassified Support Content
4523,8,Charging Problems
4524,-1,Other or Unclassified Support Content
4525,2,Account Access and Password Issues
4526,8,Charging Problems
4527,3,Data Loss and File Recovery
4528,-1,Other or Unclassified Support Content
4529,14,Software Freezing Issues
4530,4,Error Messages and Error Codes
4531,0,Issue After Firmware Update
4532,12,Application Crashes and Software Bugs
4533,13,General Hardware Malfunction
4534,8,Charging Problems
4535,4,Error Messages and Error Codes
4536,-1,Other or Unclassified Support Content
4537,5,Unable to Perform Desired Action
4538,-1,Other or Unclassified Support Content
4539,-1,Other or Unclassified Support Content
4540,13,General Hardware Malfunction
4541,12,Application Crashes and Software Bugs
4542,9,Battery Life Issues
4543,15,Software Update Availability
4544,10,Unstable Internet Connection
4545,3,Data Loss and File Recovery
4546,-1,Other or Unclassified Support Content
4547,0,Issue After Firmware Update
4548,1,App Issue Persists After Troubleshooting
4549,12,Application Crashes and Software Bugs
4550,-1,Other or Unclassified Support Content
4551,7,Security and Data Safety Concerns
4552,0,Issue After Firmware Update
4553,2,Account Access and Password Issues
4554,-1,Other or Unclassified Support Content
4555,14,Software Freezing Issues
4556,18,Device Not Turning On
4557,6,Wi-Fi Connectivity Issues
4558,14,Software Freezing Issues
4559,15,Software Update Availability
4560,14,Software Freezing Issues
4561,2,Account Access and Password Issues
4562,0,Issue After Firmware Update
4563,-1,Other or Unclassified Support Content
4564,0,Issue After Firmware Update
4565,0,Issue After Firmware Update
4566,5,Unable to Perform Desired Action
4567,10,Unstable Internet Connection
4568,-1,Other or Unclassified Support Content
4569,-1,Other or Unclassified Support Content
4570,0,Issue After Firmware Update
4571,-1,Other or Unclassified Support Content
4572,4,Error Messages and Error Codes
4573,1,App Issue Persists After Troubleshooting
4574,17,Urgent Issue Affecting Productivity
4575,4,Error Messages and Error Codes
4576,-1,Other or Unclassified Support Content
4577,6,Wi-Fi Connectivity Issues
4578,6,Wi-Fi Connectivity Issues
4579,12,Application Crashes and Software Bugs
4580,-1,Other or Unclassified Support Content
4581,2,Account Access and Password Issues
4582,-1,Other or Unclassified Support Content
4583,-1,Other or Unclassified Support Content
4584,3,Data Loss and File Recovery
4585,11,Software Bugs and Data Loss
4586,17,Urgent Issue Affecting Productivity
4587,6,Wi-Fi Connectivity Issues
4588,-1,Other or Unclassified Support Content
4589,3,Data Loss and File Recovery
4590,-1,Other or Unclassified Support Content
4591,4,Error Messages and Error Codes
4592,11,Software Bugs and Data Loss
4593,-1,Other or Unclassified Support Content
4594,0,Issue After Firmware Update
4595,0,Issue After Firmware Update
4596,14,Software Freezing Issues
4597,17,Urgent Issue Affecting Productivity
4598,14,Software Freezing Issues
4599,0,Issue After Firmware Update
4600,1,App Issue Persists After Troubleshooting
4601,6,Wi-Fi Connectivity Issues
4602,1,App Issue Persists After Troubleshooting
4603,0,Issue After Firmware Update
4604,-1,Other or Unclassified Support Content
4605,15,Software Update Availability
4606,15,Software Update Availability
4607,14,Software Freezing Issues
4608,3,Data Loss and File Recovery
4609,2,Account Access and Password Issues
4610,14,Software Freezing Issues
4611,0,Issue After Firmware Update
4612,-1,Other or Unclassified Support Content
4613,11,Software Bugs and Data Loss
4614,-1,Other or Unclassified Support Content
4615,-1,Other or Unclassified Support Content
4616,0,Issue After Firmware Update
4617,2,Account Access and Password Issues
4618,1,App Issue Persists After Troubleshooting
4619,-1,Other or Unclassified Support Content
4620,0,Issue After Firmware Update
4621,11,Software Bugs and Data Loss
4622,19,Urgent Issue Affecting Productivity
4623,7,Security and Data Safety Concerns
4624,11,Software Bugs and Data Loss
4625,0,Issue After Firmware Update
4626,-1,Other or Unclassified Support Content
4627,18,Device Not Turning On
4628,0,Issue After Firmware Update
4629,0,Issue After Firmware Update
4630,0,Issue After Firmware Update
4631,11,Software Bugs and Data Loss
4632,17,Urgent Issue Affecting Productivity
4633,11,Software Bugs and Data Loss
4634,-1,Other or Unclassified Support Content
4635,19,Urgent Issue Affecting Productivity
4636,-1,Other or Unclassified Support Content
4637,1,App Issue Persists After Troubleshooting
4638,14,Software Freezing Issues
4639,4,Error Messages and Error Codes
4640,0,Issue After Firmware Update
4641,0,Issue After Firmware Update
4642,1,App Issue Persists After Troubleshooting
4643,13,General Hardware Malfunction
4644,0,Issue After Firmware Update
4645,-1,Other or Unclassified Support Content
4646,-1,Other or Unclassified Support Content
4647,6,Wi-Fi Connectivity Issues
4648,0,Issue After Firmware Update
4649,18,Device Not Turning On
4650,11,Software Bugs and Data Loss
4651,4,Error Messages and Error Codes
4652,-1,Other or Unclassified Support Content
4653,24,Other Support Content
4654,8,Charging Problems
4655,2,Account Access and Password Issues
4656,0,Issue After Firmware Update
4657,7,Security and Data Safety Concerns
4658,-1,Other or Unclassified Support Content
4659,16,Screen and Display Problems
4660,2,Account Access and Password Issues
4661,0,Issue After Firmware Update
4662,0,Issue After Firmware Update
4663,21,Refund Issues
4664,0,Issue After Firmware Update
4665,-1,Other or Unclassified Support Content
4666,-1,Other or Unclassified Support Content
4667,3,Data Loss and File Recovery
4668,7,Security and Data Safety Concerns
4669,-1,Other or Unclassified Support Content
4670,12,Application Crashes and Software Bugs
4671,9,Battery Life Issues
4672,0,Issue After Firmware Update
4673,10,Unstable Internet Connection
4674,1,App Issue Persists After Troubleshooting
4675,3,Data Loss and File Recovery
4676,7,Security and Data Safety Concerns
4677,0,Issue After Firmware Update
4678,4,Error Messages and Error Codes
4679,0,Issue After Firmware Update
4680,13,General Hardware Malfunction
4681,11,Software Bugs and Data Loss
4682,9,Battery Life Issues
4683,0,Issue After Firmware Update
4684,15,Software Update Availability
4685,-1,Other or Unclassified Support Content
4686,4,Error Messages and Error Codes
4687,0,Issue After Firmware Update
4688,-1,Other or Unclassified Support Content
4689,-1,Other or Unclassified Support Content
4690,1,App Issue Persists After Troubleshooting
4691,17,Urgent Issue Affecting Productivity
4692,0,Issue After Firmware Update
4693,2,Account Access and Password Issues
4694,16,Screen and Display Problems
4695,0,Issue After Firmware Update
4696,3,Data Loss and File Recovery
4697,7,Security and Data Safety Concerns
4698,7,Security and Data Safety Concerns
4699,2,Account Access and Password Issues
4700,-1,Other or Unclassified Support Content
4701,1,App Issue Persists After Troubleshooting
4702,-1,Other or Unclassified Support Content
4703,4,Error Messages and Error Codes
4704,-1,Other or Unclassified Support Content
4705,11,Software Bugs and Data Loss
4706,0,Issue After Firmware Update
4707,3,Data Loss and File Recovery
4708,-1,Other or Unclassified Support Content
4709,0,Issue After Firmware Update
4710,0,Issue After Firmware Update
4711,0,Issue After Firmware Update
4712,-1,Other or Unclassified Support Content
4713,4,Error Messages and Error Codes
4714,2,Account Access and Password Issues
4715,0,Issue After Firmware Update
4716,6,Wi-Fi Connectivity Issues
4717,2,Account Access and Password Issues
4718,-1,Other or Unclassified Support Content
4719,8,Charging Problems
4720,17,Urgent Issue Affecting Productivity
4721,0,Issue After Firmware Update
4722,-1,Other or Unclassified Support Content
4723,-1,Other or Unclassified Support Content
4724,15,Software Update Availability
4725,14,Software Freezing Issues
4726,0,Issue After Firmware Update
4727,3,Data Loss and File Recovery
4728,0,Issue After Firmware Update
4729,2,Account Access and Password Issues
4730,0,Issue After Firmware Update
4731,13,General Hardware Malfunction
4732,-1,Other or Unclassified Support Content
4733,14,Software Freezing Issues
4734,0,Issue After Firmware Update
4735,3,Data Loss and File Recovery
4736,-1,Other or Unclassified Support Content
4737,19,Urgent Issue Affecting Productivity
4738,7,Security and Data Safety Concerns
4739,-1,Other or Unclassified Support Content
4740,6,Wi-Fi Connectivity Issues
4741,7,Security and Data Safety Concerns
4742,2,Account Access and Password Issues
4743,2,Account Access and Password Issues
4744,21,Refund Issues
4745,0,Issue After Firmware Update
4746,21,Refund Issues
4747,2,Account Access and Password Issues
4748,0,Issue After Firmware Update
4749,10,Unstable Internet Connection
4750,3,Data Loss and File Recovery
4751,17,Urgent Issue Affecting Productivity
4752,8,Charging Problems
4753,-1,Other or Unclassified Support Content
4754,1,App Issue Persists After Troubleshooting
4755,0,Issue After Firmware Update
4756,0,Issue After Firmware Update
4757,-1,Other or Unclassified Support Content
4758,3,Data Loss and File Recovery
4759,3,Data Loss and File Recovery
4760,9,Battery Life Issues
4761,0,Issue After Firmware Update
4762,4,Error Messages and Error Codes
4763,-1,Other or Unclassified Support Content
4764,-1,Other or Unclassified Support Content
4765,18,Device Not Turning On
4766,7,Security and Data Safety Concerns
4767,0,Issue After Firmware Update
4768,-1,Other or Unclassified Support Content
4769,8,Charging Problems
4770,0,Issue After Firmware Update
4771,-1,Other or Unclassified Support Content
4772,6,Wi-Fi Connectivity Issues
4773,0,Issue After Firmware Update
4774,-1,Other or Unclassified Support Content
4775,2,Account Access and Password Issues
4776,0,Issue After Firmware Update
4777,0,Issue After Firmware Update
4778,7,Security and Data Safety Concerns
4779,-1,Other or Unclassified Support Content
4780,5,Unable to Perform Desired Action
4781,12,Application Crashes and Software Bugs
4782,-1,Other or Unclassified Support Content
4783,-1,Other or Unclassified Support Content
4784,9,Battery Life Issues
4785,-1,Other or Unclassified Support Content
4786,1,App Issue Persists After Troubleshooting
4787,0,Issue After Firmware Update
4788,8,Charging Problems
4789,2,Account Access and Password Issues
4790,2,Account Access and Password Issues
4791,0,Issue After Firmware Update
4792,5,Unable to Perform Desired Action
4793,3,Data Loss and File Recovery
4794,11,Software Bugs and Data Loss
4795,7,Security and Data Safety Concerns
4796,2,Account Access and Password Issues
4797,10,Unstable Internet Connection
4798,19,Urgent Issue Affecting Productivity
4799,0,Issue After Firmware Update
4800,0,Issue After Firmware Update
4801,-1,Other or Unclassified Support Content
4802,19,Urgent Issue Affecting Productivity
4803,0,Issue After Firmware Update
4804,0,Issue After Firmware Update
4805,0,Issue After Firmware Update
4806,0,Issue After Firmware Update
4807,2,Account Access and Password Issues
4808,2,Account Access and Password Issues
4809,16,Screen and Display Problems
4810,21,Refund Issues
4811,0,Issue After Firmware Update
4812,0,Issue After Firmware Update
4813,-1,Other or Unclassified Support Content
4814,12,Application Crashes and Software Bugs
4815,0,Issue After Firmware Update
4816,1,App Issue Persists After Troubleshooting
4817,-1,Other or Unclassified Support Content
4818,-1,Other or Unclassified Support Content
4819,5,Unable to Perform Desired Action
4820,0,Issue After Firmware Update
4821,0,Issue After Firmware Update
4822,2,Account Access and Password Issues
4823,4,Error Messages and Error Codes
4824,0,Issue After Firmware Update
4825,-1,Other or Unclassified Support Content
4826,3,Data Loss and File Recovery
4827,5,Unable to Perform Desired Action
4828,14,Software Freezing Issues
4829,3,Data Loss and File Recovery
4830,8,Charging Problems
4831,0,Issue After Firmware Update
4832,2,Account Access and Password Issues
4833,0,Issue After Firmware Update
4834,0,Issue After Firmware Update
4835,0,Issue After Firmware Update
4836,5,Unable to Perform Desired Action
4837,-1,Other or Unclassified Support Content
4838,-1,Other or Unclassified Support Content
4839,-1,Other or Unclassified Support Content
4840,0,Issue After Firmware Update
4841,0,Issue After Firmware Update
4842,-1,Other or Unclassified Support Content
4843,1,App Issue Persists After Troubleshooting
4844,1,App Issue Persists After Troubleshooting
4845,0,Issue After Firmware Update
4846,10,Unstable Internet Connection
4847,0,Issue After Firmware Update
4848,-1,Other or Unclassified Support Content
4849,9,Battery Life Issues
4850,6,Wi-Fi Connectivity Issues
4851,13,General Hardware Malfunction
4852,6,Wi-Fi Connectivity Issues
4853,9,Battery Life Issues
4854,0,Issue After Firmware Update
4855,15,Software Update Availability
4856,3,Data Loss and File Recovery
4857,-1,Other or Unclassified Support Content
4858,0,Issue After Firmware Update
4859,-1,Other or Unclassified Support Content
4860,19,Urgent Issue Affecting Productivity
4861,19,Urgent Issue Affecting Productivity
4862,-1,Other or Unclassified Support Content
4863,-1,Other or Unclassified Support Content
4864,3,Data Loss and File Recovery
4865,0,Issue After Firmware Update
4866,-1,Other or Unclassified Support Content
4867,10,Unstable Internet Connection
4868,-1,Other or Unclassified Support Content
4869,-1,Other or Unclassified Support Content
4870,0,Issue After Firmware Update
4871,2,Account Access and Password Issues
4872,14,Software Freezing Issues
4873,0,Issue After Firmware Update
4874,0,Issue After Firmware Update
4875,5,Unable to Perform Desired Action
4876,6,Wi-Fi Connectivity Issues
4877,0,Issue After Firmware Update
4878,18,Device Not Turning On
4879,3,Data Loss and File Recovery
4880,-1,Other or Unclassified Support Content
4881,0,Issue After Firmware Update
4882,3,Data Loss and File Recovery
4883,10,Unstable Internet Connection
4884,0,Issue After Firmware Update
4885,-1,Other or Unclassified Support Content
4886,12,Application Crashes and Software Bugs
4887,-1,Other or Unclassified Support Content
4888,-1,Other or Unclassified Support Content
4889,10,Unstable Internet Connection
4890,0,Issue After Firmware Update
4891,16,Screen and Display Problems
4892,8,Charging Problems
4893,0,Issue After Firmware Update
4894,10,Unstable Internet Connection
4895,0,Issue After Firmware Update
4896,4,Error Messages and Error Codes
4897,1,App Issue Persists After Troubleshooting
4898,-1,Other or Unclassified Support Content
4899,13,General Hardware Malfunction
4900,1,App Issue Persists After Troubleshooting
4901,-1,Other or Unclassified Support Content
4902,2,Account Access and Password Issues
4903,-1,Other or Unclassified Support Content
4904,18,Device Not Turning On
4905,7,Security and Data Safety Concerns
4906,1,App Issue Persists After Troubleshooting
4907,-1,Other or Unclassified Support Content
4908,7,Security and Data Safety Concerns
4909,11,Software Bugs and Data Loss
4910,17,Urgent Issue Affecting Productivity
4911,16,Screen and Display Problems
4912,0,Issue After Firmware Update
4913,6,Wi-Fi Connectivity Issues
4914,0,Issue After Firmware Update
4915,10,Unstable Internet Connection
4916,0,Issue After Firmware Update
4917,12,Application Crashes and Software Bugs
4918,11,Software Bugs and Data Loss
4919,-1,Other or Unclassified Support Content
4920,6,Wi-Fi Connectivity Issues
4921,7,Security and Data Safety Concerns
4922,0,Issue After Firmware Update
4923,0,Issue After Firmware Update
4924,-1,Other or Unclassified Support Content
4925,3,Data Loss and File Recovery
4926,12,Application Crashes and Software Bugs
4927,7,Security and Data Safety Concerns
4928,0,Issue After Firmware Update
4929,5,Unable to Perform Desired Action
4930,-1,Other or Unclassified Support Content
4931,4,Error Messages and Error Codes
4932,4,Error Messages and Error Codes
4933,2,Account Access and Password Issues
4934,6,Wi-Fi Connectivity Issues
4935,-1,Other or Unclassified Support Content
4936,6,Wi-Fi Connectivity Issues
4937,4,Error Messages and Error Codes
4938,13,General Hardware Malfunction
4939,0,Issue After Firmware Update
4940,8,Charging Problems
4941,0,Issue After Firmware Update
4942,7,Security and Data Safety Concerns
4943,-1,Other or Unclassified Support Content
4944,1,App Issue Persists After Troubleshooting
4945,-1,Other or Unclassified Support Content
4946,3,Data Loss and File Recovery
4947,0,Issue After Firmware Update
4948,-1,Other or Unclassified Support Content
4949,0,Issue After Firmware Update
4950,5,Unable to Perform Desired Action
4951,-1,Other or Unclassified Support Content
4952,-1,Other or Unclassified Support Content
4953,0,Issue After Firmware Update
4954,0,Issue After Firmware Update
4955,-1,Other or Unclassified Support Content
4956,-1,Other or Unclassified Support Content
4957,0,Issue After Firmware Update
4958,-1,Other or Unclassified Support Content
4959,0,Issue After Firmware Update
4960,12,Application Crashes and Software Bugs
4961,-1,Other or Unclassified Support Content
4962,0,Issue After Firmware Update
4963,-1,Other or Unclassified Support Content
4964,5,Unable to Perform Desired Action
4965,18,Device Not Turning On
4966,-1,Other or Unclassified Support Content
4967,0,Issue After Firmware Update
4968,12,Application Crashes and Software Bugs
4969,7,Security and Data Safety Concerns
4970,7,Security and Data Safety Concerns
4971,0,Issue After Firmware Update
4972,0,Issue After Firmware Update
4973,-1,Other or Unclassified Support Content
4974,-1,Other or Unclassified Support Content
4975,2,Account Access and Password Issues
4976,13,General Hardware Malfunction
4977,3,Data Loss and File Recovery
4978,9,Battery Life Issues
4979,-1,Other or Unclassified Support Content
4980,2,Account Access and Password Issues
4981,14,Software Freezing Issues
4982,0,Issue After Firmware Update
4983,2,Account Access and Password Issues
4984,0,Issue After Firmware Update
4985,0,Issue After Firmware Update
4986,8,Charging Problems
4987,-1,Other or Unclassified Support Content
4988,22,Invoice and Payment Issues
4989,-1,Other or Unclassified Support Content
4990,-1,Other or Unclassified Support Content
4991,2,Account Access and Password Issues
4992,0,Issue After Firmware Update
4993,-1,Other or Unclassified Support Content
4994,-1,Other or Unclassified Support Content
4995,-1,Other or Unclassified Support Content
4996,0,Issue After Firmware Update
4997,0,Issue After Firmware Update
4998,-1,Other or Unclassified Support Content
4999,15,Software Update Availability
5000,16,Screen and Display Problems
5001,16,Screen and Display Problems
5002,-1,Other or Unclassified Support Content
5003,-1,Other or Unclassified Support Content
5004,0,Issue After Firmware Update
5005,12,Application Crashes and Software Bugs
5006,0,Issue After Firmware Update
5007,4,Error Messages and Error Codes
5008,2,Account Access and Password Issues
5009,14,Software Freezing Issues
5010,1,App Issue Persists After Troubleshooting
5011,-1,Other or Unclassified Support Content
5012,-1,Other or Unclassified Support Content
5013,-1,Other or Unclassified Support Content
5014,-1,Other or Unclassified Support Content
5015,6,Wi-Fi Connectivity Issues
5016,-1,Other or Unclassified Support Content
5017,11,Software Bugs and Data Loss
5018,13,General Hardware Malfunction
5019,10,Unstable Internet Connection
5020,0,Issue After Firmware Update
5021,9,Battery Life Issues
5022,0,Issue After Firmware Update
5023,5,Unable to Perform Desired Action
5024,11,Software Bugs and Data Loss
5025,-1,Other or Unclassified Support Content
5026,0,Issue After Firmware Update
5027,0,Issue After Firmware Update
5028,0,Issue After Firmware Update
5029,-1,Other or Unclassified Support Content
5030,12,Application Crashes and Software Bugs
5031,-1,Other or Unclassified Support Content
5032,18,Device Not Turning On
5033,0,Issue After Firmware Update
5034,-1,Other or Unclassified Support Content
5035,1,App Issue Persists After Troubleshooting
5036,8,Charging Problems
5037,3,Data Loss and File Recovery
5038,0,Issue After Firmware Update
5039,-1,Other or Unclassified Support Content
5040,2,Account Access and Password Issues
5041,0,Issue After Firmware Update
5042,-1,Other or Unclassified Support Content
5043,6,Wi-Fi Connectivity Issues
5044,4,Error Messages and Error Codes
5045,3,Data Loss and File Recovery
5046,0,Issue After Firmware Update
5047,4,Error Messages and Error Codes
5048,0,Issue After Firmware Update
5049,0,Issue After Firmware Update
5050,9,Battery Life Issues
5051,0,Issue After Firmware Update
5052,2,Account Access and Password Issues
5053,1,App Issue Persists After Troubleshooting
5054,4,Error Messages and Error Codes
5055,0,Issue After Firmware Update
5056,-1,Other or Unclassified Support Content
5057,-1,Other or Unclassified Support Content
5058,0,Issue After Firmware Update
5059,5,Unable to Perform Desired Action
5060,12,Application Crashes and Software Bugs
5061,0,Issue After Firmware Update
5062,1,App Issue Persists After Troubleshooting
5063,0,Issue After Firmware Update
5064,5,Unable to Perform Desired Action
5065,-1,Other or Unclassified Support Content
5066,-1,Other or Unclassified Support Content
5067,20,Repair or Replacement Concerns
5068,1,App Issue Persists After Troubleshooting
5069,11,Software Bugs and Data Loss
5070,-1,Other or Unclassified Support Content
5071,19,Urgent Issue Affecting Productivity
5072,0,Issue After Firmware Update
5073,4,Error Messages and Error Codes
5074,0,Issue After Firmware Update
5075,-1,Other or Unclassified Support Content
5076,-1,Other or Unclassified Support Content
5077,4,Error Messages and Error Codes
5078,5,Unable to Perform Desired Action
5079,-1,Other or Unclassified Support Content
5080,13,General Hardware Malfunction
5081,12,Application Crashes and Software Bugs
5082,0,Issue After Firmware Update
5083,7,Security and Data Safety Concerns
5084,20,Repair or Replacement Concerns
5085,20,Repair or Replacement Concerns
5086,11,Software Bugs and Data Loss
5087,20,Repair or Replacement Concerns
5088,-1,Other or Unclassified Support Content
5089,-1,Other or Unclassified Support Content
5090,-1,Other or Unclassified Support Content
5091,0,Issue After Firmware Update
5092,1,App Issue Persists After Troubleshooting
5093,0,Issue After Firmware Update
5094,-1,Other or Unclassified Support Content
5095,-1,Other or Unclassified Support Content
5096,19,Urgent Issue Affecting Productivity
5097,5,Unable to Perform Desired Action
5098,13,General Hardware Malfunction
5099,8,Charging Problems
5100,8,Charging Problems
5101,0,Issue After Firmware Update
5102,16,Screen and Display Problems
5103,6,Wi-Fi Connectivity Issues
5104,15,Software Update Availability
5105,5,Unable to Perform Desired Action
5106,8,Charging Problems
5107,-1,Other or Unclassified Support Content
5108,-1,Other or Unclassified Support Content
5109,1,App Issue Persists After Troubleshooting
5110,20,Repair or Replacement Concerns
5111,4,Error Messages and Error Codes
5112,19,Urgent Issue Affecting Productivity
5113,1,App Issue Persists After Troubleshooting
5114,0,Issue After Firmware Update
5115,9,Battery Life Issues
5116,11,Software Bugs and Data Loss
5117,8,Charging Problems
5118,7,Security and Data Safety Concerns
5119,9,Battery Life Issues
5120,0,Issue After Firmware Update
5121,-1,Other or Unclassified Support Content
5122,2,Account Access and Password Issues
5123,13,General Hardware Malfunction
5124,0,Issue After Firmware Update
5125,10,Unstable Internet Connection
5126,7,Security and Data Safety Concerns
5127,-1,Other or Unclassified Support Content
5128,2,Account Access and Password Issues
5129,0,Issue After Firmware Update
5130,-1,Other or Unclassified Support Content
5131,0,Issue After Firmware Update
5132,0,Issue After Firmware Update
5133,-1,Other or Unclassified Support Content
5134,9,Battery Life Issues
5135,8,Charging Problems
5136,3,Data Loss and File Recovery
5137,1,App Issue Persists After Troubleshooting
5138,6,Wi-Fi Connectivity Issues
5139,9,Battery Life Issues
5140,-1,Other or Unclassified Support Content
5141,18,Device Not Turning On
5142,0,Issue After Firmware Update
5143,-1,Other or Unclassified Support Content
5144,6,Wi-Fi Connectivity Issues
5145,-1,Other or Unclassified Support Content
5146,2,Account Access and Password Issues
5147,17,Urgent Issue Affecting Productivity
5148,0,Issue After Firmware Update
5149,6,Wi-Fi Connectivity Issues
5150,20,Repair or Replacement Concerns
5151,7,Security and Data Safety Concerns
5152,8,Charging Problems
5153,7,Security and Data Safety Concerns
5154,16,Screen and Display Problems
5155,14,Software Freezing Issues
5156,13,General Hardware Malfunction
5157,7,Security and Data Safety Concerns
5158,16,Screen and Display Problems
5159,2,Account Access and Password Issues
5160,-1,Other or Unclassified Support Content
5161,7,Security and Data Safety Concerns
5162,-1,Other or Unclassified Support Content
5163,2,Account Access and Password Issues
5164,13,General Hardware Malfunction
5165,0,Issue After Firmware Update
5166,4,Error Messages and Error Codes
5167,1,App Issue Persists After Troubleshooting
5168,20,Repair or Replacement Concerns
5169,1,App Issue Persists After Troubleshooting
5170,0,Issue After Firmware Update
5171,3,Data Loss and File Recovery
5172,10,Unstable Internet Connection
5173,3,Data Loss and File Recovery
5174,-1,Other or Unclassified Support Content
5175,11,Software Bugs and Data Loss
5176,0,Issue After Firmware Update
5177,6,Wi-Fi Connectivity Issues
5178,0,Issue After Firmware Update
5179,0,Issue After Firmware Update
5180,7,Security and Data Safety Concerns
5181,4,Error Messages and Error Codes
5182,2,Account Access and Password Issues
5183,9,Battery Life Issues
5184,-1,Other or Unclassified Support Content
5185,-1,Other or Unclassified Support Content
5186,5,Unable to Perform Desired Action
5187,0,Issue After Firmware Update
5188,0,Issue After Firmware Update
5189,-1,Other or Unclassified Support Content
5190,-1,Other or Unclassified Support Content
5191,5,Unable to Perform Desired Action
5192,0,Issue After Firmware Update
5193,7,Security and Data Safety Concerns
5194,0,Issue After Firmware Update
5195,-1,Other or Unclassified Support Content
5196,17,Urgent Issue Affecting Productivity
5197,3,Data Loss and File Recovery
5198,0,Issue After Firmware Update
5199,-1,Other or Unclassified Support Content
5200,-1,Other or Unclassified Support Content
5201,0,Issue After Firmware Update
5202,0,Issue After Firmware Update
5203,-1,Other or Unclassified Support Content
5204,14,Software Freezing Issues
5205,-1,Other or Unclassified Support Content
5206,-1,Other or Unclassified Support Content
5207,-1,Other or Unclassified Support Content
5208,6,Wi-Fi Connectivity Issues
5209,-1,Other or Unclassified Support Content
5210,-1,Other or Unclassified Support Content
5211,16,Screen and Display Problems
5212,4,Error Messages and Error Codes
5213,1,App Issue Persists After Troubleshooting
5214,0,Issue After Firmware Update
5215,7,Security and Data Safety Concerns
5216,4,Error Messages and Error Codes
5217,4,Error Messages and Error Codes
5218,12,Application Crashes and Software Bugs
5219,0,Issue After Firmware Update
5220,19,Urgent Issue Affecting Productivity
5221,-1,Other or Unclassified Support Content
5222,17,Urgent Issue Affecting Productivity
5223,6,Wi-Fi Connectivity Issues
5224,4,Error Messages and Error Codes
5225,-1,Other or Unclassified Support Content
5226,9,Battery Life Issues
5227,8,Charging Problems
5228,7,Security and Data Safety Concerns
5229,11,Software Bugs and Data Loss
5230,0,Issue After Firmware Update
5231,14,Software Freezing Issues
5232,2,Account Access and Password Issues
5233,-1,Other or Unclassified Support Content
5234,0,Issue After Firmware Update
5235,0,Issue After Firmware Update
5236,0,Issue After Firmware Update
5237,5,Unable to Perform Desired Action
5238,12,Application Crashes and Software Bugs
5239,5,Unable to Perform Desired Action
5240,4,Error Messages and Error Codes
5241,0,Issue After Firmware Update
5242,-1,Other or Unclassified Support Content
5243,-1,Other or Unclassified Support Content
5244,-1,Other or Unclassified Support Content
5245,-1,Other or Unclassified Support Content
5246,-1,Other or Unclassified Support Content
5247,12,Application Crashes and Software Bugs
5248,2,Account Access and Password Issues
5249,0,Issue After Firmware Update
5250,7,Security and Data Safety Concerns
5251,13,General Hardware Malfunction
5252,0,Issue After Firmware Update
5253,-1,Other or Unclassified Support Content
5254,-1,Other or Unclassified Support Content
5255,0,Issue After Firmware Update
5256,2,Account Access and Password Issues
5257,2,Account Access and Password Issues
5258,0,Issue After Firmware Update
5259,11,Software Bugs and Data Loss
5260,0,Issue After Firmware Update
5261,5,Unable to Perform Desired Action
5262,0,Issue After Firmware Update
5263,9,Battery Life Issues
5264,-1,Other or Unclassified Support Content
5265,7,Security and Data Safety Concerns
5266,1,App Issue Persists After Troubleshooting
5267,14,Software Freezing Issues
5268,4,Error Messages and Error Codes
5269,1,App Issue Persists After Troubleshooting
5270,19,Urgent Issue Affecting Productivity
5271,0,Issue After Firmware Update
5272,0,Issue After Firmware Update
5273,-1,Other or Unclassified Support Content
5274,10,Unstable Internet Connection
5275,-1,Other or Unclassified Support Content
5276,0,Issue After Firmware Update
5277,1,App Issue Persists After Troubleshooting
5278,-1,Other or Unclassified Support Content
5279,4,Error Messages and Error Codes
5280,-1,Other or Unclassified Support Content
5281,-1,Other or Unclassified Support Content
5282,0,Issue After Firmware Update
5283,-1,Other or Unclassified Support Content
5284,7,Security and Data Safety Concerns
5285,-1,Other or Unclassified Support Content
5286,-1,Other or Unclassified Support Content
5287,-1,Other or Unclassified Support Content
5288,13,General Hardware Malfunction
5289,3,Data Loss and File Recovery
5290,3,Data Loss and File Recovery
5291,18,Device Not Turning On
5292,-1,Other or Unclassified Support Content
5293,11,Software Bugs and Data Loss
5294,5,Unable to Perform Desired Action
5295,9,Battery Life Issues
5296,0,Issue After Firmware Update
5297,-1,Other or Unclassified Support Content
5298,-1,Other or Unclassified Support Content
5299,18,Device Not Turning On
5300,-1,Other or Unclassified Support Content
5301,-1,Other or Unclassified Support Content
5302,11,Software Bugs and Data Loss
5303,4,Error Messages and Error Codes
5304,-1,Other or Unclassified Support Content
5305,0,Issue After Firmware Update
5306,3,Data Loss and File Recovery
5307,-1,Other or Unclassified Support Content
5308,-1,Other or Unclassified Support Content
5309,-1,Other or Unclassified Support Content
5310,0,Issue After Firmware Update
5311,3,Data Loss and File Recovery
5312,17,Urgent Issue Affecting Productivity
5313,5,Unable to Perform Desired Action
5314,9,Battery Life Issues
5315,2,Account Access and Password Issues
5316,-1,Other or Unclassified Support Content
5317,5,Unable to Perform Desired Action
5318,-1,Other or Unclassified Support Content
5319,4,Error Messages and Error Codes
5320,4,Error Messages and Error Codes
5321,-1,Other or Unclassified Support Content
5322,14,Software Freezing Issues
5323,3,Data Loss and File Recovery
5324,21,Refund Issues
5325,0,Issue After Firmware Update
5326,-1,Other or Unclassified Support Content
5327,18,Device Not Turning On
5328,0,Issue After Firmware Update
5329,9,Battery Life Issues
5330,-1,Other or Unclassified Support Content
5331,14,Software Freezing Issues
5332,6,Wi-Fi Connectivity Issues
5333,14,Software Freezing Issues
5334,11,Software Bugs and Data Loss
5335,-1,Other or Unclassified Support Content
5336,17,Urgent Issue Affecting Productivity
5337,23,Email and Account Issues
5338,0,Issue After Firmware Update
5339,0,Issue After Firmware Update
5340,16,Screen and Display Problems
5341,-1,Other or Unclassified Support Content
5342,0,Issue After Firmware Update
5343,0,Issue After Firmware Update
5344,-1,Other or Unclassified Support Content
5345,11,Software Bugs and Data Loss
5346,-1,Other or Unclassified Support Content
5347,-1,Other or Unclassified Support Content
5348,7,Security and Data Safety Concerns
5349,-1,Other or Unclassified Support Content
5350,7,Security and Data Safety Concerns
5351,-1,Other or Unclassified Support Content
5352,21,Refund Issues
5353,7,Security and Data Safety Concerns
5354,0,Issue After Firmware Update
5355,8,Charging Problems
5356,19,Urgent Issue Affecting Productivity
5357,4,Error Messages and Error Codes
5358,19,Urgent Issue Affecting Productivity
5359,0,Issue After Firmware Update
5360,20,Repair or Replacement Concerns
5361,0,Issue After Firmware Update
5362,7,Security and Data Safety Concerns
5363,6,Wi-Fi Connectivity Issues
5364,8,Charging Problems
5365,-1,Other or Unclassified Support Content
5366,20,Repair or Replacement Concerns
5367,-1,Other or Unclassified Support Content
5368,1,App Issue Persists After Troubleshooting
5369,0,Issue After Firmware Update
5370,0,Issue After Firmware Update
5371,18,Device Not Turning On
5372,-1,Other or Unclassified Support Content
5373,17,Urgent Issue Affecting Productivity
5374,0,Issue After Firmware Update
5375,8,Charging Problems
5376,9,Battery Life Issues
5377,-1,Other or Unclassified Support Content
5378,6,Wi-Fi Connectivity Issues
5379,8,Charging Problems
5380,3,Data Loss and File Recovery
5381,0,Issue After Firmware Update
5382,6,Wi-Fi Connectivity Issues
5383,7,Security and Data Safety Concerns
5384,13,General Hardware Malfunction
5385,-1,Other or Unclassified Support Content
5386,13,General Hardware Malfunction
5387,-1,Other or Unclassified Support Content
5388,7,Security and Data Safety Concerns
5389,0,Issue After Firmware Update
5390,-1,Other or Unclassified Support Content
5391,4,Error Messages and Error Codes
5392,-1,Other or Unclassified Support Content
5393,4,Error Messages and Error Codes
5394,3,Data Loss and File Recovery
5395,-1,Other or Unclassified Support Content
5396,6,Wi-Fi Connectivity Issues
5397,6,Wi-Fi Connectivity Issues
5398,8,Charging Problems
5399,-1,Other or Unclassified Support Content
5400,12,Application Crashes and Software Bugs
5401,0,Issue After Firmware Update
5402,-1,Other or Unclassified Support Content
5403,15,Software Update Availability
5404,0,Issue After Firmware Update
5405,-1,Other or Unclassified Support Content
5406,11,Software Bugs and Data Loss
5407,0,Issue After Firmware Update
5408,0,Issue After Firmware Update
5409,0,Issue After Firmware Update
5410,4,Error Messages and Error Codes
5411,1,App Issue Persists After Troubleshooting
5412,14,Software Freezing Issues
5413,10,Unstable Internet Connection
5414,0,Issue After Firmware Update
5415,0,Issue After Firmware Update
5416,-1,Other or Unclassified Support Content
5417,0,Issue After Firmware Update
5418,15,Software Update Availability
5419,9,Battery Life Issues
5420,3,Data Loss and File Recovery
5421,6,Wi-Fi Connectivity Issues
5422,5,Unable to Perform Desired Action
5423,6,Wi-Fi Connectivity Issues
5424,3,Data Loss and File Recovery
5425,2,Account Access and Password Issues
5426,0,Issue After Firmware Update
5427,0,Issue After Firmware Update
5428,10,Unstable Internet Connection
5429,-1,Other or Unclassified Support Content
5430,0,Issue After Firmware Update
5431,10,Unstable Internet Connection
5432,-1,Other or Unclassified Support Content
5433,0,Issue After Firmware Update
5434,0,Issue After Firmware Update
5435,8,Charging Problems
5436,0,Issue After Firmware Update
5437,-1,Other or Unclassified Support Content
5438,0,Issue After Firmware Update
5439,3,Data Loss and File Recovery
5440,2,Account Access and Password Issues
5441,0,Issue After Firmware Update
5442,-1,Other or Unclassified Support Content
5443,13,General Hardware Malfunction
5444,6,Wi-Fi Connectivity Issues
5445,5,Unable to Perform Desired Action
5446,0,Issue After Firmware Update
5447,2,Account Access and Password Issues
5448,6,Wi-Fi Connectivity Issues
5449,1,App Issue Persists After Troubleshooting
5450,18,Device Not Turning On
5451,5,Unable to Perform Desired Action
5452,0,Issue After Firmware Update
5453,-1,Other or Unclassified Support Content
5454,0,Issue After Firmware Update
5455,7,Security and Data Safety Concerns
5456,17,Urgent Issue Affecting Productivity
5457,12,Application Crashes and Software Bugs
5458,0,Issue After Firmware Update
5459,-1,Other or Unclassified Support Content
5460,2,Account Access and Password Issues
5461,2,Account Access and Password Issues
5462,17,Urgent Issue Affecting Productivity
5463,0,Issue After Firmware Update
5464,4,Error Messages and Error Codes
5465,1,App Issue Persists After Troubleshooting
5466,14,Software Freezing Issues
5467,4,Error Messages and Error Codes
5468,-1,Other or Unclassified Support Content
5469,15,Software Update Availability
5470,3,Data Loss and File Recovery
5471,1,App Issue Persists After Troubleshooting
5472,11,Software Bugs and Data Loss
5473,-1,Other or Unclassified Support Content
5474,11,Software Bugs and Data Loss
5475,8,Charging Problems
5476,11,Software Bugs and Data Loss
5477,0,Issue After Firmware Update
5478,13,General Hardware Malfunction
5479,0,Issue After Firmware Update
5480,2,Account Access and Password Issues
5481,9,Battery Life Issues
5482,-1,Other or Unclassified Support Content
5483,0,Issue After Firmware Update
5484,-1,Other or Unclassified Support Content
5485,20,Repair or Replacement Concerns
5486,0,Issue After Firmware Update
5487,6,Wi-Fi Connectivity Issues
5488,-1,Other or Unclassified Support Content
5489,5,Unable to Perform Desired Action
5490,-1,Other or Unclassified Support Content
5491,5,Unable to Perform Desired Action
5492,-1,Other or Unclassified Support Content
5493,18,Device Not Turning On
5494,10,Unstable Internet Connection
5495,4,Error Messages and Error Codes
5496,8,Charging Problems
5497,3,Data Loss and File Recovery
5498,4,Error Messages and Error Codes
5499,0,Issue After Firmware Update
5500,8,Charging Problems
5501,4,Error Messages and Error Codes
5502,0,Issue After Firmware Update
5503,0,Issue After Firmware Update
5504,17,Urgent Issue Affecting Productivity
5505,12,Application Crashes and Software Bugs
5506,0,Issue After Firmware Update
5507,-1,Other or Unclassified Support Content
5508,16,Screen and Display Problems
5509,10,Unstable Internet Connection
5510,0,Issue After Firmware Update
5511,0,Issue After Firmware Update
5512,1,App Issue Persists After Troubleshooting
5513,0,Issue After Firmware Update
5514,3,Data Loss and File Recovery
5515,12,Application Crashes and Software Bugs
5516,-1,Other or Unclassified Support Content
5517,-1,Other or Unclassified Support Content
5518,11,Software Bugs and Data Loss
5519,0,Issue After Firmware Update
5520,0,Issue After Firmware Update
5521,9,Battery Life Issues
5522,15,Software Update Availability
5523,-1,Other or Unclassified Support Content
5524,-1,Other or Unclassified Support Content
5525,5,Unable to Perform Desired Action
5526,-1,Other or Unclassified Support Content
5527,13,General Hardware Malfunction
5528,13,General Hardware Malfunction
5529,1,App Issue Persists After Troubleshooting
5530,0,Issue After Firmware Update
5531,0,Issue After Firmware Update
5532,-1,Other or Unclassified Support Content
5533,-1,Other or Unclassified Support Content
5534,-1,Other or Unclassified Support Content
5535,-1,Other or Unclassified Support Content
5536,4,Error Messages and Error Codes
5537,-1,Other or Unclassified Support Content
5538,-1,Other or Unclassified Support Content
5539,-1,Other or Unclassified Support Content
5540,6,Wi-Fi Connectivity Issues
5541,0,Issue After Firmware Update
5542,-1,Other or Unclassified Support Content
5543,0,Issue After Firmware Update
5544,12,Application Crashes and Software Bugs
5545,-1,Other or Unclassified Support Content
5546,22,Invoice and Payment Issues
5547,0,Issue After Firmware Update
5548,7,Security and Data Safety Concerns
5549,0,Issue After Firmware Update
5550,-1,Other or Unclassified Support Content
5551,0,Issue After Firmware Update
5552,13,General Hardware Malfunction
5553,0,Issue After Firmware Update
5554,3,Data Loss and File Recovery
5555,0,Issue After Firmware Update
5556,0,Issue After Firmware Update
5557,7,Security and Data Safety Concerns
5558,0,Issue After Firmware Update
5559,-1,Other or Unclassified Support Content
5560,5,Unable to Perform Desired Action
5561,16,Screen and Display Problems
5562,-1,Other or Unclassified Support Content
5563,1,App Issue Persists After Troubleshooting
5564,2,Account Access and Password Issues
5565,20,Repair or Replacement Concerns
5566,-1,Other or Unclassified Support Content
5567,1,App Issue Persists After Troubleshooting
5568,3,Data Loss and File Recovery
5569,18,Device Not Turning On
5570,0,Issue After Firmware Update
5571,4,Error Messages and Error Codes
5572,2,Account Access and Password Issues
5573,7,Security and Data Safety Concerns
5574,0,Issue After Firmware Update
5575,-1,Other or Unclassified Support Content
5576,-1,Other or Unclassified Support Content
5577,2,Account Access and Password Issues
5578,0,Issue After Firmware Update
5579,0,Issue After Firmware Update
5580,6,Wi-Fi Connectivity Issues
5581,-1,Other or Unclassified Support Content
5582,16,Screen and Display Problems
5583,-1,Other or Unclassified Support Content
5584,0,Issue After Firmware Update
5585,0,Issue After Firmware Update
5586,18,Device Not Turning On
5587,0,Issue After Firmware Update
5588,6,Wi-Fi Connectivity Issues
5589,9,Battery Life Issues
5590,20,Repair or Replacement Concerns
5591,-1,Other or Unclassified Support Content
5592,-1,Other or Unclassified Support Content
5593,8,Charging Problems
5594,1,App Issue Persists After Troubleshooting
5595,3,Data Loss and File Recovery
5596,6,Wi-Fi Connectivity Issues
5597,20,Repair or Replacement Concerns
5598,2,Account Access and Password Issues
5599,1,App Issue Persists After Troubleshooting
5600,24,Other Support Content
5601,4,Error Messages and Error Codes
5602,12,Application Crashes and Software Bugs
5603,21,Refund Issues
5604,-1,Other or Unclassified Support Content
5605,3,Data Loss and File Recovery
5606,11,Software Bugs and Data Loss
5607,4,Error Messages and Error Codes
5608,-1,Other or Unclassified Support Content
5609,5,Unable to Perform Desired Action
5610,15,Software Update Availability
5611,0,Issue After Firmware Update
5612,15,Software Update Availability
5613,8,Charging Problems
5614,0,Issue After Firmware Update
5615,18,Device Not Turning On
5616,19,Urgent Issue Affecting Productivity
5617,1,App Issue Persists After Troubleshooting
5618,18,Device Not Turning On
5619,4,Error Messages and Error Codes
5620,0,Issue After Firmware Update
5621,-1,Other or Unclassified Support Content
5622,-1,Other or Unclassified Support Content
5623,-1,Other or Unclassified Support Content
5624,-1,Other or Unclassified Support Content
5625,22,Invoice and Payment Issues
5626,-1,Other or Unclassified Support Content
5627,3,Data Loss and File Recovery
5628,0,Issue After Firmware Update
5629,16,Screen and Display Problems
5630,-1,Other or Unclassified Support Content
5631,0,Issue After Firmware Update
5632,0,Issue After Firmware Update
5633,6,Wi-Fi Connectivity Issues
5634,-1,Other or Unclassified Support Content
5635,0,Issue After Firmware Update
5636,0,Issue After Firmware Update
5637,7,Security and Data Safety Concerns
5638,11,Software Bugs and Data Loss
5639,-1,Other or Unclassified Support Content
5640,18,Device Not Turning On
5641,1,App Issue Persists After Troubleshooting
5642,2,Account Access and Password Issues
5643,0,Issue After Firmware Update
5644,0,Issue After Firmware Update
5645,-1,Other or Unclassified Support Content
5646,-1,Other or Unclassified Support Content
5647,2,Account Access and Password Issues
5648,2,Account Access and Password Issues
5649,15,Software Update Availability
5650,-1,Other or Unclassified Support Content
5651,7,Security and Data Safety Concerns
5652,3,Data Loss and File Recovery
5653,15,Software Update Availability
5654,20,Repair or Replacement Concerns
5655,4,Error Messages and Error Codes
5656,0,Issue After Firmware Update
5657,-1,Other or Unclassified Support Content
5658,1,App Issue Persists After Troubleshooting
5659,-1,Other or Unclassified Support Content
5660,4,Error Messages and Error Codes
5661,-1,Other or Unclassified Support Content
5662,0,Issue After Firmware Update
5663,0,Issue After Firmware Update
5664,13,General Hardware Malfunction
5665,-1,Other or Unclassified Support Content
5666,4,Error Messages and Error Codes
5667,0,Issue After Firmware Update
5668,-1,Other or Unclassified Support Content
5669,4,Error Messages and Error Codes
5670,17,Urgent Issue Affecting Productivity
5671,4,Error Messages and Error Codes
5672,14,Software Freezing Issues
5673,22,Invoice and Payment Issues
5674,14,Software Freezing Issues
5675,0,Issue After Firmware Update
5676,0,Issue After Firmware Update
5677,0,Issue After Firmware Update
5678,4,Error Messages and Error Codes
5679,9,Battery Life Issues
5680,0,Issue After Firmware Update
5681,3,Data Loss and File Recovery
5682,13,General Hardware Malfunction
5683,0,Issue After Firmware Update
5684,0,Issue After Firmware Update
5685,-1,Other or Unclassified Support Content
5686,19,Urgent Issue Affecting Productivity
5687,1,App Issue Persists After Troubleshooting
5688,11,Software Bugs and Data Loss
5689,11,Software Bugs and Data Loss
5690,-1,Other or Unclassified Support Content
5691,1,App Issue Persists After Troubleshooting
5692,15,Software Update Availability
5693,0,Issue After Firmware Update
5694,5,Unable to Perform Desired Action
5695,-1,Other or Unclassified Support Content
5696,3,Data Loss and File Recovery
5697,13,General Hardware Malfunction
5698,6,Wi-Fi Connectivity Issues
5699,3,Data Loss and File Recovery
5700,5,Unable to Perform Desired Action
5701,0,Issue After Firmware Update
5702,18,Device Not Turning On
5703,0,Issue After Firmware Update
5704,3,Data Loss and File Recovery
5705,0,Issue After Firmware Update
5706,11,Software Bugs and Data Loss
5707,0,Issue After Firmware Update
5708,6,Wi-Fi Connectivity Issues
5709,0,Issue After Firmware Update
5710,13,General Hardware Malfunction
5711,1,App Issue Persists After Troubleshooting
5712,-1,Other or Unclassified Support Content
5713,4,Error Messages and Error Codes
5714,7,Security and Data Safety Concerns
5715,5,Unable to Perform Desired Action
5716,7,Security and Data Safety Concerns
5717,-1,Other or Unclassified Support Content
5718,1,App Issue Persists After Troubleshooting
5719,-1,Other or Unclassified Support Content
5720,0,Issue After Firmware Update
5721,4,Error Messages and Error Codes
5722,1,App Issue Persists After Troubleshooting
5723,8,Charging Problems
5724,18,Device Not Turning On
5725,10,Unstable Internet Connection
5726,13,General Hardware Malfunction
5727,0,Issue After Firmware Update
5728,11,Software Bugs and Data Loss
5729,-1,Other or Unclassified Support Content
5730,6,Wi-Fi Connectivity Issues
5731,0,Issue After Firmware Update
5732,0,Issue After Firmware Update
5733,-1,Other or Unclassified Support Content
5734,9,Battery Life Issues
5735,-1,Other or Unclassified Support Content
5736,4,Error Messages and Error Codes
5737,19,Urgent Issue Affecting Productivity
5738,14,Software Freezing Issues
5739,-1,Other or Unclassified Support Content
5740,-1,Other or Unclassified Support Content
5741,4,Error Messages and Error Codes
5742,13,General Hardware Malfunction
5743,26,Other Support Content
5744,12,Application Crashes and Software Bugs
5745,-1,Other or Unclassified Support Content
5746,0,Issue After Firmware Update
5747,15,Software Update Availability
5748,0,Issue After Firmware Update
5749,-1,Other or Unclassified Support Content
5750,1,App Issue Persists After Troubleshooting
5751,19,Urgent Issue Affecting Productivity
5752,5,Unable to Perform Desired Action
5753,1,App Issue Persists After Troubleshooting
5754,0,Issue After Firmware Update
5755,0,Issue After Firmware Update
5756,0,Issue After Firmware Update
5757,-1,Other or Unclassified Support Content
5758,-1,Other or Unclassified Support Content
5759,3,Data Loss and File Recovery
5760,6,Wi-Fi Connectivity Issues
5761,0,Issue After Firmware Update
5762,-1,Other or Unclassified Support Content
5763,12,Application Crashes and Software Bugs
5764,0,Issue After Firmware Update
5765,0,Issue After Firmware Update
5766,4,Error Messages and Error Codes
5767,0,Issue After Firmware Update
5768,21,Refund Issues
5769,-1,Other or Unclassified Support Content
5770,-1,Other or Unclassified Support Content
5771,0,Issue After Firmware Update
5772,0,Issue After Firmware Update
5773,17,Urgent Issue Affecting Productivity
5774,15,Software Update Availability
5775,0,Issue After Firmware Update
5776,15,Software Update Availability
5777,-1,Other or Unclassified Support Content
5778,8,Charging Problems
5779,20,Repair or Replacement Concerns
5780,-1,Other or Unclassified Support Content
5781,0,Issue After Firmware Update
5782,-1,Other or Unclassified Support Content
5783,3,Data Loss and File Recovery
5784,6,Wi-Fi Connectivity Issues
5785,4,Error Messages and Error Codes
5786,3,Data Loss and File Recovery
5787,4,Error Messages and Error Codes
5788,19,Urgent Issue Affecting Productivity
5789,18,Device Not Turning On
5790,-1,Other or Unclassified Support Content
5791,-1,Other or Unclassified Support Content
5792,1,App Issue Persists After Troubleshooting
5793,12,Application Crashes and Software Bugs
5794,6,Wi-Fi Connectivity Issues
5795,3,Data Loss and File Recovery
5796,-1,Other or Unclassified Support Content
5797,8,Charging Problems
5798,2,Account Access and Password Issues
5799,2,Account Access and Password Issues
5800,0,Issue After Firmware Update
5801,-1,Other or Unclassified Support Content
5802,1,App Issue Persists After Troubleshooting
5803,12,Application Crashes and Software Bugs
5804,-1,Other or Unclassified Support Content
5805,-1,Other or Unclassified Support Content
5806,0,Issue After Firmware Update
5807,6,Wi-Fi Connectivity Issues
5808,-1,Other or Unclassified Support Content
5809,19,Urgent Issue Affecting Productivity
5810,9,Battery Life Issues
5811,-1,Other or Unclassified Support Content
5812,-1,Other or Unclassified Support Content
5813,0,Issue After Firmware Update
5814,0,Issue After Firmware Update
5815,-1,Other or Unclassified Support Content
5816,4,Error Messages and Error Codes
5817,0,Issue After Firmware Update
5818,0,Issue After Firmware Update
5819,0,Issue After Firmware Update
5820,0,Issue After Firmware Update
5821,14,Software Freezing Issues
5822,9,Battery Life Issues
5823,9,Battery Life Issues
5824,24,Other Support Content
5825,3,Data Loss and File Recovery
5826,2,Account Access and Password Issues
5827,-1,Other or Unclassified Support Content
5828,13,General Hardware Malfunction
5829,10,Unstable Internet Connection
5830,5,Unable to Perform Desired Action
5831,-1,Other or Unclassified Support Content
5832,6,Wi-Fi Connectivity Issues
5833,0,Issue After Firmware Update
5834,-1,Other or Unclassified Support Content
5835,0,Issue After Firmware Update
5836,0,Issue After Firmware Update
5837,0,Issue After Firmware Update
5838,-1,Other or Unclassified Support Content
5839,3,Data Loss and File Recovery
5840,0,Issue After Firmware Update
5841,0,Issue After Firmware Update
5842,0,Issue After Firmware Update
5843,1,App Issue Persists After Troubleshooting
5844,6,Wi-Fi Connectivity Issues
5845,0,Issue After Firmware Update
5846,1,App Issue Persists After Troubleshooting
5847,10,Unstable Internet Connection
5848,0,Issue After Firmware Update
5849,0,Issue After Firmware Update
5850,3,Data Loss and File Recovery
5851,1,App Issue Persists After Troubleshooting
5852,21,Refund Issues
5853,5,Unable to Perform Desired Action
5854,13,General Hardware Malfunction
5855,-1,Other or Unclassified Support Content
5856,-1,Other or Unclassified Support Content
5857,-1,Other or Unclassified Support Content
5858,0,Issue After Firmware Update
5859,10,Unstable Internet Connection
5860,0,Issue After Firmware Update
5861,-1,Other or Unclassified Support Content
5862,3,Data Loss and File Recovery
5863,15,Software Update Availability
5864,0,Issue After Firmware Update
5865,0,Issue After Firmware Update
5866,5,Unable to Perform Desired Action
5867,1,App Issue Persists After Troubleshooting
5868,1,App Issue Persists After Troubleshooting
5869,-1,Other or Unclassified Support Content
5870,-1,Other or Unclassified Support Content
5871,21,Refund Issues
5872,7,Security and Data Safety Concerns
5873,-1,Other or Unclassified Support Content
5874,8,Charging Problems
5875,-1,Other or Unclassified Support Content
5876,0,Issue After Firmware Update
5877,7,Security and Data Safety Concerns
5878,0,Issue After Firmware Update
5879,1,App Issue Persists After Troubleshooting
5880,1,App Issue Persists After Troubleshooting
5881,-1,Other or Unclassified Support Content
5882,12,Application Crashes and Software Bugs
5883,15,Software Update Availability
5884,18,Device Not Turning On
5885,0,Issue After Firmware Update
5886,14,Software Freezing Issues
5887,24,Other Support Content
5888,-1,Other or Unclassified Support Content
5889,1,App Issue Persists After Troubleshooting
5890,17,Urgent Issue Affecting Productivity
5891,7,Security and Data Safety Concerns
5892,22,Invoice and Payment Issues
5893,3,Data Loss and File Recovery
5894,4,Error Messages and Error Codes
5895,20,Repair or Replacement Concerns
5896,2,Account Access and Password Issues
5897,2,Account Access and Password Issues
5898,7,Security and Data Safety Concerns
5899,0,Issue After Firmware Update
5900,16,Screen and Display Problems
5901,1,App Issue Persists After Troubleshooting
5902,3,Data Loss and File Recovery
5903,11,Software Bugs and Data Loss
5904,13,General Hardware Malfunction
5905,-1,Other or Unclassified Support Content
5906,14,Software Freezing Issues
5907,0,Issue After Firmware Update
5908,10,Unstable Internet Connection
5909,-1,Other or Unclassified Support Content
5910,0,Issue After Firmware Update
5911,3,Data Loss and File Recovery
5912,-1,Other or Unclassified Support Content
5913,3,Data Loss and File Recovery
5914,0,Issue After Firmware Update
5915,2,Account Access and Password Issues
5916,0,Issue After Firmware Update
5917,5,Unable to Perform Desired Action
5918,1,App Issue Persists After Troubleshooting
5919,-1,Other or Unclassified Support Content
5920,19,Urgent Issue Affecting Productivity
5921,19,Urgent Issue Affecting Productivity
5922,3,Data Loss and File Recovery
5923,0,Issue After Firmware Update
5924,1,App Issue Persists After Troubleshooting
5925,0,Issue After Firmware Update
5926,0,Issue After Firmware Update
5927,0,Issue After Firmware Update
5928,-1,Other or Unclassified Support Content
5929,10,Unstable Internet Connection
5930,0,Issue After Firmware Update
5931,0,Issue After Firmware Update
5932,0,Issue After Firmware Update
5933,0,Issue After Firmware Update
5934,2,Account Access and Password Issues
5935,0,Issue After Firmware Update
5936,-1,Other or Unclassified Support Content
5937,-1,Other or Unclassified Support Content
5938,4,Error Messages and Error Codes
5939,0,Issue After Firmware Update
5940,-1,Other or Unclassified Support Content
5941,1,App Issue Persists After Troubleshooting
5942,-1,Other or Unclassified Support Content
5943,13,General Hardware Malfunction
5944,0,Issue After Firmware Update
5945,-1,Other or Unclassified Support Content
5946,-1,Other or Unclassified Support Content
5947,1,App Issue Persists After Troubleshooting
5948,0,Issue After Firmware Update
5949,20,Repair or Replacement Concerns
5950,0,Issue After Firmware Update
5951,2,Account Access and Password Issues
5952,0,Issue After Firmware Update
5953,0,Issue After Firmware Update
5954,3,Data Loss and File Recovery
5955,2,Account Access and Password Issues
5956,0,Issue After Firmware Update
5957,8,Charging Problems
5958,-1,Other or Unclassified Support Content
5959,16,Screen and Display Problems
5960,3,Data Loss and File Recovery
5961,-1,Other or Unclassified Support Content
5962,7,Security and Data Safety Concerns
5963,0,Issue After Firmware Update
5964,1,App Issue Persists After Troubleshooting
5965,6,Wi-Fi Connectivity Issues
5966,-1,Other or Unclassified Support Content
5967,3,Data Loss and File Recovery
5968,9,Battery Life Issues
5969,8,Charging Problems
5970,1,App Issue Persists After Troubleshooting
5971,10,Unstable Internet Connection
5972,2,Account Access and Password Issues
5973,0,Issue After Firmware Update
5974,-1,Other or Unclassified Support Content
5975,2,Account Access and Password Issues
5976,0,Issue After Firmware Update
5977,8,Charging Problems
5978,-1,Other or Unclassified Support Content
5979,9,Battery Life Issues
5980,11,Software Bugs and Data Loss
5981,-1,Other or Unclassified Support Content
5982,0,Issue After Firmware Update
5983,10,Unstable Internet Connection
5984,7,Security and Data Safety Concerns
5985,-1,Other or Unclassified Support Content
5986,0,Issue After Firmware Update
5987,5,Unable to Perform Desired Action
5988,3,Data Loss and File Recovery
5989,0,Issue After Firmware Update
5990,2,Account Access and Password Issues
5991,0,Issue After Firmware Update
5992,0,Issue After Firmware Update
5993,21,Refund Issues
5994,-1,Other or Unclassified Support Content
5995,8,Charging Problems
5996,-1,Other or Unclassified Support Content
5997,-1,Other or Unclassified Support Content
5998,-1,Other or Unclassified Support Content
5999,7,Security and Data Safety Concerns
6000,21,Refund Issues
6001,19,Urgent Issue Affecting Productivity
6002,15,Software Update Availability
6003,11,Software Bugs and Data Loss
6004,6,Wi-Fi Connectivity Issues
6005,-1,Other or Unclassified Support Content
6006,3,Data Loss and File Recovery
6007,12,Application Crashes and Software Bugs
6008,-1,Other or Unclassified Support Content
6009,0,Issue After Firmware Update
6010,-1,Other or Unclassified Support Content
6011,0,Issue After Firmware Update
6012,-1,Other or Unclassified Support Content
6013,11,Software Bugs and Data Loss
6014,17,Urgent Issue Affecting Productivity
6015,-1,Other or Unclassified Support Content
6016,13,General Hardware Malfunction
6017,4,Error Messages and Error Codes
6018,-1,Other or Unclassified Support Content
6019,3,Data Loss and File Recovery
6020,0,Issue After Firmware Update
6021,9,Battery Life Issues
6022,-1,Other or Unclassified Support Content
6023,0,Issue After Firmware Update
6024,7,Security and Data Safety Concerns
6025,0,Issue After Firmware Update
6026,2,Account Access and Password Issues
6027,2,Account Access and Password Issues
6028,9,Battery Life Issues
6029,0,Issue After Firmware Update
6030,2,Account Access and Password Issues
6031,1,App Issue Persists After Troubleshooting
6032,-1,Other or Unclassified Support Content
6033,-1,Other or Unclassified Support Content
6034,0,Issue After Firmware Update
6035,0,Issue After Firmware Update
6036,0,Issue After Firmware Update
6037,0,Issue After Firmware Update
6038,-1,Other or Unclassified Support Content
6039,-1,Other or Unclassified Support Content
6040,15,Software Update Availability
6041,-1,Other or Unclassified Support Content
6042,-1,Other or Unclassified Support Content
6043,14,Software Freezing Issues
6044,0,Issue After Firmware Update
6045,11,Software Bugs and Data Loss
6046,3,Data Loss and File Recovery
6047,0,Issue After Firmware Update
6048,0,Issue After Firmware Update
6049,0,Issue After Firmware Update
6050,0,Issue After Firmware Update
6051,10,Unstable Internet Connection
6052,8,Charging Problems
6053,0,Issue After Firmware Update
6054,7,Security and Data Safety Concerns
6055,12,Application Crashes and Software Bugs
6056,11,Software Bugs and Data Loss
6057,0,Issue After Firmware Update
6058,11,Software Bugs and Data Loss
6059,1,App Issue Persists After Troubleshooting
6060,9,Battery Life Issues
6061,4,Error Messages and Error Codes
6062,4,Error Messages and Error Codes
6063,0,Issue After Firmware Update
6064,-1,Other or Unclassified Support Content
6065,7,Security and Data Safety Concerns
6066,4,Error Messages and Error Codes
6067,-1,Other or Unclassified Support Content
6068,0,Issue After Firmware Update
6069,0,Issue After Firmware Update
6070,3,Data Loss and File Recovery
6071,19,Urgent Issue Affecting Productivity
6072,3,Data Loss and File Recovery
6073,1,App Issue Persists After Troubleshooting
6074,0,Issue After Firmware Update
6075,-1,Other or Unclassified Support Content
6076,-1,Other or Unclassified Support Content
6077,1,App Issue Persists After Troubleshooting
6078,0,Issue After Firmware Update
6079,1,App Issue Persists After Troubleshooting
6080,-1,Other or Unclassified Support Content
6081,-1,Other or Unclassified Support Content
6082,-1,Other or Unclassified Support Content
6083,10,Unstable Internet Connection
6084,7,Security and Data Safety Concerns
6085,12,Application Crashes and Software Bugs
6086,1,App Issue Persists After Troubleshooting
6087,11,Software Bugs and Data Loss
6088,5,Unable to Perform Desired Action
6089,-1,Other or Unclassified Support Content
6090,25,Refund and Exchange Requests
6091,14,Software Freezing Issues
6092,14,Software Freezing Issues
6093,17,Urgent Issue Affecting Productivity
6094,0,Issue After Firmware Update
6095,-1,Other or Unclassified Support Content
6096,17,Urgent Issue Affecting Productivity
6097,3,Data Loss and File Recovery
6098,-1,Other or Unclassified Support Content
6099,5,Unable to Perform Desired Action
6100,8,Charging Problems
6101,17,Urgent Issue Affecting Productivity
6102,-1,Other or Unclassified Support Content
6103,15,Software Update Availability
6104,1,App Issue Persists After Troubleshooting
6105,-1,Other or Unclassified Support Content
6106,8,Charging Problems
6107,11,Software Bugs and Data Loss
6108,-1,Other or Unclassified Support Content
6109,-1,Other or Unclassified Support Content
6110,10,Unstable Internet Connection
6111,14,Software Freezing Issues
6112,12,Application Crashes and Software Bugs
6113,0,Issue After Firmware Update
6114,0,Issue After Firmware Update
6115,2,Account Access and Password Issues
6116,14,Software Freezing Issues
6117,0,Issue After Firmware Update
6118,19,Urgent Issue Affecting Productivity
6119,-1,Other or Unclassified Support Content
6120,15,Software Update Availability
6121,2,Account Access and Password Issues
6122,12,Application Crashes and Software Bugs
6123,15,Software Update Availability
6124,1,App Issue Persists After Troubleshooting
6125,11,Software Bugs and Data Loss
6126,12,Application Crashes and Software Bugs
6127,5,Unable to Perform Desired Action
6128,8,Charging Problems
6129,-1,Other or Unclassified Support Content
6130,3,Data Loss and File Recovery
6131,16,Screen and Display Problems
6132,14,Software Freezing Issues
6133,19,Urgent Issue Affecting Productivity
6134,1,App Issue Persists After Troubleshooting
6135,0,Issue After Firmware Update
6136,0,Issue After Firmware Update
6137,23,Email and Account Issues
6138,-1,Other or Unclassified Support Content
6139,0,Issue After Firmware Update
6140,-1,Other or Unclassified Support Content
6141,4,Error Messages and Error Codes
6142,-1,Other or Unclassified Support Content
6143,4,Error Messages and Error Codes
6144,11,Software Bugs and Data Loss
6145,2,Account Access and Password Issues
6146,0,Issue After Firmware Update
6147,0,Issue After Firmware Update
6148,0,Issue After Firmware Update
6149,4,Error Messages and Error Codes
6150,0,Issue After Firmware Update
6151,0,Issue After Firmware Update
6152,0,Issue After Firmware Update
6153,-1,Other or Unclassified Support Content
6154,-1,Other or Unclassified Support Content
6155,-1,Other or Unclassified Support Content
6156,2,Account Access and Password Issues
6157,-1,Other or Unclassified Support Content
6158,0,Issue After Firmware Update
6159,7,Security and Data Safety Concerns
6160,0,Issue After Firmware Update
6161,-1,Other or Unclassified Support Content
6162,16,Screen and Display Problems
6163,-1,Other or Unclassified Support Content
6164,3,Data Loss and File Recovery
6165,-1,Other or Unclassified Support Content
6166,6,Wi-Fi Connectivity Issues
6167,-1,Other or Unclassified Support Content
6168,10,Unstable Internet Connection
6169,20,Repair or Replacement Concerns
6170,-1,Other or Unclassified Support Content
6171,5,Unable to Perform Desired Action
6172,-1,Other or Unclassified Support Content
6173,27,Other Support Content
6174,-1,Other or Unclassified Support Content
6175,-1,Other or Unclassified Support Content
6176,6,Wi-Fi Connectivity Issues
6177,4,Error Messages and Error Codes
6178,4,Error Messages and Error Codes
6179,15,Software Update Availability
6180,2,Account Access and Password Issues
6181,3,Data Loss and File Recovery
6182,0,Issue After Firmware Update
6183,-1,Other or Unclassified Support Content
6184,-1,Other or Unclassified Support Content
6185,0,Issue After Firmware Update
6186,0,Issue After Firmware Update
6187,10,Unstable Internet Connection
6188,1,App Issue Persists After Troubleshooting
6189,0,Issue After Firmware Update
6190,-1,Other or Unclassified Support Content
6191,6,Wi-Fi Connectivity Issues
6192,-1,Other or Unclassified Support Content
6193,0,Issue After Firmware Update
6194,0,Issue After Firmware Update
6195,0,Issue After Firmware Update
6196,2,Account Access and Password Issues
6197,-1,Other or Unclassified Support Content
6198,16,Screen and Display Problems
6199,0,Issue After Firmware Update
6200,13,General Hardware Malfunction
6201,0,Issue After Firmware Update
6202,0,Issue After Firmware Update
6203,9,Battery Life Issues
6204,-1,Other or Unclassified Support Content
6205,0,Issue After Firmware Update
6206,12,Application Crashes and Software Bugs
6207,14,Software Freezing Issues
6208,6,Wi-Fi Connectivity Issues
6209,0,Issue After Firmware Update
6210,1,App Issue Persists After Troubleshooting
6211,0,Issue After Firmware Update
6212,11,Software Bugs and Data Loss
6213,2,Account Access and Password Issues
6214,-1,Other or Unclassified Support Content
6215,-1,Other or Unclassified Support Content
6216,-1,Other or Unclassified Support Content
6217,2,Account Access and Password Issues
6218,-1,Other or Unclassified Support Content
6219,13,General Hardware Malfunction
6220,-1,Other or Unclassified Support Content
6221,8,Charging Problems
6222,0,Issue After Firmware Update
6223,-1,Other or Unclassified Support Content
6224,15,Software Update Availability
6225,-1,Other or Unclassified Support Content
6226,1,App Issue Persists After Troubleshooting
6227,0,Issue After Firmware Update
6228,6,Wi-Fi Connectivity Issues
6229,2,Account Access and Password Issues
6230,0,Issue After Firmware Update
6231,8,Charging Problems
6232,0,Issue After Firmware Update
6233,-1,Other or Unclassified Support Content
6234,2,Account Access and Password Issues
6235,-1,Other or Unclassified Support Content
6236,10,Unstable Internet Connection
6237,4,Error Messages and Error Codes
6238,0,Issue After Firmware Update
6239,5,Unable to Perform Desired Action
6240,9,Battery Life Issues
6241,16,Screen and Display Problems
6242,4,Error Messages and Error Codes
6243,-1,Other or Unclassified Support Content
6244,18,Device Not Turning On
6245,18,Device Not Turning On
6246,13,General Hardware Malfunction
6247,7,Security and Data Safety Concerns
6248,0,Issue After Firmware Update
6249,1,App Issue Persists After Troubleshooting
6250,10,Unstable Internet Connection
6251,0,Issue After Firmware Update
6252,1,App Issue Persists After Troubleshooting
6253,0,Issue After Firmware Update
6254,5,Unable to Perform Desired Action
6255,0,Issue After Firmware Update
6256,3,Data Loss and File Recovery
6257,14,Software Freezing Issues
6258,7,Security and Data Safety Concerns
6259,-1,Other or Unclassified Support Content
6260,9,Battery Life Issues
6261,-1,Other or Unclassified Support Content
6262,0,Issue After Firmware Update
6263,1,App Issue Persists After Troubleshooting
6264,-1,Other or Unclassified Support Content
6265,0,Issue After Firmware Update
6266,-1,Other or Unclassified Support Content
6267,14,Software Freezing Issues
6268,7,Security and Data Safety Concerns
6269,-1,Other or Unclassified Support Content
6270,-1,Other or Unclassified Support Content
6271,-1,Other or Unclassified Support Content
6272,-1,Other or Unclassified Support Content
6273,3,Data Loss and File Recovery
6274,4,Error Messages and Error Codes
6275,7,Security and Data Safety Concerns
6276,-1,Other or Unclassified Support Content
6277,28,Other Support Content
6278,0,Issue After Firmware Update
6279,26,Other Support Content
6280,0,Issue After Firmware Update
6281,21,Refund Issues
6282,12,Application Crashes and Software Bugs
6283,5,Unable to Perform Desired Action
6284,19,Urgent Issue Affecting Productivity
6285,3,Data Loss and File Recovery
6286,10,Unstable Internet Connection
6287,-1,Other or Unclassified Support Content
6288,0,Issue After Firmware Update
6289,2,Account Access and Password Issues
6290,19,Urgent Issue Affecting Productivity
6291,12,Application Crashes and Software Bugs
6292,0,Issue After Firmware Update
6293,26,Other Support Content
6294,11,Software Bugs and Data Loss
6295,4,Error Messages and Error Codes
6296,-1,Other or Unclassified Support Content
6297,18,Device Not Turning On
6298,0,Issue After Firmware Update
6299,9,Battery Life Issues
6300,7,Security and Data Safety Concerns
6301,4,Error Messages and Error Codes
6302,-1,Other or Unclassified Support Content
6303,6,Wi-Fi Connectivity Issues
6304,-1,Other or Unclassified Support Content
6305,0,Issue After Firmware Update
6306,1,App Issue Persists After Troubleshooting
6307,0,Issue After Firmware Update
6308,6,Wi-Fi Connectivity Issues
6309,3,Data Loss and File Recovery
6310,3,Data Loss and File Recovery
6311,-1,Other or Unclassified Support Content
6312,0,Issue After Firmware Update
6313,5,Unable to Perform Desired Action
6314,-1,Other or Unclassified Support Content
6315,3,Data Loss and File Recovery
6316,5,Unable to Perform Desired Action
6317,0,Issue After Firmware Update
6318,2,Account Access and Password Issues
6319,0,Issue After Firmware Update
6320,10,Unstable Internet Connection
6321,4,Error Messages and Error Codes
6322,13,General Hardware Malfunction
6323,-1,Other or Unclassified Support Content
6324,-1,Other or Unclassified Support Content
6325,7,Security and Data Safety Concerns
6326,9,Battery Life Issues
6327,18,Device Not Turning On
6328,1,App Issue Persists After Troubleshooting
6329,4,Error Messages and Error Codes
6330,0,Issue After Firmware Update
6331,0,Issue After Firmware Update
6332,-1,Other or Unclassified Support Content
6333,-1,Other or Unclassified Support Content
6334,7,Security and Data Safety Concerns
6335,16,Screen and Display Problems
6336,21,Refund Issues
6337,3,Data Loss and File Recovery
6338,-1,Other or Unclassified Support Content
6339,18,Device Not Turning On
6340,0,Issue After Firmware Update
6341,1,App Issue Persists After Troubleshooting
6342,21,Refund Issues
6343,0,Issue After Firmware Update
6344,0,Issue After Firmware Update
6345,22,Invoice and Payment Issues
6346,-1,Other or Unclassified Support Content
6347,0,Issue After Firmware Update
6348,11,Software Bugs and Data Loss
6349,6,Wi-Fi Connectivity Issues
6350,2,Account Access and Password Issues
6351,-1,Other or Unclassified Support Content
6352,9,Battery Life Issues
6353,0,Issue After Firmware Update
6354,1,App Issue Persists After Troubleshooting
6355,-1,Other or Unclassified Support Content
6356,10,Unstable Internet Connection
6357,14,Software Freezing Issues
6358,18,Device Not Turning On
6359,-1,Other or Unclassified Support Content
6360,17,Urgent Issue Affecting Productivity
6361,-1,Other or Unclassified Support Content
6362,6,Wi-Fi Connectivity Issues
6363,-1,Other or Unclassified Support Content
6364,6,Wi-Fi Connectivity Issues
6365,2,Account Access and Password Issues
6366,0,Issue After Firmware Update
6367,6,Wi-Fi Connectivity Issues
6368,-1,Other or Unclassified Support Content
6369,6,Wi-Fi Connectivity Issues
6370,0,Issue After Firmware Update
6371,-1,Other or Unclassified Support Content
6372,-1,Other or Unclassified Support Content
6373,0,Issue After Firmware Update
6374,5,Unable to Perform Desired Action
6375,-1,Other or Unclassified Support Content
6376,0,Issue After Firmware Update
6377,-1,Other or Unclassified Support Content
6378,12,Application Crashes and Software Bugs
6379,-1,Other or Unclassified Support Content
6380,16,Screen and Display Problems
6381,13,General Hardware Malfunction
6382,10,Unstable Internet Connection
6383,8,Charging Problems
6384,-1,Other or Unclassified Support Content
6385,0,Issue After Firmware Update
6386,-1,Other or Unclassified Support Content
6387,9,Battery Life Issues
6388,2,Account Access and Password Issues
6389,7,Security and Data Safety Concerns
6390,0,Issue After Firmware Update
6391,17,Urgent Issue Affecting Productivity
6392,11,Software Bugs and Data Loss
6393,-1,Other or Unclassified Support Content
6394,8,Charging Problems
6395,4,Error Messages and Error Codes
6396,4,Error Messages and Error Codes
6397,3,Data Loss and File Recovery
6398,13,General Hardware Malfunction
6399,0,Issue After Firmware Update
6400,-1,Other or Unclassified Support Content
6401,23,Email and Account Issues
6402,-1,Other or Unclassified Support Content
6403,5,Unable to Perform Desired Action
6404,4,Error Messages and Error Codes
6405,0,Issue After Firmware Update
6406,0,Issue After Firmware Update
6407,-1,Other or Unclassified Support Content
6408,7,Security and Data Safety Concerns
6409,8,Charging Problems
6410,11,Software Bugs and Data Loss
6411,18,Device Not Turning On
6412,0,Issue After Firmware Update
6413,2,Account Access and Password Issues
6414,-1,Other or Unclassified Support Content
6415,4,Error Messages and Error Codes
6416,-1,Other or Unclassified Support Content
6417,6,Wi-Fi Connectivity Issues
6418,0,Issue After Firmware Update
6419,3,Data Loss and File Recovery
6420,0,Issue After Firmware Update
6421,-1,Other or Unclassified Support Content
6422,0,Issue After Firmware Update
6423,-1,Other or Unclassified Support Content
6424,9,Battery Life Issues
6425,5,Unable to Perform Desired Action
6426,14,Software Freezing Issues
6427,-1,Other or Unclassified Support Content
6428,16,Screen and Display Problems
6429,-1,Other or Unclassified Support Content
6430,0,Issue After Firmware Update
6431,13,General Hardware Malfunction
6432,0,Issue After Firmware Update
6433,19,Urgent Issue Affecting Productivity
6434,-1,Other or Unclassified Support Content
6435,4,Error Messages and Error Codes
6436,6,Wi-Fi Connectivity Issues
6437,1,App Issue Persists After Troubleshooting
6438,16,Screen and Display Problems
6439,14,Software Freezing Issues
6440,6,Wi-Fi Connectivity Issues
6441,1,App Issue Persists After Troubleshooting
6442,0,Issue After Firmware Update
6443,-1,Other or Unclassified Support Content
6444,14,Software Freezing Issues
6445,-1,Other or Unclassified Support Content
6446,10,Unstable Internet Connection
6447,0,Issue After Firmware Update
6448,15,Software Update Availability
6449,4,Error Messages and Error Codes
6450,8,Charging Problems
6451,0,Issue After Firmware Update
6452,0,Issue After Firmware Update
6453,1,App Issue Persists After Troubleshooting
6454,11,Software Bugs and Data Loss
6455,0,Issue After Firmware Update
6456,2,Account Access and Password Issues
6457,13,General Hardware Malfunction
6458,-1,Other or Unclassified Support Content
6459,2,Account Access and Password Issues
6460,22,Invoice and Payment Issues
6461,14,Software Freezing Issues
6462,0,Issue After Firmware Update
6463,3,Data Loss and File Recovery
6464,-1,Other or Unclassified Support Content
6465,11,Software Bugs and Data Loss
6466,-1,Other or Unclassified Support Content
6467,1,App Issue Persists After Troubleshooting
6468,0,Issue After Firmware Update
6469,0,Issue After Firmware Update
6470,0,Issue After Firmware Update
6471,-1,Other or Unclassified Support Content
6472,0,Issue After Firmware Update
6473,11,Software Bugs and Data Loss
6474,-1,Other or Unclassified Support Content
6475,16,Screen and Display Problems
6476,15,Software Update Availability
6477,-1,Other or Unclassified Support Content
6478,4,Error Messages and Error Codes
6479,9,Battery Life Issues
6480,14,Software Freezing Issues
6481,17,Urgent Issue Affecting Productivity
6482,0,Issue After Firmware Update
6483,12,Application Crashes and Software Bugs
6484,0,Issue After Firmware Update
6485,15,Software Update Availability
6486,12,Application Crashes and Software Bugs
6487,-1,Other or Unclassified Support Content
6488,13,General Hardware Malfunction
6489,8,Charging Problems
6490,1,App Issue Persists After Troubleshooting
6491,16,Screen and Display Problems
6492,11,Software Bugs and Data Loss
6493,25,Refund and Exchange Requests
6494,0,Issue After Firmware Update
6495,0,Issue After Firmware Update
6496,-1,Other or Unclassified Support Content
6497,9,Battery Life Issues
6498,7,Security and Data Safety Concerns
6499,2,Account Access and Password Issues
6500,6,Wi-Fi Connectivity Issues
6501,0,Issue After Firmware Update
6502,0,Issue After Firmware Update
6503,15,Software Update Availability
6504,4,Error Messages and Error Codes
6505,4,Error Messages and Error Codes
6506,7,Security and Data Safety Concerns
6507,6,Wi-Fi Connectivity Issues
6508,6,Wi-Fi Connectivity Issues
6509,0,Issue After Firmware Update
6510,11,Software Bugs and Data Loss
6511,0,Issue After Firmware Update
6512,-1,Other or Unclassified Support Content
6513,7,Security and Data Safety Concerns
6514,-1,Other or Unclassified Support Content
6515,18,Device Not Turning On
6516,8,Charging Problems
6517,9,Battery Life Issues
6518,-1,Other or Unclassified Support Content
6519,5,Unable to Perform Desired Action
6520,5,Unable to Perform Desired Action
6521,2,Account Access and Password Issues
6522,-1,Other or Unclassified Support Content
6523,11,Software Bugs and Data Loss
6524,2,Account Access and Password Issues
6525,1,App Issue Persists After Troubleshooting
6526,23,Email and Account Issues
6527,-1,Other or Unclassified Support Content
6528,-1,Other or Unclassified Support Content
6529,16,Screen and Display Problems
6530,0,Issue After Firmware Update
6531,3,Data Loss and File Recovery
6532,20,Repair or Replacement Concerns
6533,-1,Other or Unclassified Support Content
6534,0,Issue After Firmware Update
6535,-1,Other or Unclassified Support Content
6536,-1,Other or Unclassified Support Content
6537,8,Charging Problems
6538,20,Repair or Replacement Concerns
6539,-1,Other or Unclassified Support Content
6540,9,Battery Life Issues
6541,16,Screen and Display Problems
6542,0,Issue After Firmware Update
6543,1,App Issue Persists After Troubleshooting
6544,-1,Other or Unclassified Support Content
6545,9,Battery Life Issues
6546,-1,Other or Unclassified Support Content
6547,3,Data Loss and File Recovery
6548,9,Battery Life Issues
6549,-1,Other or Unclassified Support Content
6550,-1,Other or Unclassified Support Content
6551,4,Error Messages and Error Codes
6552,0,Issue After Firmware Update
6553,-1,Other or Unclassified Support Content
6554,9,Battery Life Issues
6555,0,Issue After Firmware Update
6556,4,Error Messages and Error Codes
6557,19,Urgent Issue Affecting Productivity
6558,2,Account Access and Password Issues
6559,-1,Other or Unclassified Support Content
6560,1,App Issue Persists After Troubleshooting
6561,-1,Other or Unclassified Support Content
6562,0,Issue After Firmware Update
6563,8,Charging Problems
6564,0,Issue After Firmware Update
6565,-1,Other or Unclassified Support Content
6566,0,Issue After Firmware Update
6567,0,Issue After Firmware Update
6568,8,Charging Problems
6569,-1,Other or Unclassified Support Content
6570,4,Error Messages and Error Codes
6571,5,Unable to Perform Desired Action
6572,2,Account Access and Password Issues
6573,-1,Other or Unclassified Support Content
6574,-1,Other or Unclassified Support Content
6575,-1,Other or Unclassified Support Content
6576,-1,Other or Unclassified Support Content
6577,-1,Other or Unclassified Support Content
6578,-1,Other or Unclassified Support Content
6579,-1,Other or Unclassified Support Content
6580,-1,Other or Unclassified Support Content
6581,15,Software Update Availability
6582,6,Wi-Fi Connectivity Issues
6583,0,Issue After Firmware Update
6584,14,Software Freezing Issues
6585,-1,Other or Unclassified Support Content
6586,4,Error Messages and Error Codes
6587,0,Issue After Firmware Update
6588,-1,Other or Unclassified Support Content
6589,2,Account Access and Password Issues
6590,-1,Other or Unclassified Support Content
6591,-1,Other or Unclassified Support Content
6592,8,Charging Problems
6593,3,Data Loss and File Recovery
6594,1,App Issue Persists After Troubleshooting
6595,3,Data Loss and File Recovery
6596,13,General Hardware Malfunction
6597,6,Wi-Fi Connectivity Issues
6598,2,Account Access and Password Issues
6599,2,Account Access and Password Issues
6600,16,Screen and Display Problems
6601,19,Urgent Issue Affecting Productivity
6602,20,Repair or Replacement Concerns
6603,0,Issue After Firmware Update
6604,-1,Other or Unclassified Support Content
6605,10,Unstable Internet Connection
6606,13,General Hardware Malfunction
6607,4,Error Messages and Error Codes
6608,-1,Other or Unclassified Support Content
6609,7,Security and Data Safety Concerns
6610,2,Account Access and Password Issues
6611,0,Issue After Firmware Update
6612,7,Security and Data Safety Concerns
6613,-1,Other or Unclassified Support Content
6614,-1,Other or Unclassified Support Content
6615,16,Screen and Display Problems
6616,22,Invoice and Payment Issues
6617,4,Error Messages and Error Codes
6618,23,Email and Account Issues
6619,15,Software Update Availability
6620,19,Urgent Issue Affecting Productivity
6621,2,Account Access and Password Issues
6622,8,Charging Problems
6623,1,App Issue Persists After Troubleshooting
6624,1,App Issue Persists After Troubleshooting
6625,2,Account Access and Password Issues
6626,-1,Other or Unclassified Support Content
6627,-1,Other or Unclassified Support Content
6628,0,Issue After Firmware Update
6629,-1,Other or Unclassified Support Content
6630,0,Issue After Firmware Update
6631,4,Error Messages and Error Codes
6632,4,Error Messages and Error Codes
6633,12,Application Crashes and Software Bugs
6634,1,App Issue Persists After Troubleshooting
6635,0,Issue After Firmware Update
6636,-1,Other or Unclassified Support Content
6637,3,Data Loss and File Recovery
6638,0,Issue After Firmware Update
6639,14,Software Freezing Issues
6640,0,Issue After Firmware Update
6641,10,Unstable Internet Connection
6642,6,Wi-Fi Connectivity Issues
6643,0,Issue After Firmware Update
6644,-1,Other or Unclassified Support Content
6645,0,Issue After Firmware Update
6646,0,Issue After Firmware Update
6647,-1,Other or Unclassified Support Content
6648,0,Issue After Firmware Update
6649,-1,Other or Unclassified Support Content
6650,-1,Other or Unclassified Support Content
6651,-1,Other or Unclassified Support Content
6652,-1,Other or Unclassified Support Content
6653,-1,Other or Unclassified Support Content
6654,0,Issue After Firmware Update
6655,-1,Other or Unclassified Support Content
6656,0,Issue After Firmware Update
6657,16,Screen and Display Problems
6658,21,Refund Issues
6659,0,Issue After Firmware Update
6660,1,App Issue Persists After Troubleshooting
6661,18,Device Not Turning On
6662,5,Unable to Perform Desired Action
6663,13,General Hardware Malfunction
6664,-1,Other or Unclassified Support Content
6665,3,Data Loss and File Recovery
6666,0,Issue After Firmware Update
6667,-1,Other or Unclassified Support Content
6668,0,Issue After Firmware Update
6669,8,Charging Problems
6670,6,Wi-Fi Connectivity Issues
6671,4,Error Messages and Error Codes
6672,4,Error Messages and Error Codes
6673,-1,Other or Unclassified Support Content
6674,3,Data Loss and File Recovery
6675,0,Issue After Firmware Update
6676,12,Application Crashes and Software Bugs
6677,11,Software Bugs and Data Loss
6678,-1,Other or Unclassified Support Content
6679,-1,Other or Unclassified Support Content
6680,-1,Other or Unclassified Support Content
6681,-1,Other or Unclassified Support Content
6682,10,Unstable Internet Connection
6683,-1,Other or Unclassified Support Content
6684,0,Issue After Firmware Update
6685,-1,Other or Unclassified Support Content
6686,0,Issue After Firmware Update
6687,0,Issue After Firmware Update
6688,-1,Other or Unclassified Support Content
6689,-1,Other or Unclassified Support Content
6690,4,Error Messages and Error Codes
6691,0,Issue After Firmware Update
6692,0,Issue After Firmware Update
6693,7,Security and Data Safety Concerns
6694,-1,Other or Unclassified Support Content
6695,-1,Other or Unclassified Support Content
6696,13,General Hardware Malfunction
6697,0,Issue After Firmware Update
6698,10,Unstable Internet Connection
6699,-1,Other or Unclassified Support Content
6700,10,Unstable Internet Connection
6701,0,Issue After Firmware Update
6702,-1,Other or Unclassified Support Content
6703,0,Issue After Firmware Update
6704,-1,Other or Unclassified Support Content
6705,0,Issue After Firmware Update
6706,10,Unstable Internet Connection
6707,-1,Other or Unclassified Support Content
6708,14,Software Freezing Issues
6709,-1,Other or Unclassified Support Content
6710,-1,Other or Unclassified Support Content
6711,11,Software Bugs and Data Loss
6712,4,Error Messages and Error Codes
6713,0,Issue After Firmware Update
6714,14,Software Freezing Issues
6715,15,Software Update Availability
6716,0,Issue After Firmware Update
6717,12,Application Crashes and Software Bugs
6718,12,Application Crashes and Software Bugs
6719,-1,Other or Unclassified Support Content
6720,0,Issue After Firmware Update
6721,0,Issue After Firmware Update
6722,4,Error Messages and Error Codes
6723,4,Error Messages and Error Codes
6724,8,Charging Problems
6725,6,Wi-Fi Connectivity Issues
6726,2,Account Access and Password Issues
6727,8,Charging Problems
6728,2,Account Access and Password Issues
6729,21,Refund Issues
6730,-1,Other or Unclassified Support Content
6731,4,Error Messages and Error Codes
6732,0,Issue After Firmware Update
6733,2,Account Access and Password Issues
6734,-1,Other or Unclassified Support Content
6735,28,Other Support Content
6736,0,Issue After Firmware Update
6737,-1,Other or Unclassified Support Content
6738,0,Issue After Firmware Update
6739,10,Unstable Internet Connection
6740,15,Software Update Availability
6741,-1,Other or Unclassified Support Content
6742,-1,Other or Unclassified Support Content
6743,-1,Other or Unclassified Support Content
6744,5,Unable to Perform Desired Action
6745,5,Unable to Perform Desired Action
6746,0,Issue After Firmware Update
6747,19,Urgent Issue Affecting Productivity
6748,3,Data Loss and File Recovery
6749,14,Software Freezing Issues
6750,3,Data Loss and File Recovery
6751,0,Issue After Firmware Update
6752,4,Error Messages and Error Codes
6753,18,Device Not Turning On
6754,-1,Other or Unclassified Support Content
6755,-1,Other or Unclassified Support Content
6756,-1,Other or Unclassified Support Content
6757,-1,Other or Unclassified Support Content
6758,-1,Other or Unclassified Support Content
6759,-1,Other or Unclassified Support Content
6760,0,Issue After Firmware Update
6761,0,Issue After Firmware Update
6762,-1,Other or Unclassified Support Content
6763,4,Error Messages and Error Codes
6764,0,Issue After Firmware Update
6765,0,Issue After Firmware Update
6766,3,Data Loss and File Recovery
6767,2,Account Access and Password Issues
6768,0,Issue After Firmware Update
6769,0,Issue After Firmware Update
6770,20,Repair or Replacement Concerns
6771,8,Charging Problems
6772,17,Urgent Issue Affecting Productivity
6773,-1,Other or Unclassified Support Content
6774,11,Software Bugs and Data Loss
6775,0,Issue After Firmware Update
6776,0,Issue After Firmware Update
6777,22,Invoice and Payment Issues
6778,19,Urgent Issue Affecting Productivity
6779,-1,Other or Unclassified Support Content
6780,0,Issue After Firmware Update
6781,0,Issue After Firmware Update
6782,-1,Other or Unclassified Support Content
6783,12,Application Crashes and Software Bugs
6784,17,Urgent Issue Affecting Productivity
6785,6,Wi-Fi Connectivity Issues
6786,14,Software Freezing Issues
6787,2,Account Access and Password Issues
6788,21,Refund Issues
6789,9,Battery Life Issues
6790,-1,Other or Unclassified Support Content
6791,-1,Other or Unclassified Support Content
6792,-1,Other or Unclassified Support Content
6793,12,Application Crashes and Software Bugs
6794,3,Data Loss and File Recovery
6795,-1,Other or Unclassified Support Content
6796,1,App Issue Persists After Troubleshooting
6797,12,Application Crashes and Software Bugs
6798,0,Issue After Firmware Update
6799,25,Refund and Exchange Requests
6800,0,Issue After Firmware Update
6801,-1,Other or Unclassified Support Content
6802,8,Charging Problems
6803,-1,Other or Unclassified Support Content
6804,-1,Other or Unclassified Support Content
6805,1,App Issue Persists After Troubleshooting
6806,0,Issue After Firmware Update
6807,0,Issue After Firmware Update
6808,-1,Other or Unclassified Support Content
6809,0,Issue After Firmware Update
6810,5,Unable to Perform Desired Action
6811,1,App Issue Persists After Troubleshooting
6812,-1,Other or Unclassified Support Content
6813,5,Unable to Perform Desired Action
6814,0,Issue After Firmware Update
6815,-1,Other or Unclassified Support Content
6816,12,Application Crashes and Software Bugs
6817,-1,Other or Unclassified Support Content
6818,24,Other Support Content
6819,0,Issue After Firmware Update
6820,12,Application Crashes and Software Bugs
6821,-1,Other or Unclassified Support Content
6822,12,Application Crashes and Software Bugs
6823,5,Unable to Perform Desired Action
6824,1,App Issue Persists After Troubleshooting
6825,0,Issue After Firmware Update
6826,-1,Other or Unclassified Support Content
6827,5,Unable to Perform Desired Action
6828,6,Wi-Fi Connectivity Issues
6829,13,General Hardware Malfunction
6830,0,Issue After Firmware Update
6831,0,Issue After Firmware Update
6832,14,Software Freezing Issues
6833,21,Refund Issues
6834,-1,Other or Unclassified Support Content
6835,0,Issue After Firmware Update
6836,2,Account Access and Password Issues
6837,0,Issue After Firmware Update
6838,0,Issue After Firmware Update
6839,15,Software Update Availability
6840,0,Issue After Firmware Update
6841,2,Account Access and Password Issues
6842,0,Issue After Firmware Update
6843,15,Software Update Availability
6844,0,Issue After Firmware Update
6845,19,Urgent Issue Affecting Productivity
6846,0,Issue After Firmware Update
6847,17,Urgent Issue Affecting Productivity
6848,-1,Other or Unclassified Support Content
6849,0,Issue After Firmware Update
6850,4,Error Messages and Error Codes
6851,0,Issue After Firmware Update
6852,19,Urgent Issue Affecting Productivity
6853,0,Issue After Firmware Update
6854,10,Unstable Internet Connection
6855,0,Issue After Firmware Update
6856,-1,Other or Unclassified Support Content
6857,0,Issue After Firmware Update
6858,0,Issue After Firmware Update
6859,0,Issue After Firmware Update
6860,-1,Other or Unclassified Support Content
6861,-1,Other or Unclassified Support Content
6862,0,Issue After Firmware Update
6863,0,Issue After Firmware Update
6864,12,Application Crashes and Software Bugs
6865,0,Issue After Firmware Update
6866,7,Security and Data Safety Concerns
6867,4,Error Messages and Error Codes
6868,-1,Other or Unclassified Support Content
6869,-1,Other or Unclassified Support Content
6870,0,Issue After Firmware Update
6871,10,Unstable Internet Connection
6872,0,Issue After Firmware Update
6873,9,Battery Life Issues
6874,18,Device Not Turning On
6875,7,Security and Data Safety Concerns
6876,-1,Other or Unclassified Support Content
6877,14,Software Freezing Issues
6878,17,Urgent Issue Affecting Productivity
6879,-1,Other or Unclassified Support Content
6880,8,Charging Problems
6881,11,Software Bugs and Data Loss
6882,2,Account Access and Password Issues
6883,11,Software Bugs and Data Loss
6884,0,Issue After Firmware Update
6885,7,Security and Data Safety Concerns
6886,0,Issue After Firmware Update
6887,19,Urgent Issue Affecting Productivity
6888,0,Issue After Firmware Update
6889,-1,Other or Unclassified Support Content
6890,6,Wi-Fi Connectivity Issues
6891,6,Wi-Fi Connectivity Issues
6892,0,Issue After Firmware Update
6893,-1,Other or Unclassified Support Content
6894,27,Other Support Content
6895,-1,Other or Unclassified Support Content
6896,-1,Other or Unclassified Support Content
6897,0,Issue After Firmware Update
6898,7,Security and Data Safety Concerns
6899,-1,Other or Unclassified Support Content
6900,-1,Other or Unclassified Support Content
6901,-1,Other or Unclassified Support Content
6902,2,Account Access and Password Issues
6903,0,Issue After Firmware Update
6904,7,Security and Data Safety Concerns
6905,0,Issue After Firmware Update
6906,7,Security and Data Safety Concerns
6907,-1,Other or Unclassified Support Content
6908,0,Issue After Firmware Update
6909,-1,Other or Unclassified Support Content
6910,7,Security and Data Safety Concerns
6911,-1,Other or Unclassified Support Content
6912,23,Email and Account Issues
6913,0,Issue After Firmware Update
6914,13,General Hardware Malfunction
6915,0,Issue After Firmware Update
6916,18,Device Not Turning On
6917,-1,Other or Unclassified Support Content
6918,0,Issue After Firmware Update
6919,-1,Other or Unclassified Support Content
6920,4,Error Messages and Error Codes
6921,12,Application Crashes and Software Bugs
6922,9,Battery Life Issues
6923,9,Battery Life Issues
6924,0,Issue After Firmware Update
6925,4,Error Messages and Error Codes
6926,1,App Issue Persists After Troubleshooting
6927,0,Issue After Firmware Update
6928,-1,Other or Unclassified Support Content
6929,-1,Other or Unclassified Support Content
6930,-1,Other or Unclassified Support Content
6931,0,Issue After Firmware Update
6932,3,Data Loss and File Recovery
6933,0,Issue After Firmware Update
6934,15,Software Update Availability
6935,10,Unstable Internet Connection
6936,9,Battery Life Issues
6937,-1,Other or Unclassified Support Content
6938,3,Data Loss and File Recovery
6939,-1,Other or Unclassified Support Content
6940,-1,Other or Unclassified Support Content
6941,-1,Other or Unclassified Support Content
6942,23,Email and Account Issues
6943,0,Issue After Firmware Update
6944,3,Data Loss and File Recovery
6945,22,Invoice and Payment Issues
6946,5,Unable to Perform Desired Action
6947,4,Error Messages and Error Codes
6948,10,Unstable Internet Connection
6949,1,App Issue Persists After Troubleshooting
6950,-1,Other or Unclassified Support Content
6951,0,Issue After Firmware Update
6952,15,Software Update Availability
6953,-1,Other or Unclassified Support Content
6954,0,Issue After Firmware Update
6955,0,Issue After Firmware Update
6956,0,Issue After Firmware Update
6957,0,Issue After Firmware Update
6958,8,Charging Problems
6959,0,Issue After Firmware Update
6960,1,App Issue Persists After Troubleshooting
6961,-1,Other or Unclassified Support Content
6962,10,Unstable Internet Connection
6963,0,Issue After Firmware Update
6964,7,Security and Data Safety Concerns
6965,-1,Other or Unclassified Support Content
6966,0,Issue After Firmware Update
6967,-1,Other or Unclassified Support Content
6968,4,Error Messages and Error Codes
6969,0,Issue After Firmware Update
6970,0,Issue After Firmware Update
6971,5,Unable to Perform Desired Action
6972,-1,Other or Unclassified Support Content
6973,0,Issue After Firmware Update
6974,7,Security and Data Safety Concerns
6975,-1,Other or Unclassified Support Content
6976,3,Data Loss and File Recovery
6977,20,Repair or Replacement Concerns
6978,0,Issue After Firmware Update
6979,2,Account Access and Password Issues
6980,-1,Other or Unclassified Support Content
6981,5,Unable to Perform Desired Action
6982,15,Software Update Availability
6983,-1,Other or Unclassified Support Content
6984,-1,Other or Unclassified Support Content
6985,3,Data Loss and File Recovery
6986,9,Battery Life Issues
6987,-1,Other or Unclassified Support Content
6988,9,Battery Life Issues
6989,0,Issue After Firmware Update
6990,-1,Other or Unclassified Support Content
6991,14,Software Freezing Issues
6992,5,Unable to Perform Desired Action
6993,11,Software Bugs and Data Loss
6994,-1,Other or Unclassified Support Content
6995,-1,Other or Unclassified Support Content
6996,-1,Other or Unclassified Support Content
6997,15,Software Update Availability
6998,1,App Issue Persists After Troubleshooting
6999,0,Issue After Firmware Update
7000,3,Data Loss and File Recovery
7001,2,Account Access and Password Issues
7002,3,Data Loss and File Recovery
7003,15,Software Update Availability
7004,7,Security and Data Safety Concerns
7005,-1,Other or Unclassified Support Content
7006,-1,Other or Unclassified Support Content
7007,2,Account Access and Password Issues
7008,12,Application Crashes and Software Bugs
7009,7,Security and Data Safety Concerns
7010,19,Urgent Issue Affecting Productivity
7011,1,App Issue Persists After Troubleshooting
7012,-1,Other or Unclassified Support Content
7013,0,Issue After Firmware Update
7014,2,Account Access and Password Issues
7015,5,Unable to Perform Desired Action
7016,17,Urgent Issue Affecting Productivity
7017,0,Issue After Firmware Update
7018,1,App Issue Persists After Troubleshooting
7019,18,Device Not Turning On
7020,-1,Other or Unclassified Support Content
7021,5,Unable to Perform Desired Action
7022,0,Issue After Firmware Update
7023,0,Issue After Firmware Update
7024,19,Urgent Issue Affecting Productivity
7025,1,App Issue Persists After Troubleshooting
7026,6,Wi-Fi Connectivity Issues
7027,7,Security and Data Safety Concerns
7028,-1,Other or Unclassified Support Content
7029,6,Wi-Fi Connectivity Issues
7030,12,Application Crashes and Software Bugs
7031,21,Refund Issues
7032,12,Application Crashes and Software Bugs
7033,7,Security and Data Safety Concerns
7034,0,Issue After Firmware Update
7035,6,Wi-Fi Connectivity Issues
7036,0,Issue After Firmware Update
7037,2,Account Access and Password Issues
7038,14,Software Freezing Issues
7039,-1,Other or Unclassified Support Content
7040,16,Screen and Display Problems
7041,0,Issue After Firmware Update
7042,0,Issue After Firmware Update
7043,2,Account Access and Password Issues
7044,0,Issue After Firmware Update
7045,7,Security and Data Safety Concerns
7046,10,Unstable Internet Connection
7047,8,Charging Problems
7048,4,Error Messages and Error Codes
7049,-1,Other or Unclassified Support Content
7050,9,Battery Life Issues
7051,-1,Other or Unclassified Support Content
7052,2,Account Access and Password Issues
7053,-1,Other or Unclassified Support Content
7054,0,Issue After Firmware Update
7055,0,Issue After Firmware Update
7056,10,Unstable Internet Connection
7057,0,Issue After Firmware Update
7058,0,Issue After Firmware Update
7059,0,Issue After Firmware Update
7060,14,Software Freezing Issues
7061,0,Issue After Firmware Update
7062,-1,Other or Unclassified Support Content
7063,11,Software Bugs and Data Loss
7064,-1,Other or Unclassified Support Content
7065,5,Unable to Perform Desired Action
7066,3,Data Loss and File Recovery
7067,-1,Other or Unclassified Support Content
7068,1,App Issue Persists After Troubleshooting
7069,6,Wi-Fi Connectivity Issues
7070,12,Application Crashes and Software Bugs
7071,3,Data Loss and File Recovery
7072,1,App Issue Persists After Troubleshooting
7073,1,App Issue Persists After Troubleshooting
7074,15,Software Update Availability
7075,24,Other Support Content
7076,5,Unable to Perform Desired Action
7077,-1,Other or Unclassified Support Content
7078,-1,Other or Unclassified Support Content
7079,0,Issue After Firmware Update
7080,26,Other Support Content
7081,-1,Other or Unclassified Support Content
7082,4,Error Messages and Error Codes
7083,6,Wi-Fi Connectivity Issues
7084,1,App Issue Persists After Troubleshooting
7085,2,Account Access and Password Issues
7086,0,Issue After Firmware Update
7087,4,Error Messages and Error Codes
7088,0,Issue After Firmware Update
7089,6,Wi-Fi Connectivity Issues
7090,2,Account Access and Password Issues
7091,0,Issue After Firmware Update
7092,16,Screen and Display Problems
7093,-1,Other or Unclassified Support Content
7094,4,Error Messages and Error Codes
7095,-1,Other or Unclassified Support Content
7096,-1,Other or Unclassified Support Content
7097,19,Urgent Issue Affecting Productivity
7098,11,Software Bugs and Data Loss
7099,-1,Other or Unclassified Support Content
7100,16,Screen and Display Problems
7101,5,Unable to Perform Desired Action
7102,0,Issue After Firmware Update
7103,-1,Other or Unclassified Support Content
7104,-1,Other or Unclassified Support Content
7105,8,Charging Problems
7106,-1,Other or Unclassified Support Content
7107,16,Screen and Display Problems
7108,-1,Other or Unclassified Support Content
7109,3,Data Loss and File Recovery
7110,15,Software Update Availability
7111,1,App Issue Persists After Troubleshooting
7112,16,Screen and Display Problems
7113,0,Issue After Firmware Update
7114,2,Account Access and Password Issues
7115,5,Unable to Perform Desired Action
7116,0,Issue After Firmware Update
7117,-1,Other or Unclassified Support Content
7118,-1,Other or Unclassified Support Content
7119,1,App Issue Persists After Troubleshooting
7120,7,Security and Data Safety Concerns
7121,-1,Other or Unclassified Support Content
7122,6,Wi-Fi Connectivity Issues
7123,17,Urgent Issue Affecting Productivity
7124,5,Unable to Perform Desired Action
7125,-1,Other or Unclassified Support Content
7126,0,Issue After Firmware Update
7127,2,Account Access and Password Issues
7128,4,Error Messages and Error Codes
7129,-1,Other or Unclassified Support Content
7130,0,Issue After Firmware Update
7131,0,Issue After Firmware Update
7132,5,Unable to Perform Desired Action
7133,0,Issue After Firmware Update
7134,8,Charging Problems
7135,3,Data Loss and File Recovery
7136,17,Urgent Issue Affecting Productivity
7137,0,Issue After Firmware Update
7138,-1,Other or Unclassified Support Content
7139,22,Invoice and Payment Issues
7140,0,Issue After Firmware Update
7141,-1,Other or Unclassified Support Content
7142,0,Issue After Firmware Update
7143,8,Charging Problems
7144,15,Software Update Availability
7145,9,Battery Life Issues
7146,17,Urgent Issue Affecting Productivity
7147,20,Repair or Replacement Concerns
7148,6,Wi-Fi Connectivity Issues
7149,-1,Other or Unclassified Support Content
7150,0,Issue After Firmware Update
7151,-1,Other or Unclassified Support Content
7152,2,Account Access and Password Issues
7153,-1,Other or Unclassified Support Content
7154,0,Issue After Firmware Update
7155,18,Device Not Turning On
7156,9,Battery Life Issues
7157,0,Issue After Firmware Update
7158,7,Security and Data Safety Concerns
7159,21,Refund Issues
7160,1,App Issue Persists After Troubleshooting
7161,15,Software Update Availability
7162,0,Issue After Firmware Update
7163,-1,Other or Unclassified Support Content
7164,0,Issue After Firmware Update
7165,24,Other Support Content
7166,11,Software Bugs and Data Loss
7167,9,Battery Life Issues
7168,13,General Hardware Malfunction
7169,8,Charging Problems
7170,-1,Other or Unclassified Support Content
7171,0,Issue After Firmware Update
7172,12,Application Crashes and Software Bugs
7173,9,Battery Life Issues
7174,11,Software Bugs and Data Loss
7175,-1,Other or Unclassified Support Content
7176,2,Account Access and Password Issues
7177,0,Issue After Firmware Update
7178,16,Screen and Display Problems
7179,13,General Hardware Malfunction
7180,0,Issue After Firmware Update
7181,0,Issue After Firmware Update
7182,-1,Other or Unclassified Support Content
7183,0,Issue After Firmware Update
7184,4,Error Messages and Error Codes
7185,21,Refund Issues
7186,15,Software Update Availability
7187,-1,Other or Unclassified Support Content
7188,-1,Other or Unclassified Support Content
7189,0,Issue After Firmware Update
7190,8,Charging Problems
7191,5,Unable to Perform Desired Action
7192,4,Error Messages and Error Codes
7193,3,Data Loss and File Recovery
7194,0,Issue After Firmware Update
7195,2,Account Access and Password Issues
7196,-1,Other or Unclassified Support Content
7197,-1,Other or Unclassified Support Content
7198,0,Issue After Firmware Update
7199,4,Error Messages and Error Codes
7200,-1,Other or Unclassified Support Content
7201,-1,Other or Unclassified Support Content
7202,0,Issue After Firmware Update
7203,15,Software Update Availability
7204,0,Issue After Firmware Update
7205,-1,Other or Unclassified Support Content
7206,23,Email and Account Issues
7207,0,Issue After Firmware Update
7208,-1,Other or Unclassified Support Content
7209,3,Data Loss and File Recovery
7210,-1,Other or Unclassified Support Content
7211,-1,Other or Unclassified Support Content
7212,9,Battery Life Issues
7213,7,Security and Data Safety Concerns
7214,0,Issue After Firmware Update
7215,18,Device Not Turning On
7216,0,Issue After Firmware Update
7217,-1,Other or Unclassified Support Content
7218,6,Wi-Fi Connectivity Issues
7219,0,Issue After Firmware Update
7220,1,App Issue Persists After Troubleshooting
7221,3,Data Loss and File Recovery
7222,-1,Other or Unclassified Support Content
7223,7,Security and Data Safety Concerns
7224,21,Refund Issues
7225,-1,Other or Unclassified Support Content
7226,7,Security and Data Safety Concerns
7227,0,Issue After Firmware Update
7228,-1,Other or Unclassified Support Content
7229,13,General Hardware Malfunction
7230,2,Account Access and Password Issues
7231,7,Security and Data Safety Concerns
7232,-1,Other or Unclassified Support Content
7233,-1,Other or Unclassified Support Content
7234,-1,Other or Unclassified Support Content
7235,-1,Other or Unclassified Support Content
7236,-1,Other or Unclassified Support Content
7237,-1,Other or Unclassified Support Content
7238,14,Software Freezing Issues
7239,9,Battery Life Issues
7240,15,Software Update Availability
7241,9,Battery Life Issues
7242,0,Issue After Firmware Update
7243,7,Security and Data Safety Concerns
7244,2,Account Access and Password Issues
7245,0,Issue After Firmware Update
7246,0,Issue After Firmware Update
7247,0,Issue After Firmware Update
7248,0,Issue After Firmware Update
7249,12,Application Crashes and Software Bugs
7250,15,Software Update Availability
7251,6,Wi-Fi Connectivity Issues
7252,0,Issue After Firmware Update
7253,3,Data Loss and File Recovery
7254,-1,Other or Unclassified Support Content
7255,4,Error Messages and Error Codes
7256,25,Refund and Exchange Requests
7257,3,Data Loss and File Recovery
7258,0,Issue After Firmware Update
7259,-1,Other or Unclassified Support Content
7260,0,Issue After Firmware Update
7261,-1,Other or Unclassified Support Content
7262,6,Wi-Fi Connectivity Issues
7263,13,General Hardware Malfunction
7264,16,Screen and Display Problems
7265,3,Data Loss and File Recovery
7266,-1,Other or Unclassified Support Content
7267,12,Application Crashes and Software Bugs
7268,3,Data Loss and File Recovery
7269,-1,Other or Unclassified Support Content
7270,-1,Other or Unclassified Support Content
7271,-1,Other or Unclassified Support Content
7272,-1,Other or Unclassified Support Content
7273,-1,Other or Unclassified Support Content
7274,4,Error Messages and Error Codes
7275,-1,Other or Unclassified Support Content
7276,14,Software Freezing Issues
7277,-1,Other or Unclassified Support Content
7278,10,Unstable Internet Connection
7279,12,Application Crashes and Software Bugs
7280,-1,Other or Unclassified Support Content
7281,10,Unstable Internet Connection
7282,-1,Other or Unclassified Support Content
7283,19,Urgent Issue Affecting Productivity
7284,-1,Other or Unclassified Support Content
7285,16,Screen and Display Problems
7286,0,Issue After Firmware Update
7287,3,Data Loss and File Recovery
7288,0,Issue After Firmware Update
7289,8,Charging Problems
7290,20,Repair or Replacement Concerns
7291,8,Charging Problems
7292,6,Wi-Fi Connectivity Issues
7293,12,Application Crashes and Software Bugs
7294,13,General Hardware Malfunction
7295,7,Security and Data Safety Concerns
7296,2,Account Access and Password Issues
7297,-1,Other or Unclassified Support Content
7298,-1,Other or Unclassified Support Content
7299,12,Application Crashes and Software Bugs
7300,4,Error Messages and Error Codes
7301,0,Issue After Firmware Update
7302,0,Issue After Firmware Update
7303,-1,Other or Unclassified Support Content
7304,0,Issue After Firmware Update
7305,9,Battery Life Issues
7306,-1,Other or Unclassified Support Content
7307,10,Unstable Internet Connection
7308,-1,Other or Unclassified Support Content
7309,4,Error Messages and Error Codes
7310,0,Issue After Firmware Update
7311,2,Account Access and Password Issues
7312,4,Error Messages and Error Codes
7313,0,Issue After Firmware Update
7314,3,Data Loss and File Recovery
7315,-1,Other or Unclassified Support Content
7316,-1,Other or Unclassified Support Content
7317,7,Security and Data Safety Concerns
7318,1,App Issue Persists After Troubleshooting
7319,9,Battery Life Issues
7320,0,Issue After Firmware Update
7321,-1,Other or Unclassified Support Content
7322,-1,Other or Unclassified Support Content
7323,-1,Other or Unclassified Support Content
7324,8,Charging Problems
7325,-1,Other or Unclassified Support Content
7326,21,Refund Issues
7327,12,Application Crashes and Software Bugs
7328,22,Invoice and Payment Issues
7329,0,Issue After Firmware Update
7330,0,Issue After Firmware Update
7331,7,Security and Data Safety Concerns
7332,1,App Issue Persists After Troubleshooting
7333,0,Issue After Firmware Update
7334,4,Error Messages and Error Codes
7335,-1,Other or Unclassified Support Content
7336,-1,Other or Unclassified Support Content
7337,14,Software Freezing Issues
7338,-1,Other or Unclassified Support Content
7339,2,Account Access and Password Issues
7340,0,Issue After Firmware Update
7341,-1,Other or Unclassified Support Content
7342,-1,Other or Unclassified Support Content
7343,0,Issue After Firmware Update
7344,17,Urgent Issue Affecting Productivity
7345,7,Security and Data Safety Concerns
7346,-1,Other or Unclassified Support Content
7347,16,Screen and Display Problems
7348,13,General Hardware Malfunction
7349,0,Issue After Firmware Update
7350,5,Unable to Perform Desired Action
7351,11,Software Bugs and Data Loss
7352,5,Unable to Perform Desired Action
7353,-1,Other or Unclassified Support Content
7354,7,Security and Data Safety Concerns
7355,0,Issue After Firmware Update
7356,0,Issue After Firmware Update
7357,20,Repair or Replacement Concerns
7358,-1,Other or Unclassified Support Content
7359,2,Account Access and Password Issues
7360,-1,Other or Unclassified Support Content
7361,8,Charging Problems
7362,10,Unstable Internet Connection
7363,9,Battery Life Issues
7364,23,Email and Account Issues
7365,-1,Other or Unclassified Support Content
7366,-1,Other or Unclassified Support Content
7367,-1,Other or Unclassified Support Content
7368,6,Wi-Fi Connectivity Issues
7369,2,Account Access and Password Issues
7370,-1,Other or Unclassified Support Content
7371,-1,Other or Unclassified Support Content
7372,2,Account Access and Password Issues
7373,3,Data Loss and File Recovery
7374,12,Application Crashes and Software Bugs
7375,9,Battery Life Issues
7376,-1,Other or Unclassified Support Content
7377,-1,Other or Unclassified Support Content
7378,22,Invoice and Payment Issues
7379,0,Issue After Firmware Update
7380,1,App Issue Persists After Troubleshooting
7381,0,Issue After Firmware Update
7382,-1,Other or Unclassified Support Content
7383,-1,Other or Unclassified Support Content
7384,-1,Other or Unclassified Support Content
7385,19,Urgent Issue Affecting Productivity
7386,9,Battery Life Issues
7387,-1,Other or Unclassified Support Content
7388,-1,Other or Unclassified Support Content
7389,-1,Other or Unclassified Support Content
7390,10,Unstable Internet Connection
7391,-1,Other or Unclassified Support Content
7392,0,Issue After Firmware Update
7393,15,Software Update Availability
7394,-1,Other or Unclassified Support Content
7395,0,Issue After Firmware Update
7396,12,Application Crashes and Software Bugs
7397,0,Issue After Firmware Update
7398,11,Software Bugs and Data Loss
7399,-1,Other or Unclassified Support Content
7400,5,Unable to Perform Desired Action
7401,4,Error Messages and Error Codes
7402,-1,Other or Unclassified Support Content
7403,0,Issue After Firmware Update
7404,25,Refund and Exchange Requests
7405,1,App Issue Persists After Troubleshooting
7406,-1,Other or Unclassified Support Content
7407,11,Software Bugs and Data Loss
7408,0,Issue After Firmware Update
7409,-1,Other or Unclassified Support Content
7410,-1,Other or Unclassified Support Content
7411,13,General Hardware Malfunction
7412,0,Issue After Firmware Update
7413,-1,Other or Unclassified Support Content
7414,15,Software Update Availability
7415,0,Issue After Firmware Update
7416,0,Issue After Firmware Update
7417,7,Security and Data Safety Concerns
7418,14,Software Freezing Issues
7419,1,App Issue Persists After Troubleshooting
7420,-1,Other or Unclassified Support Content
7421,-1,Other or Unclassified Support Content
7422,1,App Issue Persists After Troubleshooting
7423,16,Screen and Display Problems
7424,-1,Other or Unclassified Support Content
7425,18,Device Not Turning On
7426,0,Issue After Firmware Update
7427,8,Charging Problems
7428,0,Issue After Firmware Update
7429,-1,Other or Unclassified Support Content
7430,0,Issue After Firmware Update
7431,3,Data Loss and File Recovery
7432,5,Unable to Perform Desired Action
7433,8,Charging Problems
7434,-1,Other or Unclassified Support Content
7435,-1,Other or Unclassified Support Content
7436,5,Unable to Perform Desired Action
7437,-1,Other or Unclassified Support Content
7438,2,Account Access and Password Issues
7439,-1,Other or Unclassified Support Content
7440,15,Software Update Availability
7441,0,Issue After Firmware Update
7442,4,Error Messages and Error Codes
7443,12,Application Crashes and Software Bugs
7444,-1,Other or Unclassified Support Content
7445,-1,Other or Unclassified Support Content
7446,4,Error Messages and Error Codes
7447,15,Software Update Availability
7448,-1,Other or Unclassified Support Content
7449,-1,Other or Unclassified Support Content
7450,2,Account Access and Password Issues
7451,0,Issue After Firmware Update
7452,0,Issue After Firmware Update
7453,-1,Other or Unclassified Support Content
7454,7,Security and Data Safety Concerns
7455,24,Other Support Content
7456,-1,Other or Unclassified Support Content
7457,0,Issue After Firmware Update
7458,0,Issue After Firmware Update
7459,5,Unable to Perform Desired Action
7460,0,Issue After Firmware Update
7461,26,Other Support Content
7462,16,Screen and Display Problems
7463,6,Wi-Fi Connectivity Issues
7464,3,Data Loss and File Recovery
7465,11,Software Bugs and Data Loss
7466,0,Issue After Firmware Update
7467,-1,Other or Unclassified Support Content
7468,3,Data Loss and File Recovery
7469,1,App Issue Persists After Troubleshooting
7470,5,Unable to Perform Desired Action
7471,0,Issue After Firmware Update
7472,0,Issue After Firmware Update
7473,-1,Other or Unclassified Support Content
7474,12,Application Crashes and Software Bugs
7475,17,Urgent Issue Affecting Productivity
7476,20,Repair or Replacement Concerns
7477,0,Issue After Firmware Update
7478,10,Unstable Internet Connection
7479,-1,Other or Unclassified Support Content
7480,0,Issue After Firmware Update
7481,-1,Other or Unclassified Support Content
7482,-1,Other or Unclassified Support Content
7483,0,Issue After Firmware Update
7484,-1,Other or Unclassified Support Content
7485,-1,Other or Unclassified Support Content
7486,19,Urgent Issue Affecting Productivity
7487,7,Security and Data Safety Concerns
7488,0,Issue After Firmware Update
7489,-1,Other or Unclassified Support Content
7490,9,Battery Life Issues
7491,9,Battery Life Issues
7492,6,Wi-Fi Connectivity Issues
7493,17,Urgent Issue Affecting Productivity
7494,16,Screen and Display Problems
7495,1,App Issue Persists After Troubleshooting
7496,1,App Issue Persists After Troubleshooting
7497,0,Issue After Firmware Update
7498,-1,Other or Unclassified Support Content
7499,1,App Issue Persists After Troubleshooting
7500,4,Error Messages and Error Codes
7501,2,Account Access and Password Issues
7502,6,Wi-Fi Connectivity Issues
7503,-1,Other or Unclassified Support Content
7504,13,General Hardware Malfunction
7505,1,App Issue Persists After Troubleshooting
7506,3,Data Loss and File Recovery
7507,8,Charging Problems
7508,15,Software Update Availability
7509,11,Software Bugs and Data Loss
7510,0,Issue After Firmware Update
7511,10,Unstable Internet Connection
7512,7,Security and Data Safety Concerns
7513,0,Issue After Firmware Update
7514,15,Software Update Availability
7515,15,Software Update Availability
7516,-1,Other or Unclassified Support Content
7517,0,Issue After Firmware Update
7518,0,Issue After Firmware Update
7519,3,Data Loss and File Recovery
7520,15,Software Update Availability
7521,18,Device Not Turning On
7522,-1,Other or Unclassified Support Content
7523,0,Issue After Firmware Update
7524,5,Unable to Perform Desired Action
7525,9,Battery Life Issues
7526,7,Security and Data Safety Concerns
7527,19,Urgent Issue Affecting Productivity
7528,2,Account Access and Password Issues
7529,17,Urgent Issue Affecting Productivity
7530,-1,Other or Unclassified Support Content
7531,0,Issue After Firmware Update
7532,16,Screen and Display Problems
7533,11,Software Bugs and Data Loss
7534,8,Charging Problems
7535,3,Data Loss and File Recovery
7536,9,Battery Life Issues
7537,0,Issue After Firmware Update
7538,-1,Other or Unclassified Support Content
7539,-1,Other or Unclassified Support Content
7540,0,Issue After Firmware Update
7541,2,Account Access and Password Issues
7542,0,Issue After Firmware Update
7543,-1,Other or Unclassified Support Content
7544,-1,Other or Unclassified Support Content
7545,2,Account Access and Password Issues
7546,-1,Other or Unclassified Support Content
7547,0,Issue After Firmware Update
7548,5,Unable to Perform Desired Action
7549,13,General Hardware Malfunction
7550,20,Repair or Replacement Concerns
7551,4,Error Messages and Error Codes
7552,0,Issue After Firmware Update
7553,-1,Other or Unclassified Support Content
7554,3,Data Loss and File Recovery
7555,9,Battery Life Issues
7556,6,Wi-Fi Connectivity Issues
7557,11,Software Bugs and Data Loss
7558,2,Account Access and Password Issues
7559,0,Issue After Firmware Update
7560,1,App Issue Persists After Troubleshooting
7561,19,Urgent Issue Affecting Productivity
7562,-1,Other or Unclassified Support Content
7563,6,Wi-Fi Connectivity Issues
7564,0,Issue After Firmware Update
7565,2,Account Access and Password Issues
7566,0,Issue After Firmware Update
7567,0,Issue After Firmware Update
7568,0,Issue After Firmware Update
7569,6,Wi-Fi Connectivity Issues
7570,4,Error Messages and Error Codes
7571,10,Unstable Internet Connection
7572,0,Issue After Firmware Update
7573,17,Urgent Issue Affecting Productivity
7574,15,Software Update Availability
7575,4,Error Messages and Error Codes
7576,-1,Other or Unclassified Support Content
7577,-1,Other or Unclassified Support Content
7578,0,Issue After Firmware Update
7579,3,Data Loss and File Recovery
7580,18,Device Not Turning On
7581,-1,Other or Unclassified Support Content
7582,-1,Other or Unclassified Support Content
7583,-1,Other or Unclassified Support Content
7584,6,Wi-Fi Connectivity Issues
7585,19,Urgent Issue Affecting Productivity
7586,0,Issue After Firmware Update
7587,0,Issue After Firmware Update
7588,7,Security and Data Safety Concerns
7589,20,Repair or Replacement Concerns
7590,18,Device Not Turning On
7591,6,Wi-Fi Connectivity Issues
7592,5,Unable to Perform Desired Action
7593,0,Issue After Firmware Update
7594,-1,Other or Unclassified Support Content
7595,-1,Other or Unclassified Support Content
7596,0,Issue After Firmware Update
7597,2,Account Access and Password Issues
7598,0,Issue After Firmware Update
7599,7,Security and Data Safety Concerns
7600,-1,Other or Unclassified Support Content
7601,-1,Other or Unclassified Support Content
7602,16,Screen and Display Problems
7603,8,Charging Problems
7604,-1,Other or Unclassified Support Content
7605,1,App Issue Persists After Troubleshooting
7606,-1,Other or Unclassified Support Content
7607,-1,Other or Unclassified Support Content
7608,1,App Issue Persists After Troubleshooting
7609,16,Screen and Display Problems
7610,11,Software Bugs and Data Loss
7611,0,Issue After Firmware Update
7612,-1,Other or Unclassified Support Content
7613,6,Wi-Fi Connectivity Issues
7614,4,Error Messages and Error Codes
7615,-1,Other or Unclassified Support Content
7616,0,Issue After Firmware Update
7617,16,Screen and Display Problems
7618,4,Error Messages and Error Codes
7619,9,Battery Life Issues
7620,-1,Other or Unclassified Support Content
7621,2,Account Access and Password Issues
7622,13,General Hardware Malfunction
7623,3,Data Loss and File Recovery
7624,-1,Other or Unclassified Support Content
7625,18,Device Not Turning On
7626,-1,Other or Unclassified Support Content
7627,12,Application Crashes and Software Bugs
7628,-1,Other or Unclassified Support Content
7629,15,Software Update Availability
7630,12,Application Crashes and Software Bugs
7631,19,Urgent Issue Affecting Productivity
7632,17,Urgent Issue Affecting Productivity
7633,-1,Other or Unclassified Support Content
7634,6,Wi-Fi Connectivity Issues
7635,-1,Other or Unclassified Support Content
7636,0,Issue After Firmware Update
7637,4,Error Messages and Error Codes
7638,7,Security and Data Safety Concerns
7639,2,Account Access and Password Issues
7640,14,Software Freezing Issues
7641,-1,Other or Unclassified Support Content
7642,-1,Other or Unclassified Support Content
7643,-1,Other or Unclassified Support Content
7644,0,Issue After Firmware Update
7645,2,Account Access and Password Issues
7646,16,Screen and Display Problems
7647,3,Data Loss and File Recovery
7648,0,Issue After Firmware Update
7649,0,Issue After Firmware Update
7650,10,Unstable Internet Connection
7651,17,Urgent Issue Affecting Productivity
7652,-1,Other or Unclassified Support Content
7653,16,Screen and Display Problems
7654,0,Issue After Firmware Update
7655,3,Data Loss and File Recovery
7656,-1,Other or Unclassified Support Content
7657,15,Software Update Availability
7658,17,Urgent Issue Affecting Productivity
7659,-1,Other or Unclassified Support Content
7660,-1,Other or Unclassified Support Content
7661,5,Unable to Perform Desired Action
7662,-1,Other or Unclassified Support Content
7663,7,Security and Data Safety Concerns
7664,4,Error Messages and Error Codes
7665,7,Security and Data Safety Concerns
7666,1,App Issue Persists After Troubleshooting
7667,-1,Other or Unclassified Support Content
7668,0,Issue After Firmware Update
7669,16,Screen and Display Problems
7670,0,Issue After Firmware Update
7671,-1,Other or Unclassified Support Content
7672,2,Account Access and Password Issues
7673,-1,Other or Unclassified Support Content
7674,0,Issue After Firmware Update
7675,9,Battery Life Issues
7676,18,Device Not Turning On
7677,19,Urgent Issue Affecting Productivity
7678,10,Unstable Internet Connection
7679,0,Issue After Firmware Update
7680,2,Account Access and Password Issues
7681,6,Wi-Fi Connectivity Issues
7682,0,Issue After Firmware Update
7683,4,Error Messages and Error Codes
7684,13,General Hardware Malfunction
7685,13,General Hardware Malfunction
7686,6,Wi-Fi Connectivity Issues
7687,0,Issue After Firmware Update
7688,15,Software Update Availability
7689,0,Issue After Firmware Update
7690,-1,Other or Unclassified Support Content
7691,6,Wi-Fi Connectivity Issues
7692,4,Error Messages and Error Codes
7693,14,Software Freezing Issues
7694,16,Screen and Display Problems
7695,0,Issue After Firmware Update
7696,-1,Other or Unclassified Support Content
7697,7,Security and Data Safety Concerns
7698,-1,Other or Unclassified Support Content
7699,0,Issue After Firmware Update
7700,9,Battery Life Issues
7701,3,Data Loss and File Recovery
7702,0,Issue After Firmware Update
7703,-1,Other or Unclassified Support Content
7704,-1,Other or Unclassified Support Content
7705,14,Software Freezing Issues
7706,3,Data Loss and File Recovery
7707,5,Unable to Perform Desired Action
7708,0,Issue After Firmware Update
7709,4,Error Messages and Error Codes
7710,3,Data Loss and File Recovery
7711,-1,Other or Unclassified Support Content
7712,4,Error Messages and Error Codes
7713,0,Issue After Firmware Update
7714,-1,Other or Unclassified Support Content
7715,8,Charging Problems
7716,8,Charging Problems
7717,3,Data Loss and File Recovery
7718,-1,Other or Unclassified Support Content
7719,-1,Other or Unclassified Support Content
7720,14,Software Freezing Issues
7721,3,Data Loss and File Recovery
7722,10,Unstable Internet Connection
7723,-1,Other or Unclassified Support Content
7724,6,Wi-Fi Connectivity Issues
7725,18,Device Not Turning On
7726,-1,Other or Unclassified Support Content
7727,-1,Other or Unclassified Support Content
7728,18,Device Not Turning On
7729,4,Error Messages and Error Codes
7730,6,Wi-Fi Connectivity Issues
7731,19,Urgent Issue Affecting Productivity
7732,6,Wi-Fi Connectivity Issues
7733,11,Software Bugs and Data Loss
7734,-1,Other or Unclassified Support Content
7735,15,Software Update Availability
7736,8,Charging Problems
7737,4,Error Messages and Error Codes
7738,-1,Other or Unclassified Support Content
7739,16,Screen and Display Problems
7740,1,App Issue Persists After Troubleshooting
7741,3,Data Loss and File Recovery
7742,3,Data Loss and File Recovery
7743,6,Wi-Fi Connectivity Issues
7744,-1,Other or Unclassified Support Content
7745,-1,Other or Unclassified Support Content
7746,0,Issue After Firmware Update
7747,28,Other Support Content
7748,11,Software Bugs and Data Loss
7749,-1,Other or Unclassified Support Content
7750,2,Account Access and Password Issues
7751,-1,Other or Unclassified Support Content
7752,-1,Other or Unclassified Support Content
7753,-1,Other or Unclassified Support Content
7754,0,Issue After Firmware Update
7755,7,Security and Data Safety Concerns
7756,10,Unstable Internet Connection
7757,0,Issue After Firmware Update
7758,5,Unable to Perform Desired Action
7759,-1,Other or Unclassified Support Content
7760,0,Issue After Firmware Update
7761,-1,Other or Unclassified Support Content
7762,0,Issue After Firmware Update
7763,0,Issue After Firmware Update
7764,-1,Other or Unclassified Support Content
7765,-1,Other or Unclassified Support Content
7766,2,Account Access and Password Issues
7767,13,General Hardware Malfunction
7768,-1,Other or Unclassified Support Content
7769,20,Repair or Replacement Concerns
7770,0,Issue After Firmware Update
7771,-1,Other or Unclassified Support Content
7772,0,Issue After Firmware Update
7773,-1,Other or Unclassified Support Content
7774,5,Unable to Perform Desired Action
7775,14,Software Freezing Issues
7776,-1,Other or Unclassified Support Content
7777,-1,Other or Unclassified Support Content
7778,21,Refund Issues
7779,15,Software Update Availability
7780,11,Software Bugs and Data Loss
7781,4,Error Messages and Error Codes
7782,-1,Other or Unclassified Support Content
7783,3,Data Loss and File Recovery
7784,13,General Hardware Malfunction
7785,0,Issue After Firmware Update
7786,4,Error Messages and Error Codes
7787,0,Issue After Firmware Update
7788,5,Unable to Perform Desired Action
7789,7,Security and Data Safety Concerns
7790,4,Error Messages and Error Codes
7791,16,Screen and Display Problems
7792,0,Issue After Firmware Update
7793,22,Invoice and Payment Issues
7794,13,General Hardware Malfunction
7795,1,App Issue Persists After Troubleshooting
7796,1,App Issue Persists After Troubleshooting
7797,-1,Other or Unclassified Support Content
7798,12,Application Crashes and Software Bugs
7799,0,Issue After Firmware Update
7800,7,Security and Data Safety Concerns
7801,-1,Other or Unclassified Support Content
7802,1,App Issue Persists After Troubleshooting
7803,-1,Other or Unclassified Support Content
7804,2,Account Access and Password Issues
7805,0,Issue After Firmware Update
7806,0,Issue After Firmware Update
7807,0,Issue After Firmware Update
7808,-1,Other or Unclassified Support Content
7809,5,Unable to Perform Desired Action
7810,6,Wi-Fi Connectivity Issues
7811,1,App Issue Persists After Troubleshooting
7812,6,Wi-Fi Connectivity Issues
7813,0,Issue After Firmware Update
7814,0,Issue After Firmware Update
7815,-1,Other or Unclassified Support Content
7816,5,Unable to Perform Desired Action
7817,-1,Other or Unclassified Support Content
7818,0,Issue After Firmware Update
7819,1,App Issue Persists After Troubleshooting
7820,6,Wi-Fi Connectivity Issues
7821,-1,Other or Unclassified Support Content
7822,17,Urgent Issue Affecting Productivity
7823,0,Issue After Firmware Update
7824,20,Repair or Replacement Concerns
7825,0,Issue After Firmware Update
7826,0,Issue After Firmware Update
7827,0,Issue After Firmware Update
7828,1,App Issue Persists After Troubleshooting
7829,-1,Other or Unclassified Support Content
7830,0,Issue After Firmware Update
7831,0,Issue After Firmware Update
7832,19,Urgent Issue Affecting Productivity
7833,-1,Other or Unclassified Support Content
7834,-1,Other or Unclassified Support Content
7835,12,Application Crashes and Software Bugs
7836,1,App Issue Persists After Troubleshooting
7837,5,Unable to Perform Desired Action
7838,2,Account Access and Password Issues
7839,4,Error Messages and Error Codes
7840,0,Issue After Firmware Update
7841,3,Data Loss and File Recovery
7842,0,Issue After Firmware Update
7843,-1,Other or Unclassified Support Content
7844,1,App Issue Persists After Troubleshooting
7845,18,Device Not Turning On
7846,0,Issue After Firmware Update
7847,0,Issue After Firmware Update
7848,-1,Other or Unclassified Support Content
7849,14,Software Freezing Issues
7850,-1,Other or Unclassified Support Content
7851,4,Error Messages and Error Codes
7852,-1,Other or Unclassified Support Content
7853,-1,Other or Unclassified Support Content
7854,0,Issue After Firmware Update
7855,3,Data Loss and File Recovery
7856,0,Issue After Firmware Update
7857,-1,Other or Unclassified Support Content
7858,5,Unable to Perform Desired Action
7859,4,Error Messages and Error Codes
7860,14,Software Freezing Issues
7861,10,Unstable Internet Connection
7862,2,Account Access and Password Issues
7863,-1,Other or Unclassified Support Content
7864,15,Software Update Availability
7865,1,App Issue Persists After Troubleshooting
7866,2,Account Access and Password Issues
7867,0,Issue After Firmware Update
7868,14,Software Freezing Issues
7869,10,Unstable Internet Connection
7870,0,Issue After Firmware Update
7871,0,Issue After Firmware Update
7872,-1,Other or Unclassified Support Content
7873,-1,Other or Unclassified Support Content
7874,-1,Other or Unclassified Support Content
7875,-1,Other or Unclassified Support Content
7876,8,Charging Problems
7877,1,App Issue Persists After Troubleshooting
7878,22,Invoice and Payment Issues
7879,0,Issue After Firmware Update
7880,0,Issue After Firmware Update
7881,0,Issue After Firmware Update
7882,26,Other Support Content
7883,0,Issue After Firmware Update
7884,7,Security and Data Safety Concerns
7885,11,Software Bugs and Data Loss
7886,0,Issue After Firmware Update
7887,4,Error Messages and Error Codes
7888,26,Other Support Content
7889,16,Screen and Display Problems
7890,14,Software Freezing Issues
7891,10,Unstable Internet Connection
7892,0,Issue After Firmware Update
7893,0,Issue After Firmware Update
7894,2,Account Access and Password Issues
7895,-1,Other or Unclassified Support Content
7896,0,Issue After Firmware Update
7897,0,Issue After Firmware Update
7898,0,Issue After Firmware Update
7899,-1,Other or Unclassified Support Content
7900,5,Unable to Perform Desired Action
7901,-1,Other or Unclassified Support Content
7902,15,Software Update Availability
7903,-1,Other or Unclassified Support Content
7904,-1,Other or Unclassified Support Content
7905,7,Security and Data Safety Concerns
7906,6,Wi-Fi Connectivity Issues
7907,-1,Other or Unclassified Support Content
7908,0,Issue After Firmware Update
7909,-1,Other or Unclassified Support Content
7910,0,Issue After Firmware Update
7911,9,Battery Life Issues
7912,0,Issue After Firmware Update
7913,13,General Hardware Malfunction
7914,28,Other Support Content
7915,6,Wi-Fi Connectivity Issues
7916,1,App Issue Persists After Troubleshooting
7917,3,Data Loss and File Recovery
7918,3,Data Loss and File Recovery
7919,0,Issue After Firmware Update
7920,4,Error Messages and Error Codes
7921,0,Issue After Firmware Update
7922,11,Software Bugs and Data Loss
7923,5,Unable to Perform Desired Action
7924,19,Urgent Issue Affecting Productivity
7925,0,Issue After Firmware Update
7926,0,Issue After Firmware Update
7927,8,Charging Problems
7928,20,Repair or Replacement Concerns
7929,0,Issue After Firmware Update
7930,8,Charging Problems
7931,0,Issue After Firmware Update
7932,18,Device Not Turning On
7933,2,Account Access and Password Issues
7934,6,Wi-Fi Connectivity Issues
7935,-1,Other or Unclassified Support Content
7936,3,Data Loss and File Recovery
7937,3,Data Loss and File Recovery
7938,21,Refund Issues
7939,9,Battery Life Issues
7940,8,Charging Problems
7941,10,Unstable Internet Connection
7942,2,Account Access and Password Issues
7943,1,App Issue Persists After Troubleshooting
7944,0,Issue After Firmware Update
7945,0,Issue After Firmware Update
7946,-1,Other or Unclassified Support Content
7947,13,General Hardware Malfunction
7948,1,App Issue Persists After Troubleshooting
7949,8,Charging Problems
7950,0,Issue After Firmware Update
7951,1,App Issue Persists After Troubleshooting
7952,0,Issue After Firmware Update
7953,13,General Hardware Malfunction
7954,16,Screen and Display Problems
7955,12,Application Crashes and Software Bugs
7956,0,Issue After Firmware Update
7957,2,Account Access and Password Issues
7958,9,Battery Life Issues
7959,14,Software Freezing Issues
7960,-1,Other or Unclassified Support Content
7961,19,Urgent Issue Affecting Productivity
7962,10,Unstable Internet Connection
7963,4,Error Messages and Error Codes
7964,-1,Other or Unclassified Support Content
7965,20,Repair or Replacement Concerns
7966,7,Security and Data Safety Concerns
7967,0,Issue After Firmware Update
7968,12,Application Crashes and Software Bugs
7969,12,Application Crashes and Software Bugs
7970,8,Charging Problems
7971,12,Application Crashes and Software Bugs
7972,11,Software Bugs and Data Loss
7973,-1,Other or Unclassified Support Content
7974,6,Wi-Fi Connectivity Issues
7975,8,Charging Problems
7976,18,Device Not Turning On
7977,20,Repair or Replacement Concerns
7978,0,Issue After Firmware Update
7979,-1,Other or Unclassified Support Content
7980,-1,Other or Unclassified Support Content
7981,24,Other Support Content
7982,-1,Other or Unclassified Support Content
7983,16,Screen and Display Problems
7984,1,App Issue Persists After Troubleshooting
7985,0,Issue After Firmware Update
7986,16,Screen and Display Problems
7987,0,Issue After Firmware Update
7988,11,Software Bugs and Data Loss
7989,0,Issue After Firmware Update
7990,-1,Other or Unclassified Support Content
7991,1,App Issue Persists After Troubleshooting
7992,18,Device Not Turning On
7993,14,Software Freezing Issues
7994,9,Battery Life Issues
7995,0,Issue After Firmware Update
7996,-1,Other or Unclassified Support Content
7997,0,Issue After Firmware Update
7998,-1,Other or Unclassified Support Content
7999,-1,Other or Unclassified Support Content
8000,-1,Other or Unclassified Support Content
8001,5,Unable to Perform Desired Action
8002,1,App Issue Persists After Troubleshooting
8003,13,General Hardware Malfunction
8004,17,Urgent Issue Affecting Productivity
8005,10,Unstable Internet Connection
8006,-1,Other or Unclassified Support Content
8007,2,Account Access and Password Issues
8008,-1,Other or Unclassified Support Content
8009,5,Unable to Perform Desired Action
8010,19,Urgent Issue Affecting Productivity
8011,-1,Other or Unclassified Support Content
8012,15,Software Update Availability
8013,4,Error Messages and Error Codes
8014,0,Issue After Firmware Update
8015,0,Issue After Firmware Update
8016,7,Security and Data Safety Concerns
8017,-1,Other or Unclassified Support Content
8018,4,Error Messages and Error Codes
8019,0,Issue After Firmware Update
8020,0,Issue After Firmware Update
8021,-1,Other or Unclassified Support Content
8022,-1,Other or Unclassified Support Content
8023,-1,Other or Unclassified Support Content
8024,0,Issue After Firmware Update
8025,7,Security and Data Safety Concerns
8026,-1,Other or Unclassified Support Content
8027,-1,Other or Unclassified Support Content
8028,-1,Other or Unclassified Support Content
8029,0,Issue After Firmware Update
8030,-1,Other or Unclassified Support Content
8031,10,Unstable Internet Connection
8032,0,Issue After Firmware Update
8033,0,Issue After Firmware Update
8034,-1,Other or Unclassified Support Content
8035,0,Issue After Firmware Update
8036,-1,Other or Unclassified Support Content
8037,3,Data Loss and File Recovery
8038,-1,Other or Unclassified Support Content
8039,-1,Other or Unclassified Support Content
8040,17,Urgent Issue Affecting Productivity
8041,8,Charging Problems
8042,-1,Other or Unclassified Support Content
8043,0,Issue After Firmware Update
8044,-1,Other or Unclassified Support Content
8045,6,Wi-Fi Connectivity Issues
8046,-1,Other or Unclassified Support Content
8047,11,Software Bugs and Data Loss
8048,22,Invoice and Payment Issues
8049,0,Issue After Firmware Update
8050,16,Screen and Display Problems
8051,0,Issue After Firmware Update
8052,-1,Other or Unclassified Support Content
8053,15,Software Update Availability
8054,0,Issue After Firmware Update
8055,-1,Other or Unclassified Support Content
8056,-1,Other or Unclassified Support Content
8057,14,Software Freezing Issues
8058,10,Unstable Internet Connection
8059,2,Account Access and Password Issues
8060,-1,Other or Unclassified Support Content
8061,1,App Issue Persists After Troubleshooting
8062,5,Unable to Perform Desired Action
8063,10,Unstable Internet Connection
8064,9,Battery Life Issues
8065,2,Account Access and Password Issues
8066,1,App Issue Persists After Troubleshooting
8067,19,Urgent Issue Affecting Productivity
8068,1,App Issue Persists After Troubleshooting
8069,-1,Other or Unclassified Support Content
8070,12,Application Crashes and Software Bugs
8071,4,Error Messages and Error Codes
8072,11,Software Bugs and Data Loss
8073,0,Issue After Firmware Update
8074,11,Software Bugs and Data Loss
8075,10,Unstable Internet Connection
8076,1,App Issue Persists After Troubleshooting
8077,-1,Other or Unclassified Support Content
8078,-1,Other or Unclassified Support Content
8079,-1,Other or Unclassified Support Content
8080,2,Account Access and Password Issues
8081,7,Security and Data Safety Concerns
8082,-1,Other or Unclassified Support Content
8083,17,Urgent Issue Affecting Productivity
8084,-1,Other or Unclassified Support Content
8085,0,Issue After Firmware Update
8086,-1,Other or Unclassified Support Content
8087,18,Device Not Turning On
8088,21,Refund Issues
8089,14,Software Freezing Issues
8090,13,General Hardware Malfunction
8091,11,Software Bugs and Data Loss
8092,13,General Hardware Malfunction
8093,-1,Other or Unclassified Support Content
8094,2,Account Access and Password Issues
8095,22,Invoice and Payment Issues
8096,-1,Other or Unclassified Support Content
8097,6,Wi-Fi Connectivity Issues
8098,-1,Other or Unclassified Support Content
8099,0,Issue After Firmware Update
8100,6,Wi-Fi Connectivity Issues
8101,3,Data Loss and File Recovery
8102,24,Other Support Content
8103,0,Issue After Firmware Update
8104,7,Security and Data Safety Concerns
8105,-1,Other or Unclassified Support Content
8106,1,App Issue Persists After Troubleshooting
8107,-1,Other or Unclassified Support Content
8108,16,Screen and Display Problems
8109,1,App Issue Persists After Troubleshooting
8110,-1,Other or Unclassified Support Content
8111,5,Unable to Perform Desired Action
8112,2,Account Access and Password Issues
8113,-1,Other or Unclassified Support Content
8114,4,Error Messages and Error Codes
8115,-1,Other or Unclassified Support Content
8116,3,Data Loss and File Recovery
8117,-1,Other or Unclassified Support Content
8118,5,Unable to Perform Desired Action
8119,1,App Issue Persists After Troubleshooting
8120,-1,Other or Unclassified Support Content
8121,0,Issue After Firmware Update
8122,9,Battery Life Issues
8123,0,Issue After Firmware Update
8124,4,Error Messages and Error Codes
8125,14,Software Freezing Issues
8126,-1,Other or Unclassified Support Content
8127,-1,Other or Unclassified Support Content
8128,-1,Other or Unclassified Support Content
8129,-1,Other or Unclassified Support Content
8130,0,Issue After Firmware Update
8131,-1,Other or Unclassified Support Content
8132,0,Issue After Firmware Update
8133,0,Issue After Firmware Update
8134,0,Issue After Firmware Update
8135,18,Device Not Turning On
8136,0,Issue After Firmware Update
8137,-1,Other or Unclassified Support Content
8138,-1,Other or Unclassified Support Content
8139,0,Issue After Firmware Update
8140,9,Battery Life Issues
8141,0,Issue After Firmware Update
8142,7,Security and Data Safety Concerns
8143,-1,Other or Unclassified Support Content
8144,-1,Other or Unclassified Support Content
8145,21,Refund Issues
8146,-1,Other or Unclassified Support Content
8147,17,Urgent Issue Affecting Productivity
8148,8,Charging Problems
8149,5,Unable to Perform Desired Action
8150,-1,Other or Unclassified Support Content
8151,6,Wi-Fi Connectivity Issues
8152,13,General Hardware Malfunction
8153,0,Issue After Firmware Update
8154,-1,Other or Unclassified Support Content
8155,-1,Other or Unclassified Support Content
8156,12,Application Crashes and Software Bugs
8157,0,Issue After Firmware Update
8158,16,Screen and Display Problems
8159,-1,Other or Unclassified Support Content
8160,12,Application Crashes and Software Bugs
8161,6,Wi-Fi Connectivity Issues
8162,1,App Issue Persists After Troubleshooting
8163,-1,Other or Unclassified Support Content
8164,7,Security and Data Safety Concerns
8165,0,Issue After Firmware Update
8166,3,Data Loss and File Recovery
8167,-1,Other or Unclassified Support Content
8168,0,Issue After Firmware Update
8169,0,Issue After Firmware Update
8170,-1,Other or Unclassified Support Content
8171,-1,Other or Unclassified Support Content
8172,-1,Other or Unclassified Support Content
8173,2,Account Access and Password Issues
8174,7,Security and Data Safety Concerns
8175,4,Error Messages and Error Codes
8176,-1,Other or Unclassified Support Content
8177,0,Issue After Firmware Update
8178,8,Charging Problems
8179,-1,Other or Unclassified Support Content
8180,0,Issue After Firmware Update
8181,0,Issue After Firmware Update
8182,0,Issue After Firmware Update
8183,5,Unable to Perform Desired Action
8184,12,Application Crashes and Software Bugs
8185,0,Issue After Firmware Update
8186,-1,Other or Unclassified Support Content
8187,0,Issue After Firmware Update
8188,11,Software Bugs and Data Loss
8189,2,Account Access and Password Issues
8190,4,Error Messages and Error Codes
8191,0,Issue After Firmware Update
8192,-1,Other or Unclassified Support Content
8193,-1,Other or Unclassified Support Content
8194,11,Software Bugs and Data Loss
8195,20,Repair or Replacement Concerns
8196,4,Error Messages and Error Codes
8197,13,General Hardware Malfunction
8198,9,Battery Life Issues
8199,10,Unstable Internet Connection
8200,0,Issue After Firmware Update
8201,17,Urgent Issue Affecting Productivity
8202,11,Software Bugs and Data Loss
8203,4,Error Messages and Error Codes
8204,-1,Other or Unclassified Support Content
8205,12,Application Crashes and Software Bugs
8206,-1,Other or Unclassified Support Content
8207,8,Charging Problems
8208,14,Software Freezing Issues
8209,0,Issue After Firmware Update
8210,3,Data Loss and File Recovery
8211,3,Data Loss and File Recovery
8212,15,Software Update Availability
8213,22,Invoice and Payment Issues
8214,17,Urgent Issue Affecting Productivity
8215,-1,Other or Unclassified Support Content
8216,2,Account Access and Password Issues
8217,9,Battery Life Issues
8218,11,Software Bugs and Data Loss
8219,6,Wi-Fi Connectivity Issues
8220,-1,Other or Unclassified Support Content
8221,-1,Other or Unclassified Support Content
8222,-1,Other or Unclassified Support Content
8223,12,Application Crashes and Software Bugs
8224,17,Urgent Issue Affecting Productivity
8225,9,Battery Life Issues
8226,-1,Other or Unclassified Support Content
8227,18,Device Not Turning On
8228,0,Issue After Firmware Update
8229,2,Account Access and Password Issues
8230,-1,Other or Unclassified Support Content
8231,-1,Other or Unclassified Support Content
8232,0,Issue After Firmware Update
8233,4,Error Messages and Error Codes
8234,7,Security and Data Safety Concerns
8235,2,Account Access and Password Issues
8236,17,Urgent Issue Affecting Productivity
8237,6,Wi-Fi Connectivity Issues
8238,2,Account Access and Password Issues
8239,-1,Other or Unclassified Support Content
8240,14,Software Freezing Issues
8241,18,Device Not Turning On
8242,17,Urgent Issue Affecting Productivity
8243,9,Battery Life Issues
8244,5,Unable to Perform Desired Action
8245,6,Wi-Fi Connectivity Issues
8246,3,Data Loss and File Recovery
8247,16,Screen and Display Problems
8248,0,Issue After Firmware Update
8249,8,Charging Problems
8250,0,Issue After Firmware Update
8251,11,Software Bugs and Data Loss
8252,0,Issue After Firmware Update
8253,-1,Other or Unclassified Support Content
8254,0,Issue After Firmware Update
8255,2,Account Access and Password Issues
8256,0,Issue After Firmware Update
8257,2,Account Access and Password Issues
8258,10,Unstable Internet Connection
8259,2,Account Access and Password Issues
8260,12,Application Crashes and Software Bugs
8261,0,Issue After Firmware Update
8262,0,Issue After Firmware Update
8263,10,Unstable Internet Connection
8264,0,Issue After Firmware Update
8265,21,Refund Issues
8266,-1,Other or Unclassified Support Content
8267,-1,Other or Unclassified Support Content
8268,3,Data Loss and File Recovery
8269,3,Data Loss and File Recovery
8270,-1,Other or Unclassified Support Content
8271,21,Refund Issues
8272,13,General Hardware Malfunction
8273,-1,Other or Unclassified Support Content
8274,16,Screen and Display Problems
8275,-1,Other or Unclassified Support Content
8276,-1,Other or Unclassified Support Content
8277,0,Issue After Firmware Update
8278,0,Issue After Firmware Update
8279,18,Device Not Turning On
8280,0,Issue After Firmware Update
8281,14,Software Freezing Issues
8282,0,Issue After Firmware Update
8283,11,Software Bugs and Data Loss
8284,3,Data Loss and File Recovery
8285,0,Issue After Firmware Update
8286,-1,Other or Unclassified Support Content
8287,-1,Other or Unclassified Support Content
8288,5,Unable to Perform Desired Action
8289,14,Software Freezing Issues
8290,1,App Issue Persists After Troubleshooting
8291,16,Screen and Display Problems
8292,0,Issue After Firmware Update
8293,4,Error Messages and Error Codes
8294,-1,Other or Unclassified Support Content
8295,7,Security and Data Safety Concerns
8296,3,Data Loss and File Recovery
8297,-1,Other or Unclassified Support Content
8298,18,Device Not Turning On
8299,4,Error Messages and Error Codes
8300,13,General Hardware Malfunction
8301,6,Wi-Fi Connectivity Issues
8302,7,Security and Data Safety Concerns
8303,5,Unable to Perform Desired Action
8304,0,Issue After Firmware Update
8305,6,Wi-Fi Connectivity Issues
8306,3,Data Loss and File Recovery
8307,0,Issue After Firmware Update
8308,3,Data Loss and File Recovery
8309,0,Issue After Firmware Update
8310,5,Unable to Perform Desired Action
8311,-1,Other or Unclassified Support Content
8312,11,Software Bugs and Data Loss
8313,5,Unable to Perform Desired Action
8314,23,Email and Account Issues
8315,16,Screen and Display Problems
8316,0,Issue After Firmware Update
8317,0,Issue After Firmware Update
8318,23,Email and Account Issues
8319,2,Account Access and Password Issues
8320,-1,Other or Unclassified Support Content
8321,4,Error Messages and Error Codes
8322,10,Unstable Internet Connection
8323,2,Account Access and Password Issues
8324,5,Unable to Perform Desired Action
8325,-1,Other or Unclassified Support Content
8326,-1,Other or Unclassified Support Content
8327,8,Charging Problems
8328,27,Other Support Content
8329,20,Repair or Replacement Concerns
8330,10,Unstable Internet Connection
8331,-1,Other or Unclassified Support Content
8332,11,Software Bugs and Data Loss
8333,14,Software Freezing Issues
8334,20,Repair or Replacement Concerns
8335,12,Application Crashes and Software Bugs
8336,-1,Other or Unclassified Support Content
8337,-1,Other or Unclassified Support Content
8338,-1,Other or Unclassified Support Content
8339,-1,Other or Unclassified Support Content
8340,-1,Other or Unclassified Support Content
8341,10,Unstable Internet Connection
8342,-1,Other or Unclassified Support Content
8343,14,Software Freezing Issues
8344,2,Account Access and Password Issues
8345,0,Issue After Firmware Update
8346,-1,Other or Unclassified Support Content
8347,2,Account Access and Password Issues
8348,8,Charging Problems
8349,14,Software Freezing Issues
8350,7,Security and Data Safety Concerns
8351,6,Wi-Fi Connectivity Issues
8352,-1,Other or Unclassified Support Content
8353,3,Data Loss and File Recovery
8354,-1,Other or Unclassified Support Content
8355,6,Wi-Fi Connectivity Issues
8356,0,Issue After Firmware Update
8357,0,Issue After Firmware Update
8358,7,Security and Data Safety Concerns
8359,17,Urgent Issue Affecting Productivity
8360,-1,Other or Unclassified Support Content
8361,10,Unstable Internet Connection
8362,5,Unable to Perform Desired Action
8363,-1,Other or Unclassified Support Content
8364,0,Issue After Firmware Update
8365,0,Issue After Firmware Update
8366,24,Other Support Content
8367,9,Battery Life Issues
8368,1,App Issue Persists After Troubleshooting
8369,-1,Other or Unclassified Support Content
8370,7,Security and Data Safety Concerns
8371,-1,Other or Unclassified Support Content
8372,3,Data Loss and File Recovery
8373,3,Data Loss and File Recovery
8374,0,Issue After Firmware Update
8375,0,Issue After Firmware Update
8376,1,App Issue Persists After Troubleshooting
8377,0,Issue After Firmware Update
8378,13,General Hardware Malfunction
8379,25,Refund and Exchange Requests
8380,3,Data Loss and File Recovery
8381,5,Unable to Perform Desired Action
8382,19,Urgent Issue Affecting Productivity
8383,2,Account Access and Password Issues
8384,1,App Issue Persists After Troubleshooting
8385,2,Account Access and Password Issues
8386,7,Security and Data Safety Concerns
8387,6,Wi-Fi Connectivity Issues
8388,-1,Other or Unclassified Support Content
8389,0,Issue After Firmware Update
8390,6,Wi-Fi Connectivity Issues
8391,0,Issue After Firmware Update
8392,2,Account Access and Password Issues
8393,3,Data Loss and File Recovery
8394,0,Issue After Firmware Update
8395,0,Issue After Firmware Update
8396,-1,Other or Unclassified Support Content
8397,0,Issue After Firmware Update
8398,0,Issue After Firmware Update
8399,7,Security and Data Safety Concerns
8400,13,General Hardware Malfunction
8401,-1,Other or Unclassified Support Content
8402,0,Issue After Firmware Update
8403,25,Refund and Exchange Requests
8404,3,Data Loss and File Recovery
8405,0,Issue After Firmware Update
8406,7,Security and Data Safety Concerns
8407,-1,Other or Unclassified Support Content
8408,0,Issue After Firmware Update
8409,0,Issue After Firmware Update
8410,7,Security and Data Safety Concerns
8411,18,Device Not Turning On
8412,-1,Other or Unclassified Support Content
8413,1,App Issue Persists After Troubleshooting
8414,15,Software Update Availability
8415,17,Urgent Issue Affecting Productivity
8416,12,Application Crashes and Software Bugs
8417,1,App Issue Persists After Troubleshooting
8418,5,Unable to Perform Desired Action
8419,5,Unable to Perform Desired Action
8420,0,Issue After Firmware Update
8421,20,Repair or Replacement Concerns
8422,2,Account Access and Password Issues
8423,16,Screen and Display Problems
8424,-1,Other or Unclassified Support Content
8425,0,Issue After Firmware Update
8426,7,Security and Data Safety Concerns
8427,5,Unable to Perform Desired Action
8428,0,Issue After Firmware Update
8429,5,Unable to Perform Desired Action
8430,0,Issue After Firmware Update
8431,2,Account Access and Password Issues
8432,15,Software Update Availability
8433,17,Urgent Issue Affecting Productivity
8434,-1,Other or Unclassified Support Content
8435,-1,Other or Unclassified Support Content
8436,16,Screen and Display Problems
8437,1,App Issue Persists After Troubleshooting
8438,0,Issue After Firmware Update
8439,12,Application Crashes and Software Bugs
8440,0,Issue After Firmware Update
8441,-1,Other or Unclassified Support Content
8442,13,General Hardware Malfunction
8443,2,Account Access and Password Issues
8444,2,Account Access and Password Issues
8445,-1,Other or Unclassified Support Content
8446,-1,Other or Unclassified Support Content
8447,1,App Issue Persists After Troubleshooting
8448,15,Software Update Availability
8449,5,Unable to Perform Desired Action
8450,0,Issue After Firmware Update
8451,0,Issue After Firmware Update
8452,-1,Other or Unclassified Support Content
8453,1,App Issue Persists After Troubleshooting
8454,9,Battery Life Issues
8455,8,Charging Problems
8456,5,Unable to Perform Desired Action
8457,14,Software Freezing Issues
8458,6,Wi-Fi Connectivity Issues
8459,0,Issue After Firmware Update
8460,-1,Other or Unclassified Support Content
8461,2,Account Access and Password Issues
8462,-1,Other or Unclassified Support Content
8463,1,App Issue Persists After Troubleshooting
8464,17,Urgent Issue Affecting Productivity
8465,18,Device Not Turning On
8466,1,App Issue Persists After Troubleshooting
8467,0,Issue After Firmware Update
8468,0,Issue After Firmware Update
8469,15,Software Update Availability
