ticket_id,dissatisfaction_risk_score
1,0.5453756337327141
2,0.35730977810596865
3,0.4347818172887364
4,0.39132058624151544
5,0.40018134018108514
6,0.6323619136434633
7,0.37765853526005017
8,0.4632743804987231
9,0.39132058624151544
10,0.3630251627689895
11,0.43140359731483363
12,0.3986140303711836
13,0.26775353885203657
14,0.3515410241061728
15,0.3412622127685235
16,0.3982689065857692
17,0.3549928259791038
18,0.40154420176702366
19,0.4106630567263753
20,0.3761176100160125
21,0.3604712147187962
22,0.37946590380188
23,0.3846389962308382
24,0.38420943919275596
25,0.5070926515252493
26,0.4096113659361126
27,0.31461225070660503
28,0.4497170430136216
29,0.42382863453172676
30,0.4709711125702582
31,0.5112720948755503
32,0.33188658864667125
33,0.3914044657343063
34,0.34081483578572996
35,0.3125916317807259
36,0.5790113136145664
37,0.3686481460454228
38,0.6334495863678382
39,0.38710341086809014
40,0.3903764945116956
41,0.35011084337083964
42,0.3047919952928636
43,0.4709711125702582
44,0.3871601194946617
45,0.5227499718723625
46,0.42794881245185
47,0.3908333484442645
48,0.6205098076423984
49,0.40154420176702366
50,0.36050703401079404
51,0.2833511677208854
52,0.4370432794435764
53,0.2597603918852307
54,0.3957981966417233
55,0.4178660838644369
56,0.46601887471334774
57,0.38347079298163034
58,0.38989400346491754
59,0.30503480823370865
60,0.39054741479841404
61,0.37935251467928716
62,0.4298692663270141
63,0.3998065825825128
64,0.40544072328871505
65,0.4478135984152719
66,0.285628040069152
67,0.4776677241335318
68,0.22369247655325344
69,0.4764585287115088
70,0.5238128470704535
71,0.23950243466348908
72,0.3903764945116956
73,0.38485757444762875
74,0.35059702664294146
75,0.35319432087545705
76,0.40057536997556553
77,0.27560853606243635
78,0.37380616743780354
79,0.4242834051167652
80,0.34951555220153885
81,0.3888321189221731
82,0.14511813307749405
83,0.3723063675725678
84,0.40294850303679647
85,0.3568872237495539
86,0.41747634211129914
87,0.561701816824998
88,0.6379162837880402
89,0.4012572039430841
90,0.4386153693818552
91,0.45599864021308234
92,0.41800516651978714
93,0.3984350690929026
94,0.22586256061473867
95,0.34644408587246506
96,0.23950243466348908
97,0.3810306118115171
98,0.5043861322722295
99,0.3412622127685235
100,0.21143694883833317
101,0.39286226064120355
102,0.7067798686335676
103,0.4268726617245664
104,0.33832199326067414
105,0.4666327523906187
106,0.2778489589221512
107,0.3885739452938731
108,0.4059482246532645
109,0.3392626434806358
110,0.6263736292777561
111,0.4437528340337864
112,0.47921209145596644
113,0.3932857123828975
114,0.3677958462862684
115,0.4437528340337864
116,0.38240277703893377
117,0.4131917481653119
118,0.2285913076977763
119,0.3954635268267962
120,0.5392547549100594
121,0.3437152407229124
122,0.40057536997556553
123,0.5307181119474036
124,0.44085188288643196
125,0.3898957708264152
126,0.3005603984216607
127,0.3738678512281437
128,0.3767877059385697
129,0.4011010991890366
130,0.41482832695274185
131,0.4386153693818552
132,0.3898957708264152
133,0.38131046056386186
134,0.40294850303679647
135,0.348794895415699
136,0.3515410241061728
137,0.542948461446913
138,0.3761176100160125
139,0.4034654736631003
140,0.4118084747905123
141,0.3416669222121898
142,0.3767121368540411
143,0.3621512655547055
144,0.43485716333826707
145,0.43778431507289084
146,0.38500843753314923
147,0.25778017453975516
148,0.3971957399073548
149,0.36097172287825874
150,0.4059482246532645
151,0.45951414418122644
152,0.23301086154387626
153,0.6084976485439058
154,0.3820639324613566
155,0.43555124153013647
156,0.3957981966417233
157,0.3867899120615866
158,0.44161282085696646
159,0.4868336210735512
160,0.4012572039430841
161,0.3673970483110502
162,0.37464157270637954
163,0.3898957708264152
164,0.6243072251952181
165,0.38420943919275596
166,0.4459221514215776
167,0.39800428951009603
168,0.4377357598956722
169,0.5032885685832358
170,0.4709711125702582
171,0.4061073301192482
172,0.3761176100160125
173,0.37018737158250076
174,0.38500843753314923
175,0.4318226847104805
176,0.4273282760864509
177,0.22939525519059495
178,0.3729955564216879
179,0.45656356909812607
180,0.5032885685832358
181,0.4702628264566725
182,0.32580933221666836
183,0.31776497719942987
184,0.3568872237495539
185,0.32580396030194175
186,0.3797314842830138
187,0.424387761538455
188,0.4873533260778175
189,0.389136580111443
190,0.3649048727542573
191,0.4056481435073532
192,0.5436612700904327
193,0.5589420867021981
194,0.4038171818485548
195,0.33188658864667125
196,0.389136580111443
197,0.4347818172887364
198,0.32622632635616805
199,0.3621512655547055
200,0.34964615412571437
201,0.25136765365103564
202,0.36195814064765675
203,0.3736491741173084
204,0.5627897915528735
205,0.2490313477031293
206,0.3888321189221731
207,0.2666476289456781
208,0.3759126886722482
209,0.36128647460320695
210,0.3638943315034614
211,0.40438940167436116
212,0.3867899120615866
213,0.3820639324613566
214,0.40398125970897064
215,0.4378447310347757
216,0.3570241822502406
217,0.29234174787399403
218,0.3442156463611153
219,0.4059482246532645
220,0.39441334845590176
221,0.3093759532985585
222,0.4246791616147903
223,0.4432799637797743
224,0.4604093260769234
225,0.347992465691966
226,0.3421484269725851
227,0.3649048727542573
228,0.3076537869449709
229,0.43975727010193566
230,0.5203244907830641
231,0.5731579585288191
232,0.42382863453172676
233,0.4000295214498094
234,0.3001216992227031
235,0.33353680485267223
236,0.46637239665592545
237,0.3982689065857692
238,0.3908333484442645
239,0.39286226064120355
240,0.3479798414642145
241,0.3723063675725678
242,0.43778431507289084
243,0.3421484269725851
244,0.3405767001929901
245,0.4106360366523878
246,0.3932857123828975
247,0.3571335022822105
248,0.33940920473281144
249,0.4190761634973471
250,0.3621512655547055
251,0.3729955564216879
252,0.3908333484442645
253,0.23447087101453418
254,0.4436922462786305
255,0.5320847122326823
256,0.3649048727542573
257,0.32609060885302565
258,0.40294850303679647
259,0.5048583867460812
260,0.382488421025786
261,0.5318188232308383
262,0.4011982334818865
263,0.3986140303711836
264,0.3649680252799729
265,0.19168350813081472
266,0.4779976907153034
267,0.3898957708264152
268,0.4180854006139062
269,0.3652999322637219
270,0.3202377385373741
271,0.4011982334818865
272,0.31153904431801105
273,0.3314265891612109
274,0.37763882643844426
275,0.4749898584772765
276,0.39288242849426713
277,0.4016160986435143
278,0.3986140303711836
279,0.35009391996671974
280,0.40544435182001964
281,0.4206727996112034
282,0.3971957399073548
283,0.39545390769004996
284,0.4287912916400518
285,0.36740727220799463
286,0.3657543490138647
287,0.4176262533601863
288,0.35671498097601323
289,0.3437152407229124
290,0.39112710165467823
291,0.3358946664188476
292,0.4166298373394925
293,0.48190686844949276
294,0.3898957708264152
295,0.39697790208572686
296,0.4981403902104778
297,0.3820639324613566
298,0.3908333484442645
299,0.3709460101036483
300,0.2285913076977763
301,0.5312532877839616
302,0.3657543490138647
303,0.3932857123828975
304,0.3302742397453412
305,0.43032007388253507
306,0.33353680485267223
307,0.5005281597346087
308,0.3729955564216879
309,0.35363051697620285
310,0.3549928259791038
311,0.5808939559091356
312,0.3480277197900102
313,0.38500843753314923
314,0.370762314614904
315,0.41368041682716894
316,0.3005603984216607
317,0.347992465691966
318,0.3737257578057454
319,0.5066246170551333
320,0.44519170814981146
321,0.33465381371260683
322,0.41121960030008764
323,0.3898957708264152
324,0.3896834008939888
325,0.39375244659558106
326,0.41316689411991697
327,0.38058999966399887
328,0.23600795651200446
329,0.35766163846789245
330,0.29386636232478314
331,0.37338880347791
332,0.4690498417646005
333,0.3846389962308382
334,0.4679304442200994
335,0.3921010059527912
336,0.39223912214302575
337,0.45866782623464836
338,0.44438106078506256
339,0.4481481241784744
340,0.4378447310347757
341,0.44060858588460616
342,0.4064342600752195
343,0.3358946664188476
344,0.41059485815410696
345,0.3049022336530909
346,0.39441334845590176
347,0.3767877059385697
348,0.3666657090358146
349,0.5349111873401111
350,0.1711493986178913
351,0.4632743804987231
352,0.5031221313019635
353,0.5805155446037227
354,0.33395947628579553
355,0.33900008869535825
356,0.3898957708264152
357,0.4845788002810148
358,0.3982689065857692
359,0.5252803293681662
360,0.33929832532558296
361,0.35417353582891087
362,0.4503978325632638
363,0.4404673775926109
364,0.40419374626577836
365,0.43913993030503407
366,0.3652999322637219
367,0.41368041682716894
368,0.20882517095205858
369,0.40833273908955636
370,0.28096073886763784
371,0.3681922211462348
372,0.38594169708126275
373,0.39502423474675014
374,0.7208933770961468
375,0.44085188288643196
376,0.43252036165954355
377,0.40018134018108514
378,0.2305483606811992
379,0.3504281385133644
380,0.5358364692883321
381,0.3752213353775302
382,0.45114860055890504
383,0.39286226064120355
384,0.1968035889871942
385,0.4011982334818865
386,0.29438215724232303
387,0.43333813275349464
388,0.35766163846789245
389,0.3005603984216607
390,0.34179628238085014
391,0.21766307168155954
392,0.397044304083024
393,0.441863740577822
394,0.36050703401079404
395,0.4052918306723406
396,0.4118084747905123
397,0.32053363415697045
398,0.34964615412571437
399,0.5242242204042838
400,0.36004605838048076
401,0.367349021325816
402,0.47366169607477343
403,0.38131046056386186
404,0.586970311840412
405,0.4632743804987231
406,0.382488421025786
407,0.14903422422550786
408,0.3986140303711836
409,0.46637239665592545
410,0.38131046056386186
411,0.42425583858532595
412,0.2717574435768518
413,0.38500843753314923
414,0.3871601194946617
415,0.3630251627689895
416,0.33791022639322177
417,0.3871601194946617
418,0.16100960423342717
419,0.40833273908955636
420,0.39286226064120355
421,0.528126987076012
422,0.5553919792962169
423,0.3767877059385697
424,0.46905093150832083
425,0.32609060885302565
426,0.4386830414316559
427,0.4012572039430841
428,0.23079478732070668
429,0.2576899040094442
430,0.35499991902124284
431,0.3451595884412868
432,0.5316169838877125
433,0.36340437463706404
434,0.472524882911418
435,0.3351379434832527
436,0.4632743804987231
437,0.39253902805752744
438,0.4011982334818865
439,0.39441334845590176
440,0.37495597670890746
441,0.43778431507289084
442,0.48572463218676026
443,0.3957981966417233
444,0.3960501539588831
445,0.6364236900352942
446,0.39545390769004996
447,0.46601887471334774
448,0.5007911185815794
449,0.5670713046140293
450,0.36097172287825874
451,0.4012572039430841
452,0.370762314614904
453,0.294663150986343
454,0.4497170430136216
455,0.4518634898483134
456,0.3578254357890292
457,0.183143996851724
458,0.34260212959523106
459,0.21500718394119323
460,0.283788622748543
461,0.5018698090516464
462,0.3827408911286052
463,0.4100571216112345
464,0.39502423474675014
465,0.39112710165467823
466,0.3257761270735958
467,0.39800428951009603
468,0.12427699997126357
469,0.42955127401420645
470,0.29279362671909037
471,0.4016824272769302
472,0.41365869052210946
473,0.29561588032909064
474,0.3099811768970486
475,0.4265023601078613
476,0.3992242177823629
477,0.38514197488409496
478,0.3942835125216552
479,0.3585609231868728
480,0.40294850303679647
481,0.3984871938181251
482,0.3001216992227031
483,0.2560471159248772
484,0.2301960328860069
485,0.5140690732602379
486,0.4709711125702582
487,0.3808569160323149
488,0.2949631567623375
489,0.383286068035541
490,0.4126131875546796
491,0.37338880347791
492,0.397044304083024
493,0.35363051697620285
494,0.30054679895561626
495,0.38420943919275596
496,0.38514197488409496
497,0.4679304442200994
498,0.2876070212850396
499,0.5189737974894385
500,0.41513558026511205
501,0.23093861886336073
502,0.3842109644440746
503,0.4011982334818865
504,0.410981517703403
505,0.42955127401420645
506,0.4180534302679638
507,0.35766163846789245
508,0.39286226064120355
509,0.3871601194946617
510,0.3412622127685235
511,0.42441701528883347
512,0.40948155887957366
513,0.33832892792706365
514,0.4989558408159875
515,0.36261687203861637
516,0.3699234651029038
517,0.495903859597246
518,0.44068098947994183
519,0.3299766972278619
520,0.3665525319186427
521,0.39286226064120355
522,0.5560935179461869
523,0.599613888471914
524,0.23671363466798087
525,0.4727843038885482
526,0.3736491741173084
527,0.29916895369322155
528,0.4059482246532645
529,0.30332894154837453
530,0.3903764945116956
531,0.39514939368025037
532,0.42842348900230953
533,0.20123932747577766
534,0.40154420176702366
535,0.45433936763688043
536,0.5026407780002813
537,0.37018737158250076
538,0.3534377287614986
539,0.3412622127685235
540,0.22815364518695863
541,0.38056035170240576
542,0.4399900247784753
543,0.40154420176702366
544,0.5857391844911658
545,0.3898957708264152
546,0.1935687352731558
547,0.39996295137359367
548,0.369033428980406
549,0.3528825569298604
550,0.41314056367236485
551,0.41176093933709434
552,0.22788229311149263
553,0.4034654736631003
554,0.3699334913089491
555,0.23671363466798087
556,0.31898195480021685
557,0.40481982734976735
558,0.4495061321622605
559,0.4177004680956196
560,0.40018134018108514
561,0.5432668268148018
562,0.4022048089224139
563,0.4096113659361126
564,0.3867899120615866
565,0.2666476289456781
566,0.3497683514522055
567,0.5398106889770697
568,0.5103545826375522
569,0.35917506775323027
570,0.3392626434806358
571,0.3849587178175852
572,0.42785648789103947
573,0.3871601194946617
574,0.08479930618340863
575,0.6395087016538955
576,0.3808375117570602
577,0.4261435000171516
578,0.23950243466348908
579,0.3951965187805863
580,0.43498398746770567
581,0.397044304083024
582,0.24339985216827173
583,0.3604712147187962
584,0.397044304083024
585,0.27048878533979714
586,0.36004605838048076
587,0.3479647845586111
588,0.37018737158250076
589,0.45487008396322054
590,0.35424276974425756
591,0.39253902805752744
592,0.39800428951009603
593,0.2987297509544442
594,0.3729607977228723
595,0.3863179354192805
596,0.34862871241996335
597,0.31153904431801105
598,0.37464157270637954
599,0.31153904431801105
600,0.43237512984552245
601,0.40018134018108514
602,0.6750310429369474
603,0.4989558408159875
604,0.4206582570223241
605,0.462234537739627
606,0.3971957399073548
607,0.6383686569968005
608,0.5338185708992076
609,0.4602401734344238
610,0.37018737158250076
611,0.5398106889770697
612,0.2285913076977763
613,0.4076313513480098
614,0.26085899136765145
615,0.38500843753314923
616,0.3707635180910038
617,0.3427347240443139
618,0.3854341570045788
619,0.44068098947994183
620,0.3955125915053333
621,0.3763071654221504
622,0.35766163846789245
623,0.397044304083024
624,0.3698086429789779
625,0.3087249798823389
626,0.43778431507289084
627,0.4059482246532645
628,0.4012572039430841
629,0.44676831470999334
630,0.3869356426720986
631,0.3624049384494629
632,0.37855609845129906
633,0.4632743804987231
634,0.4428472454250591
635,0.38131046056386186
636,0.3421484269725851
637,0.4202232945940674
638,0.348171255739698
639,0.542948461446913
640,0.4552502820163325
641,0.4459221514215776
642,0.3666657090358146
643,0.46173685862290975
644,0.4059482246532645
645,0.4325522759030056
646,0.40018134018108514
647,0.39502423474675014
648,0.3737257578057454
649,0.3903764945116956
650,0.43946027594530135
651,0.3974603832776253
652,0.40294850303679647
653,0.303548307638748
654,0.47144569562636596
655,0.5752098191709253
656,0.40294850303679647
657,0.4549498798241606
658,0.5604710558361646
659,0.39498025565257205
660,0.39626124238697713
661,0.4709711125702582
662,0.4930495589795781
663,0.40294850303679647
664,0.347992465691966
665,0.37539401930234223
666,0.389160464939319
667,0.5290824957583157
668,0.49781164871621897
669,0.2197854790827597
670,0.36740727220799463
671,0.4168375024961938
672,0.20673809456588424
673,0.4709711125702582
674,0.5411412459280148
675,0.44676831470999334
676,0.44068098947994183
677,0.39502423474675014
678,0.22522826821561232
679,0.3820639324613566
680,0.2490313477031293
681,0.3976783112554702
682,0.3885739452938731
683,0.38520362560788374
684,0.4549498798241606
685,0.35766163846789245
686,0.38816533729864905
687,0.3903764945116956
688,0.38500843753314923
689,0.424387761538455
690,0.18399307206027157
691,0.39626124238697713
692,0.5290824957583157
693,0.4417895927159795
694,0.23301086154387626
695,0.3921249559347577
696,0.21971472910845832
697,0.6585346435636006
698,0.39287457904855494
699,0.3639343138178653
700,0.39800428951009603
701,0.4007222617640645
702,0.3665525319186427
703,0.40294850303679647
704,0.5035461843113702
705,0.31576876424207484
706,0.5272528380650002
707,0.4012572039430841
708,0.32693702622527365
709,0.4378447310347757
710,0.4059482246532645
711,0.5321842354960186
712,0.5466622478691092
713,0.4059482246532645
714,0.2691768861323486
715,0.34951555220153885
716,0.4370432794435764
717,0.32407600181400376
718,0.3971957399073548
719,0.22788229311149263
720,0.4206727996112034
721,0.4989558408159875
722,0.3442156463611153
723,0.37328254094506325
724,0.3442156463611153
725,0.26969624949096427
726,0.47323353242716154
727,0.2816930261820277
728,0.41056464024293376
729,0.5272681897469579
730,0.19741411992039953
731,0.3971957399073548
732,0.3282302231197297
733,0.3888321189221731
734,0.40154420176702366
735,0.3421484269725851
736,0.5238128470704535
737,0.47921209145596644
738,0.3942909107188307
739,0.3257761270735958
740,0.38131046056386186
741,0.4059482246532645
742,0.31576876424207484
743,0.4497170430136216
744,0.44737780774708125
745,0.37855609845129906
746,0.3820639324613566
747,0.47921209145596644
748,0.5529186925071381
749,0.23671363466798087
750,0.3729955564216879
751,0.37980301806799455
752,0.4124269843211249
753,0.38793420350554475
754,0.43778431507289084
755,0.34672010102509676
756,0.3604712147187962
757,0.382488421025786
758,0.3820639324613566
759,0.509788371757852
760,0.53772854802972
761,0.4632743804987231
762,0.36555686614824207
763,0.31719381018983495
764,0.2967802961226421
765,0.349957276830487
766,0.3412622127685235
767,0.3567220661335634
768,0.5042948512675894
769,0.4375232818180973
770,0.44459351003753356
771,0.44012035367846
772,0.5169654344634118
773,0.23172461991902682
774,0.4428290942897432
775,0.31576876424207484
776,0.3673948075998982
777,0.35363051697620285
778,0.39502423474675014
779,0.38420943919275596
780,0.4177004680956196
781,0.3723063675725678
782,0.41094131312357746
783,0.5290824957583157
784,0.40294850303679647
785,0.4116591757121567
786,0.2778489589221512
787,0.5290824957583157
788,0.39286226064120355
789,0.3875202527277247
790,0.41852724771729316
791,0.32945484685416865
792,0.4643546644093625
793,0.39286226064120355
794,0.43458549204094
795,0.40018134018108514
796,0.4377357598956722
797,0.4012572039430841
798,0.35766163846789245
799,0.406632683994589
800,0.34383653056347535
801,0.5559951864099294
802,0.5278899996119003
803,0.3986140303711836
804,0.3898957708264152
805,0.22427924328127602
806,0.3614302394108569
807,0.4059482246532645
808,0.36340437463706404
809,0.20076453669351632
810,0.389160464939319
811,0.39334428379228664
812,0.397044304083024
813,0.22427924328127602
814,0.42955127401420645
815,0.27737179980263865
816,0.3971957399073548
817,0.34323557139352073
818,0.39545390769004996
819,0.35558392650340037
820,0.3412622127685235
821,0.3476918728514209
822,0.3898957708264152
823,0.35792710524253984
824,0.4386153693818552
825,0.37493632395548
826,0.43555124153013647
827,0.1928135106588099
828,0.3673948075998982
829,0.32728644093385423
830,0.4059482246532645
831,0.31776497719942987
832,0.34862871241996335
833,0.44676831470999334
834,0.38106039216201504
835,0.28000251448050656
836,0.3986135675260152
837,0.5003751748093361
838,0.4101046781528118
839,0.3903764945116956
840,0.4501481678172935
841,0.34644408587246506
842,0.39288242849426713
843,0.27935572862489366
844,0.24793730948874593
845,0.38420943919275596
846,0.40438940167436116
847,0.47921209145596644
848,0.3958697452449491
849,0.3001216992227031
850,0.4012572039430841
851,0.38476864736506405
852,0.3871601194946617
853,0.39800428951009603
854,0.3820639324613566
855,0.4312731707679478
856,0.4436922462786305
857,0.3994883891476989
858,0.3903764945116956
859,0.35424276974425756
860,0.35417353582891087
861,0.3621512655547055
862,0.3093759532985585
863,0.3984350690929026
864,0.40154420176702366
865,0.397044304083024
866,0.23884881888502013
867,0.40057536997556553
868,0.36740727220799463
869,0.4166298373394925
870,0.46703149727764237
871,0.5273293719904336
872,0.3871601194946617
873,0.5042948512675894
874,0.33465381371260683
875,0.21186682402420176
876,0.34488941684837576
877,0.43430267925572463
878,0.4325522759030056
879,0.46637239665592545
880,0.6053189671228781
881,0.3453451177531057
882,0.4265023601078613
883,0.407392530716761
884,0.23671363466798087
885,0.38420943919275596
886,0.3971957399073548
887,0.3495462985895214
888,0.3779246501071251
889,0.3480277197900102
890,0.2800403818557119
891,0.4034333860176862
892,0.4972964604499485
893,0.4711902839373613
894,0.3971957399073548
895,0.43116224274577625
896,0.39253902805752744
897,0.2073994425397395
898,0.3064215341197782
899,0.5140690732602379
900,0.3903764945116956
901,0.45606156506316103
902,0.32469916136610016
903,0.3290760536730415
904,0.4505300894436123
905,0.5682288083061325
906,0.3584427323279956
907,0.3982689065857692
908,0.48634222231733854
909,0.35161310475673196
910,0.35569161603607946
911,0.3412622127685235
912,0.24784094770307089
913,0.33015340177441227
914,0.3649048727542573
915,0.3005603984216607
916,0.4011982334818865
917,0.5227499718723625
918,0.4191543519953708
919,0.3621512655547055
920,0.39089533101303603
921,0.38809530332359876
922,0.4277695138916629
923,0.35059702664294146
924,0.444658253405921
925,0.33188658864667125
926,0.3886782476252716
927,0.35766163846789245
928,0.4168375024961938
929,0.3690042314464403
930,0.495903859597246
931,0.34644408587246506
932,0.5290824957583157
933,0.4961875336441131
934,0.2285913076977763
935,0.44713883781796715
936,0.4330507262770134
937,0.3541817724282006
938,0.22788229311149263
939,0.37946590380188
940,0.3927298510822752
941,0.40154420176702366
942,0.3759126886722482
943,0.389136580111443
944,0.3903764945116956
945,0.3562527169770916
946,0.33899742451702264
947,0.3437152407229124
948,0.5321842354960186
949,0.515167892613831
950,0.39626124238697713
951,0.3480277197900102
952,0.23331519171390325
953,0.5398106889770697
954,0.4709711125702582
955,0.522631482510074
956,0.4662811160570562
957,0.46742067712042307
958,0.4189901932196009
959,0.3520281176263799
960,0.3730956100743541
961,0.4497170430136216
962,0.397044304083024
963,0.3958490279680675
964,0.3240206705616097
965,0.3412622127685235
966,0.3898957708264152
967,0.27872614971061516
968,0.39286226064120355
969,0.42697215568102626
970,0.3988789160983951
971,0.33670010034544945
972,0.3912332002498173
973,0.47652974230508716
974,0.39253902805752744
975,0.31265779055759985
976,0.27970222827484253
977,0.39112710165467823
978,0.4841296408236444
979,0.3302897360437212
980,0.2746803457545089
981,0.38500843753314923
982,0.3204167083056615
983,0.43022425129900216
984,0.34240048196396833
985,0.4012572039430841
986,0.38420943919275596
987,0.3898957708264152
988,0.29916895369322155
989,0.420716925429809
990,0.39288242849426713
991,0.38500843753314923
992,0.4552502820163325
993,0.4472985732277887
994,0.42392794378991877
995,0.5102856875307157
996,0.420976928217316
997,0.3820639324613566
998,0.35218183290966687
999,0.5670713046140293
1000,0.3986140303711836
1001,0.15933437753712457
1002,0.45487008396322054
1003,0.38710341086809014
1004,0.42392794378991877
1005,0.1385385751195538
1006,0.44882542998193253
1007,0.3808569160323149
1008,0.42174359974238257
1009,0.3385324387178831
1010,0.4199628978937841
1011,0.35546145503788656
1012,0.43730992610405134
1013,0.28133396387857335
1014,0.37765853526005017
1015,0.49850530227008294
1016,0.5310993827362995
1017,0.4118084747905123
1018,0.32728644093385423
1019,0.3618579035467412
1020,0.2429345772428415
1021,0.4518634898483134
1022,0.3025432550101818
1023,0.22522826821561232
1024,0.3526267314072934
1025,0.389136580111443
1026,0.2833511677208854
1027,0.37201547838044585
1028,0.3765851694589441
1029,0.4446038761470691
1030,0.5290824957583157
1031,0.4730753472270427
1032,0.3982689065857692
1033,0.3554748770254074
1034,0.41262640902453673
1035,0.4701912395613397
1036,0.38384682408659077
1037,0.40294850303679647
1038,0.19741411992039953
1039,0.35117965695597475
1040,0.3621512655547055
1041,0.3382530663644294
1042,0.42080911135111443
1043,0.3437152407229124
1044,0.4355391747635306
1045,0.18413229660687486
1046,0.45834046165516434
1047,0.14511813307749405
1048,0.3986140303711836
1049,0.48092407675041554
1050,0.40294850303679647
1051,0.12977444759596785
1052,0.44085188288643196
1053,0.4950271091096283
1054,0.33900008869535825
1055,0.3820639324613566
1056,0.35766163846789245
1057,0.47921209145596644
1058,0.376812470561367
1059,0.33171195630233075
1060,0.43175683187088815
1061,0.38816533729864905
1062,0.39132058624151544
1063,0.4709711125702582
1064,0.41059485815410696
1065,0.38420943919275596
1066,0.36004605838048076
1067,0.40895726518671865
1068,0.26226516915694814
1069,0.42845107952463585
1070,0.4769254579883831
1071,0.38420943919275596
1072,0.33832892792706365
1073,0.44459351003753356
1074,0.34964615412571437
1075,0.3779246501071251
1076,0.47323353242716154
1077,0.5398106889770697
1078,0.3699234651029038
1079,0.3412622127685235
1080,0.3898957708264152
1081,0.3699234651029038
1082,0.4989558408159875
1083,0.303548307638748
1084,0.4076313513480098
1085,0.4850855649446969
1086,0.23884881888502013
1087,0.41314056367236485
1088,0.4347818172887364
1089,0.36086140446617626
1090,0.4347818172887364
1091,0.19741411992039953
1092,0.39545390769004996
1093,0.46590962047313345
1094,0.4507513040844238
1095,0.5923305452218356
1096,0.3208168728469415
1097,0.14302344630062042
1098,0.4012572039430841
1099,0.39545390769004996
1100,0.4529484910244296
1101,0.47323353242716154
1102,0.44761010643125837
1103,0.3957981966417233
1104,0.5321842354960186
1105,0.35841765909589496
1106,0.3413267669125891
1107,0.29199135295115614
1108,0.3898957708264152
1109,0.4875431058494936
1110,0.38849414037656793
1111,0.3719379556262419
1112,0.3600160381484499
1113,0.36932933717095245
1114,0.40294850303679647
1115,0.3445536640480826
1116,0.5830462934179409
1117,0.3254804719455435
1118,0.5196421405912184
1119,0.3649048727542573
1120,0.43543415055731755
1121,0.4375271070062388
1122,0.5348435045036973
1123,0.3886782476252716
1124,0.373563499017727
1125,0.3898957708264152
1126,0.3442156463611153
1127,0.4014516699234557
1128,0.5267290455720627
1129,0.4701912395613397
1130,0.38131046056386186
1131,0.2998645483002198
1132,0.3921249559347577
1133,0.3279325211268039
1134,0.5272681897469579
1135,0.47999388132485327
1136,0.3932857123828975
1137,0.3652999322637219
1138,0.599613888471914
1139,0.3621512655547055
1140,0.38315155780180543
1141,0.33353680485267223
1142,0.3898957708264152
1143,0.3738925390764556
1144,0.49472243013377437
1145,0.3703065114776767
1146,0.3888321189221731
1147,0.3571335022822105
1148,0.348794895415699
1149,0.4233164949896791
1150,0.12343269640213968
1151,0.40294850303679647
1152,0.38420943919275596
1153,0.3621512655547055
1154,0.41017545886961737
1155,0.5290824957583157
1156,0.38500843753314923
1157,0.4493127511995995
1158,0.42487062372767065
1159,0.36304632988693736
1160,0.3871601194946617
1161,0.42847717490631615
1162,0.23447087101453418
1163,0.3412622127685235
1164,0.42857963821490275
1165,0.4497170430136216
1166,0.45680806298698023
1167,0.3903764945116956
1168,0.47921209145596644
1169,0.46942936435608146
1170,0.5321842354960186
1171,0.34008074687283485
1172,0.4059482246532645
1173,0.30054679895561626
1174,0.35217405254520084
1175,0.47544992665067076
1176,0.42135321121176317
1177,0.4155495638207071
1178,0.32053363415697045
1179,0.44085188288643196
1180,0.38816533729864905
1181,0.5290824957583157
1182,0.3820639324613566
1183,0.3041939789103887
1184,0.3214075320843376
1185,0.33353680485267223
1186,0.4377357598956722
1187,0.4482799365855329
1188,0.34135619919796495
1189,0.43333813275349464
1190,0.33353680485267223
1191,0.47323353242716154
1192,0.5032885685832358
1193,0.37263223889603986
1194,0.40294850303679647
1195,0.5388276990475223
1196,0.3871601194946617
1197,0.40154420176702366
1198,0.41279355388616507
1199,0.3626237745174717
1200,0.5290824957583157
1201,0.3071394504067681
1202,0.3299766972278619
1203,0.5026407780002813
1204,0.5128480281062661
1205,0.3508215523369309
1206,0.22369247655325344
1207,0.47921209145596644
1208,0.15989317295518027
1209,0.15495754770593365
1210,0.39550589882314796
1211,0.3392626434806358
1212,0.40294850303679647
1213,0.4749898584772765
1214,0.3412622127685235
1215,0.3924900927476135
1216,0.3719379556262419
1217,0.4000295214498094
1218,0.35363051697620285
1219,0.4048748427522167
1220,0.40154420176702366
1221,0.22935126823534335
1222,0.289352331851086
1223,0.31898195480021685
1224,0.3984350690929026
1225,0.22337724287743946
1226,0.4570561834030838
1227,0.30364894710485524
1228,0.40294850303679647
1229,0.45383638715410146
1230,0.4118084747905123
1231,0.4024609068029455
1232,0.3898957708264152
1233,0.3787521506189
1234,0.6633629280466127
1235,0.39112710165467823
1236,0.31898195480021685
1237,0.39064910388251084
1238,0.4722014169571549
1239,0.252449053822689
1240,0.17802243767417947
1241,0.46637239665592545
1242,0.46905093150832083
1243,0.38420943919275596
1244,0.5369946476100407
1245,0.43237512984552245
1246,0.3442156463611153
1247,0.2816930261820277
1248,0.43430267925572463
1249,0.3604712147187962
1250,0.47921209145596644
1251,0.24795260566129312
1252,0.3497643245394072
1253,0.32186098018374637
1254,0.31215257494088666
1255,0.558118420724434
1256,0.3649048727542573
1257,0.3746584281134455
1258,0.17152737188924203
1259,0.40018134018108514
1260,0.3090746579026723
1261,0.3643365172051763
1262,0.372983014008842
1263,0.39112710165467823
1264,0.43778431507289084
1265,0.3984350690929026
1266,0.27547880130763946
1267,0.32469916136610016
1268,0.38347079298163034
1269,0.3982689065857692
1270,0.3946646384844592
1271,0.3459229978554496
1272,0.42891854779279415
1273,0.3451595884412868
1274,0.3437152407229124
1275,0.3001190079681024
1276,0.4933432033779735
1277,0.6674205094176908
1278,0.45952757522098475
1279,0.38425276966034666
1280,0.4347818172887364
1281,0.39800428951009603
1282,0.4676212153129883
1283,0.5654034865651238
1284,0.3437152407229124
1285,0.5149218320650313
1286,0.4191543519953708
1287,0.45656356909812607
1288,0.5290824957583157
1289,0.38809530332359876
1290,0.3508545024606635
1291,0.4067954617529841
1292,0.4166298373394925
1293,0.4067542537994142
1294,0.35766163846789245
1295,0.393708959986243
1296,0.3459229978554496
1297,0.3971957399073548
1298,0.3982689065857692
1299,0.3763712678568019
1300,0.44085188288643196
1301,0.39253902805752744
1302,0.38420943919275596
1303,0.42955127401420645
1304,0.3899371058843626
1305,0.47169098151009153
1306,0.5091432725514708
1307,0.46379587025088254
1308,0.3942032910031089
1309,0.34137903700699723
1310,0.4386153693818552
1311,0.3746317992851919
1312,0.4325522759030056
1313,0.422024923354349
1314,0.15199026788339076
1315,0.34964615412571437
1316,0.45599864021308234
1317,0.3621512655547055
1318,0.43778431507289084
1319,0.3442052440757747
1320,0.33409561256993203
1321,0.3921010059527912
1322,0.3476918728514209
1323,0.4266068578838049
1324,0.4312731707679478
1325,0.422111063926958
1326,0.15933437753712457
1327,0.5503910198948796
1328,0.3412622127685235
1329,0.3621512655547055
1330,0.38347079298163034
1331,0.16100960423342717
1332,0.5386035389241661
1333,0.35674745001745584
1334,0.3986140303711836
1335,0.3808569160323149
1336,0.3871601194946617
1337,0.34217588614054706
1338,0.3779246501071251
1339,0.41277158423246557
1340,0.39286226064120355
1341,0.30449561759383903
1342,0.4972964604499485
1343,0.4012572039430841
1344,0.4177004680956196
1345,0.3549643431836232
1346,0.4189637566126077
1347,0.1591451502717067
1348,0.39112710165467823
1349,0.3604712147187962
1350,0.47921209145596644
1351,0.35512998912754945
1352,0.3622664483458917
1353,0.39644820079673815
1354,0.40481982734976735
1355,0.36004605838048076
1356,0.43549886132502674
1357,0.43472424610241056
1358,0.5643068540365829
1359,0.3677958462862684
1360,0.3358946664188476
1361,0.4837930814288947
1362,0.42435128804850947
1363,0.4679304442200994
1364,0.43555124153013647
1365,0.34964615412571437
1366,0.3903764945116956
1367,0.3720222518957292
1368,0.3723063675725678
1369,0.39800428951009603
1370,0.39545390769004996
1371,0.4632743804987231
1372,0.44068098947994183
1373,0.41548943616230755
1374,0.3686469454129349
1375,0.43247998143174493
1376,0.39253902805752744
1377,0.5981053390607606
1378,0.3142164037827977
1379,0.39112710165467823
1380,0.4441427645169382
1381,0.44761010643125837
1382,0.3093759532985585
1383,0.4012572039430841
1384,0.46686993137654315
1385,0.39164142044319916
1386,0.3299766972278619
1387,0.3585321879417899
1388,0.3903764945116956
1389,0.4646111012443751
1390,0.38710341086809014
1391,0.3197215686935604
1392,0.35218183290966687
1393,0.39334428379228664
1394,0.3820639324613566
1395,0.38240277703893377
1396,0.4527771005769885
1397,0.4260179102363722
1398,0.35968412154875895
1399,0.31722227969829797
1400,0.48203680220415973
1401,0.34964615412571437
1402,0.38194908460470595
1403,0.3903764945116956
1404,0.39348958285014796
1405,0.40553160515757536
1406,0.39800428951009603
1407,0.5321842354960186
1408,0.33147415783098094
1409,0.3649048727542573
1410,0.30364894710485524
1411,0.3971957399073548
1412,0.34644408587246506
1413,0.4709711125702582
1414,0.4011982334818865
1415,0.31861652415797553
1416,0.3957981966417233
1417,0.38500843753314923
1418,0.40419374626577836
1419,0.41183269146431417
1420,0.44045649187587194
1421,0.47323353242716154
1422,0.37338880347791
1423,0.47144569562636596
1424,0.3982689065857692
1425,0.38816533729864905
1426,0.5318905046042245
1427,0.35218183290966687
1428,0.4059482246532645
1429,0.40154420176702366
1430,0.44990235793272243
1431,0.4012572039430841
1432,0.40167367760977396
1433,0.39132058624151544
1434,0.38520362560788374
1435,0.4386153693818552
1436,0.38500843753314923
1437,0.35936832946048725
1438,0.4329240798901926
1439,0.6062218938913098
1440,0.4011982334818865
1441,0.4493127511995995
1442,0.1987796125257264
1443,0.38420943919275596
1444,0.266929042521264
1445,0.3867899120615866
1446,0.3982689065857692
1447,0.5238128470704535
1448,0.4166298373394925
1449,0.43555124153013647
1450,0.41224981247868686
1451,0.4238474051319362
1452,0.5064960230272239
1453,0.4552502820163325
1454,0.3896834008939888
1455,0.25141932474638423
1456,0.3385324387178831
1457,0.397044304083024
1458,0.4691072396537297
1459,0.3898957708264152
1460,0.3752213353775302
1461,0.5945255648486192
1462,0.4343303606918826
1463,0.3621512655547055
1464,0.46601887471334774
1465,0.3779246501071251
1466,0.3302742397453412
1467,0.3982689065857692
1468,0.15495754770593365
1469,0.39287457904855494
1470,0.6438833826742792
1471,0.4545731714053449
1472,0.3961211584685102
1473,0.4679304442200994
1474,0.4059482246532645
1475,0.35889787422985
1476,0.3459837871626044
1477,0.347992465691966
1478,0.36004605838048076
1479,0.37283085763554263
1480,0.4318226847104805
1481,0.3986140303711836
1482,0.15659532876702312
1483,0.3299766972278619
1484,0.5349111873401111
1485,0.38420943919275596
1486,0.3984350690929026
1487,0.43834301111918217
1488,0.3410372316291573
1489,0.14408872003503537
1490,0.4404673775926109
1491,0.40294850303679647
1492,0.4361108544274737
1493,0.39502423474675014
1494,0.39132058624151544
1495,0.39697790208572686
1496,0.3442156463611153
1497,0.4709711125702582
1498,0.5349658118751044
1499,0.4355391747635306
1500,0.4000295214498094
1501,0.4632743804987231
1502,0.3874980852843632
1503,0.3779246501071251
1504,0.32609060885302565
1505,0.41381425908436714
1506,0.367349021325816
1507,0.3898957708264152
1508,0.424387761538455
1509,0.23516404193998583
1510,0.4989558408159875
1511,0.4709711125702582
1512,0.2485625384555069
1513,0.39253902805752744
1514,0.5316169838877125
1515,0.3707635180910038
1516,0.38816533729864905
1517,0.5290824957583157
1518,0.6190691785195597
1519,0.20076453669351632
1520,0.3673970483110502
1521,0.3469145746160496
1522,0.36698035201368395
1523,0.2570787470735142
1524,0.39286226064120355
1525,0.40018134018108514
1526,0.27737179980263865
1527,0.44676831470999334
1528,0.36740727220799463
1529,0.4191543519953708
1530,0.49019653439867694
1531,0.528126987076012
1532,0.40481982734976735
1533,0.44085188288643196
1534,0.441863740577822
1535,0.3867899120615866
1536,0.15659532876702312
1537,0.3971957399073548
1538,0.20964349216982167
1539,0.38345436173607755
1540,0.629939433265167
1541,0.3587439136089332
1542,0.3908333484442645
1543,0.3908333484442645
1544,0.3172431263045167
1545,0.5092619730585143
1546,0.5550529997889866
1547,0.4749873924643098
1548,0.4237550405870892
1549,0.3982689065857692
1550,0.4231866937082981
1551,0.5626593991811233
1552,0.5158875254436621
1553,0.44812102049892644
1554,0.506401702671983
1555,0.5411412459280148
1556,0.24562242583509017
1557,0.41224934465402063
1558,0.18907730577336587
1559,0.34008074687283485
1560,0.4180854006139062
1561,0.5007911185815794
1562,0.35059702664294146
1563,0.4776677241335318
1564,0.4011982334818865
1565,0.6559820262422444
1566,0.3412622127685235
1567,0.4345179585135614
1568,0.3898957708264152
1569,0.4189901932196009
1570,0.39545390769004996
1571,0.3399464935689216
1572,0.3954635268267962
1573,0.39286226064120355
1574,0.39131320777153683
1575,0.382300577757316
1576,0.4525897154353363
1577,0.4441427645169382
1578,0.4189069229831141
1579,0.5384541226487511
1580,0.3595186752612292
1581,0.36004605838048076
1582,0.29106780642209124
1583,0.39545390769004996
1584,0.4355391747635306
1585,0.37153980011913623
1586,0.546338637698063
1587,0.3621512655547055
1588,0.375707623278485
1589,0.37290727546495506
1590,0.36740727220799463
1591,0.4347818172887364
1592,0.3621512655547055
1593,0.4012572039430841
1594,0.4589959780943356
1595,0.36261687203861637
1596,0.35766163846789245
1597,0.3534377287614986
1598,0.38514197488409496
1599,0.3673970483110502
1600,0.3820639324613566
1601,0.40425372581260177
1602,0.397044304083024
1603,0.40294850303679647
1604,0.2554218334608364
1605,0.4377357598956722
1606,0.38514197488409496
1607,0.3875908990554529
1608,0.11552087588651568
1609,0.3526059849231398
1610,0.3568872237495539
1611,0.389160464939319
1612,0.33188658864667125
1613,0.3793113614433892
1614,0.5609090676480643
1615,0.3971957399073548
1616,0.35363051697620285
1617,0.3759126886722482
1618,0.397044304083024
1619,0.8519313112952581
1620,0.38175842677768546
1621,0.475659513231111
1622,0.3898957708264152
1623,0.4265023601078613
1624,0.40294850303679647
1625,0.18623272877537672
1626,0.38175842677768546
1627,0.4000295214498094
1628,0.3932857123828975
1629,0.5134097826065296
1630,0.4011982334818865
1631,0.1936205157410114
1632,0.3957981966417233
1633,0.3358946664188476
1634,0.40294850303679647
1635,0.35709676805523366
1636,0.35363051697620285
1637,0.35465625908405296
1638,0.36740727220799463
1639,0.38058999966399887
1640,0.4632743804987231
1641,0.4989558408159875
1642,0.3820639324613566
1643,0.3093759532985585
1644,0.46901407322657723
1645,0.3486038302976287
1646,0.4494108904819341
1647,0.5737528775442878
1648,0.4999963175715021
1649,0.12343269640213968
1650,0.35766163846789245
1651,0.39223912214302575
1652,0.4253702207761025
1653,0.43631487476963493
1654,0.3440871938088268
1655,0.3982689065857692
1656,0.4000295214498094
1657,0.3442156463611153
1658,0.4096801527754877
1659,0.6143566216795755
1660,0.348794895415699
1661,0.3988789160983951
1662,0.3707635180910038
1663,0.4262019669163814
1664,0.4989558408159875
1665,0.4233164949896791
1666,0.40294850303679647
1667,0.43283342642569195
1668,0.6119288313642836
1669,0.2073994425397395
1670,0.34644408587246506
1671,0.38816533729864905
1672,0.3885347478551952
1673,0.4478135984152719
1674,0.4011982334818865
1675,0.3871601194946617
1676,0.3604712147187962
1677,0.15614999393674958
1678,0.3898957708264152
1679,0.389136580111443
1680,0.4518634898483134
1681,0.4296396121658666
1682,0.4989558408159875
1683,0.3898957708264152
1684,0.39800428951009603
1685,0.3421484269725851
1686,0.4180298510366509
1687,0.23172461991902682
1688,0.2485625384555069
1689,0.4981403902104778
1690,0.3652999322637219
1691,0.43555124153013647
1692,0.32609060885302565
1693,0.23447087101453418
1694,0.453149763604603
1695,0.4441427645169382
1696,0.5009372506421472
1697,0.5273293719904336
1698,0.6262256217030442
1699,0.6165801773922595
1700,0.38439367229316573
1701,0.4386153693818552
1702,0.5918696928797175
1703,0.40154420176702366
1704,0.31576876424207484
1705,0.30471152681886143
1706,0.407392530716761
1707,0.40444779688154925
1708,0.28670336403666236
1709,0.35663304069385254
1710,0.3759126886722482
1711,0.3677442587280938
1712,0.4549498798241606
1713,0.2169624447518721
1714,0.20038975469793285
1715,0.5158875254436621
1716,0.5801517012403957
1717,0.1935687352731558
1718,0.2958130485158508
1719,0.23950243466348908
1720,0.38131046056386186
1721,0.5099585086889218
1722,0.2301960328860069
1723,0.3982689065857692
1724,0.33391060541855105
1725,0.41224934465402063
1726,0.42955127401420645
1727,0.6215795732049872
1728,0.3492692364386724
1729,0.3907786481357505
1730,0.36128647460320695
1731,0.3982689065857692
1732,0.3954635268267962
1733,0.3657543490138647
1734,0.39502423474675014
1735,0.33899742451702264
1736,0.3091802063196046
1737,0.4298692663270141
1738,0.4813196466000182
1739,0.37763882643844426
1740,0.4238474051319362
1741,0.43247998143174493
1742,0.36454870963579583
1743,0.3227432536517011
1744,0.3602068923672247
1745,0.3412622127685235
1746,0.45940551655390804
1747,0.5513240418938902
1748,0.4206582570223241
1749,0.21851455494223643
1750,0.4591621017839882
1751,0.3898957708264152
1752,0.2301960328860069
1753,0.4206727996112034
1754,0.38299449949633413
1755,0.15933437753712457
1756,0.33391060541855105
1757,0.3526267314072934
1758,0.3757733660145758
1759,0.4191543519953708
1760,0.3282302231197297
1761,0.3971957399073548
1762,0.3275794676517909
1763,0.4325522759030056
1764,0.6014829265601757
1765,0.42784216530238606
1766,0.4437528340337864
1767,0.43237512984552245
1768,0.3549643431836232
1769,0.39112710165467823
1770,0.38420943919275596
1771,0.38194908460470595
1772,0.4177004680956196
1773,0.47323353242716154
1774,0.26119946973775
1775,0.47450072868261794
1776,0.3779246501071251
1777,0.35424276974425756
1778,0.43237512984552245
1779,0.2655068581800465
1780,0.28394457498358544
1781,0.48479778341124713
1782,0.40294850303679647
1783,0.3971957399073548
1784,0.39286226064120355
1785,0.27472562242757376
1786,0.24671444712148777
1787,0.35766163846789245
1788,0.4386153693818552
1789,0.41262640902453673
1790,0.4436922462786305
1791,0.28613986224613563
1792,0.4445656725125911
1793,0.3898957708264152
1794,0.419659819818948
1795,0.4040691306066056
1796,0.4011982334818865
1797,0.43140359731483363
1798,0.4238474051319362
1799,0.3453888125431046
1800,0.19304550325277336
1801,0.36740727220799463
1802,0.3707635180910038
1803,0.37018737158250076
1804,0.29442516585195067
1805,0.35558392650340037
1806,0.3723063675725678
1807,0.4679304442200994
1808,0.3932857123828975
1809,0.3932857123828975
1810,0.37345391347783446
1811,0.26493281320673334
1812,0.3257761270735958
1813,0.39286226064120355
1814,0.4552502820163325
1815,0.4651913001882185
1816,0.44060858588460616
1817,0.3031712909344637
1818,0.3681957135534765
1819,0.3960709735563227
1820,0.4106630567263753
1821,0.5472121968789567
1822,0.5511183070969096
1823,0.45951414418122644
1824,0.35889787422985
1825,0.3898957708264152
1826,0.35409125001150943
1827,0.39112710165467823
1828,0.5461986934370808
1829,0.4701912395613397
1830,0.3437152407229124
1831,0.3982689065857692
1832,0.35674745001745584
1833,0.34223976315099386
1834,0.4749873924643098
1835,0.23286949370927396
1836,0.3316582826662537
1837,0.3025432550101818
1838,0.4386153693818552
1839,0.3761176100160125
1840,0.42080911135111443
1841,0.2073994425397395
1842,0.3275794676517909
1843,0.4377357598956722
1844,0.4185932859992119
1845,0.3808569160323149
1846,0.4218388076106773
1847,0.3257761270735958
1848,0.33353680485267223
1849,0.4709711125702582
1850,0.35011084337083964
1851,0.4189069229831141
1852,0.37920509028611227
1853,0.39253902805752744
1854,0.43430267925572463
1855,0.4325522759030056
1856,0.5028870546129548
1857,0.4011982334818865
1858,0.4518634898483134
1859,0.37765853526005017
1860,0.39112710165467823
1861,0.41577969642796725
1862,0.334389503225662
1863,0.37759565010238244
1864,0.3808905231744093
1865,0.2911200676797211
1866,0.23950243466348908
1867,0.47323353242716154
1868,0.4103026407325658
1869,0.389160464939319
1870,0.39996295137359367
1871,0.40154420176702366
1872,0.3729607977228723
1873,0.1938614420780832
1874,0.5655304758807925
1875,0.4152701472694565
1876,0.40018134018108514
1877,0.474561402770186
1878,0.4386153693818552
1879,0.35766163846789245
1880,0.3765851694589441
1881,0.3802685917606884
1882,0.40018134018108514
1883,0.40294850303679647
1884,0.283837747415031
1885,0.4047225897381462
1886,0.41577969642796725
1887,0.35766163846789245
1888,0.40154420176702366
1889,0.3888321189221731
1890,0.3779246501071251
1891,0.3871601194946617
1892,0.3808569160323149
1893,0.3114854813294397
1894,0.47323353242716154
1895,0.44085188288643196
1896,0.3226392104298856
1897,0.31810936050657895
1898,0.3570355510171681
1899,0.40294850303679647
1900,0.5315684810419171
1901,0.3986223759519813
1902,0.47323353242716154
1903,0.3692675682612085
1904,0.42293093041107294
1905,0.31265779055759985
1906,0.36004605838048076
1907,0.3898957708264152
1908,0.33832892792706365
1909,0.19906956886342633
1910,0.3442156463611153
1911,0.4414618497327402
1912,0.4565908478280786
1913,0.4434343048722286
1914,0.38420943919275596
1915,0.31861652415797553
1916,0.370762314614904
1917,0.35402450818606473
1918,0.3676006530144801
1919,0.32186098018374637
1920,0.5286078600240205
1921,0.38816533729864905
1922,0.4602401734344238
1923,0.4259517877984679
1924,0.5733490061717528
1925,0.47921209145596644
1926,0.40154420176702366
1927,0.4454655254581249
1928,0.4386153693818552
1929,0.3477099226264308
1930,0.26493281320673334
1931,0.5411412459280148
1932,0.4015437791509049
1933,0.252449053822689
1934,0.420716925429809
1935,0.5321842354960186
1936,0.44761010643125837
1937,0.3231908830743466
1938,0.3779246501071251
1939,0.3898957708264152
1940,0.35558392650340037
1941,0.3898957708264152
1942,0.4355796213971702
1943,0.3609358834747844
1944,0.36471032865263875
1945,0.43109301340502354
1946,0.42842348900230953
1947,0.26060860534709523
1948,0.4025915896086515
1949,0.44676831470999334
1950,0.6909859269993303
1951,0.6983206965000037
1952,0.20348697181269557
1953,0.3316582826662537
1954,0.3984350690929026
1955,0.3932857123828975
1956,0.3621512655547055
1957,0.39502423474675014
1958,0.4086730136586028
1959,0.3649048727542573
1960,0.41861534462372224
1961,0.40154420176702366
1962,0.347992465691966
1963,0.5511183070969096
1964,0.40154420176702366
1965,0.4709711125702582
1966,0.31617236472447396
1967,0.36050703401079404
1968,0.4177004680956196
1969,0.43834301111918217
1970,0.35766163846789245
1971,0.41017545886961737
1972,0.5498074356155148
1973,0.3729955564216879
1974,0.5290824957583157
1975,0.3986140303711836
1976,0.4059482246532645
1977,0.4497243032703459
1978,0.23950243466348908
1979,0.40018134018108514
1980,0.49019653439867694
1981,0.5178311289004472
1982,0.4176262533601863
1983,0.4386153693818552
1984,0.44348751674235415
1985,0.4064342600752195
1986,0.6603310399099527
1987,0.32622632635616805
1988,0.39334428379228664
1989,0.45036711918893974
1990,0.6474755684299055
1991,0.3908333484442645
1992,0.48304473520500796
1993,0.37980301806799455
1994,0.39800428951009603
1995,0.3257761270735958
1996,0.4375232818180973
1997,0.3982689065857692
1998,0.43561158809524053
1999,0.31776497719942987
2000,0.46354362605235144
2001,0.44085188288643196
2002,0.3621512655547055
2003,0.35841765909589496
2004,0.6002902474164007
2005,0.3986140303711836
2006,0.2566006637020393
2007,0.47921209145596644
2008,0.22337724287743946
2009,0.3303285362291141
2010,0.34644408587246506
2011,0.37132337469918064
2012,0.4632743804987231
2013,0.4554102802465065
2014,0.4523233589072927
2015,0.3982689065857692
2016,0.38420943919275596
2017,0.5829651521380242
2018,0.37345391347783446
2019,0.4679304442200994
2020,0.3729607977228723
2021,0.23006157733199595
2022,0.5321842354960186
2023,0.40294850303679647
2024,0.3534377287614986
2025,0.38420943919275596
2026,0.3898957708264152
2027,0.35663304069385254
2028,0.362233759860962
2029,0.35766163846789245
2030,0.3539591041735095
2031,0.4059482246532645
2032,0.33343008495296766
2033,0.432326740449683
2034,0.4709711125702582
2035,0.38514197488409496
2036,0.38641936029830404
2037,0.3982689065857692
2038,0.34964615412571437
2039,0.3520281176263799
2040,0.41017545886961737
2041,0.4022048089224139
2042,0.3421484269725851
2043,0.3480277197900102
2044,0.12706531240623586
2045,0.3805702314101846
2046,0.4638235131492713
2047,0.4318226847104805
2048,0.2843702224034697
2049,0.3041939789103887
2050,0.34964615412571437
2051,0.4294439776094491
2052,0.40294850303679647
2053,0.3314265891612109
2054,0.5461986934370808
2055,0.4484087150412019
2056,0.348171255739698
2057,0.43555124153013647
2058,0.35943106608408554
2059,0.38240277703893377
2060,0.5529186925071381
2061,0.39286226064120355
2062,0.4059482246532645
2063,0.5321842354960186
2064,0.2218572524098981
2065,0.3093759532985585
2066,0.36161793211041404
2067,0.38131046056386186
2068,0.3621512655547055
2069,0.35363051697620285
2070,0.4206727996112034
2071,0.6063102433653519
2072,0.38710341086809014
2073,0.4796121593497613
2074,0.4632743804987231
2075,0.397044304083024
2076,0.39502423474675014
2077,0.3652874978654874
2078,0.3605397728652525
2079,0.4262019669163814
2080,0.3898957708264152
2081,0.419268713434766
2082,0.3673970483110502
2083,0.4176262533601863
2084,0.36128647460320695
2085,0.4709711125702582
2086,0.37763882643844426
2087,0.2856871328465789
2088,0.4989558408159875
2089,0.4177085208442329
2090,0.30332894154837453
2091,0.35766163846789245
2092,0.27704965668614434
2093,0.38420943919275596
2094,0.4265023601078613
2095,0.4059482246532645
2096,0.39286226064120355
2097,0.4651809636852419
2098,0.4709711125702582
2099,0.3903764945116956
2100,0.31215257494088666
2101,0.2876217553847
2102,0.1575691703841043
2103,0.42080911135111443
2104,0.39800428951009603
2105,0.4608300703720469
2106,0.4011982334818865
2107,0.3385324387178831
2108,0.4126131875546796
2109,0.37345391347783446
2110,0.4873533260778175
2111,0.5020254568492939
2112,0.4602401734344238
2113,0.41163349038956737
2114,0.4750680087626985
2115,0.47423164225951003
2116,0.25540460156434563
2117,0.3299766972278619
2118,0.2517470440023679
2119,0.3442156463611153
2120,0.37901355741728343
2121,0.35319432087545705
2122,0.31413089969147556
2123,0.2631687176214242
2124,0.5001393041159613
2125,0.23884881888502013
2126,0.44068098947994183
2127,0.45662883046325126
2128,0.37338880347791
2129,0.3621512655547055
2130,0.4011982334818865
2131,0.44085188288643196
2132,0.39286226064120355
2133,0.2833511677208854
2134,0.43184424713282293
2135,0.27242816890083493
2136,0.34644408587246506
2137,0.7678323993913211
2138,0.32616472905682514
2139,0.4989558408159875
2140,0.34964615412571437
2141,0.4179864669466449
2142,0.353270009484146
2143,0.22467572409392747
2144,0.3421484269725851
2145,0.4987013428417809
2146,0.38420943919275596
2147,0.644351640376712
2148,0.334389503225662
2149,0.26962678749512264
2150,0.3652874978654874
2151,0.4505300894436123
2152,0.5150428785679546
2153,0.3621512655547055
2154,0.3982689065857692
2155,0.38190982738745227
2156,0.35363051697620285
2157,0.4673883092382715
2158,0.4989558408159875
2159,0.39380236731123663
2160,0.3840550065804023
2161,0.40213446588640284
2162,0.43485716333826707
2163,0.38849414037656793
2164,0.3208454634695175
2165,0.3421484269725851
2166,0.2975096577355574
2167,0.38420943919275596
2168,0.5290824957583157
2169,0.4632743804987231
2170,0.3820639324613566
2171,0.37283085763554263
2172,0.3666657090358146
2173,0.3827408911286052
2174,0.2451453643684744
2175,0.46208260248318556
2176,0.45354052819036544
2177,0.46493868660264687
2178,0.4950202492911953
2179,0.3892813276309438
2180,0.3492692364386724
2181,0.3197215686935604
2182,0.23510164401040878
2183,0.3924900927476135
2184,0.652247882653819
2185,0.3453451177531057
2186,0.43561158809524053
2187,0.47921209145596644
2188,0.6353856426845496
2189,0.3299766972278619
2190,0.5682288083061325
2191,0.4666327523906187
2192,0.35663304069385254
2193,0.36952691015133826
2194,0.1935687352731558
2195,0.5344831433704518
2196,0.3405767001929901
2197,0.38500843753314923
2198,0.31002359385182704
2199,0.49539199177806087
2200,0.39626124238697713
2201,0.3986135675260152
2202,0.40438940167436116
2203,0.3412622127685235
2204,0.40160272497685606
2205,0.17221767675363878
2206,0.327179427212015
2207,0.41059485815410696
2208,0.34260212959523106
2209,0.22369247655325344
2210,0.3730956100743541
2211,0.35218183290966687
2212,0.38175842677768546
2213,0.40605783400307055
2214,0.34311064262145086
2215,0.3440790083725413
2216,0.35641803576234066
2217,0.4065121902520535
2218,0.23550883782414841
2219,0.6119288313642836
2220,0.3316582826662537
2221,0.36551437551334665
2222,0.39064910388251084
2223,0.4131917481653119
2224,0.43549886132502674
2225,0.3827408911286052
2226,0.5100451248106961
2227,0.2457472072065021
2228,0.15933437753712457
2229,0.3898957708264152
2230,0.4533509666031035
2231,0.3898957708264152
2232,0.35087933596345394
2233,0.3730956100743541
2234,0.3528825569298604
2235,0.6008700631585464
2236,0.397044304083024
2237,0.2172194420782086
2238,0.4666327523906187
2239,0.3808569160323149
2240,0.3957981966417233
2241,0.35363051697620285
2242,0.22478486343909815
2243,0.40419374626577836
2244,0.2560471159248772
2245,0.17309776348639855
2246,0.40154420176702366
2247,0.3761176100160125
2248,0.4176262533601863
2249,0.38175842677768546
2250,0.34964615412571437
2251,0.47921209145596644
2252,0.15933437753712457
2253,0.311080425582489
2254,0.22230234084115055
2255,0.5450374257261412
2256,0.39682192853362847
2257,0.3779246501071251
2258,0.36161793211041404
2259,0.3898957708264152
2260,0.4344610055106229
2261,0.4433403403984337
2262,0.3686481460454228
2263,0.47616610662558173
2264,0.3789845954992185
2265,0.3971957399073548
2266,0.4273282760864509
2267,0.40294850303679647
2268,0.5826825710221681
2269,0.35188712155750096
2270,0.4012572039430841
2271,0.49729519516536236
2272,0.2743551259287207
2273,0.5945255648486192
2274,0.4709711125702582
2275,0.4814588004630663
2276,0.3614302394108569
2277,0.46124433257094816
2278,0.4241802478181289
2279,0.3982689065857692
2280,0.42392794378991877
2281,0.34413571138385535
2282,0.3282302231197297
2283,0.4981403902104778
2284,0.5004098705168588
2285,0.16544381609980263
2286,0.4059482246532645
2287,0.544565084975791
2288,0.3005603984216607
2289,0.43778431507289084
2290,0.46900985995554584
2291,0.43561158809524053
2292,0.26023549088423287
2293,0.39502423474675014
2294,0.4022048089224139
2295,0.4000295214498094
2296,0.2745621954868533
2297,0.43778431507289084
2298,0.3168003776290694
2299,0.3982689065857692
2300,0.4026894005757769
2301,0.3426091065665253
2302,0.23447087101453418
2303,0.5132274881221235
2304,0.4337194315030698
2305,0.40557248285469133
2306,0.4325522759030056
2307,0.5996274507686036
2308,0.2073994425397395
2309,0.5039796067726153
2310,0.43573431771359944
2311,0.5215440925390893
2312,0.765822781514441
2313,0.38131046056386186
2314,0.23447087101453418
2315,0.6440353065654455
2316,0.3534377287614986
2317,0.4989558408159875
2318,0.2385395668820187
2319,0.38034658882486627
2320,0.4274328254013311
2321,0.3172372959701555
2322,0.3621512655547055
2323,0.4436922462786305
2324,0.3957981966417233
2325,0.48763690326264725
2326,0.40154420176702366
2327,0.44085188288643196
2328,0.4026226849029366
2329,0.4566557328563048
2330,0.389136580111443
2331,0.47323353242716154
2332,0.4059482246532645
2333,0.3690042314464403
2334,0.21851455494223643
2335,0.29705031397955195
2336,0.3903764945116956
2337,0.373426046034047
2338,0.3604712147187962
2339,0.3686481460454228
2340,0.38420943919275596
2341,0.3761176100160125
2342,0.3219206364143065
2343,0.40966355802566734
2344,0.4602401734344238
2345,0.36050703401079404
2346,0.4692484412676049
2347,0.35663304069385254
2348,0.43549886132502674
2349,0.44719389089632916
2350,0.5709169631472163
2351,0.6002902474164007
2352,0.3820639324613566
2353,0.39502423474675014
2354,0.34672010102509676
2355,0.34311064262145086
2356,0.5541972010905108
2357,0.3426091065665253
2358,0.2769299044624951
2359,0.4231549551760345
2360,0.4989558408159875
2361,0.4168375024961938
2362,0.4022048089224139
2363,0.4206727996112034
2364,0.44706763376461583
2365,0.3898957708264152
2366,0.40948155887957366
2367,0.3676006530144801
2368,0.3829215065768502
2369,0.5843599992184595
2370,0.22369247655325344
2371,0.3842109644440746
2372,0.5042948512675894
2373,0.3846389962308382
2374,0.474561402770186
2375,0.389136580111443
2376,0.37328254094506325
2377,0.32609060885302565
2378,0.5746677405867343
2379,0.29561588032909064
2380,0.3232572804982664
2381,0.382488421025786
2382,0.40844994269381696
2383,0.4242834051167652
2384,0.3447178325685157
2385,0.154760492936272
2386,0.24793730948874593
2387,0.4106630567263753
2388,0.3699234651029038
2389,0.40018134018108514
2390,0.40018134018108514
2391,0.5290824957583157
2392,0.40294850303679647
2393,0.41059485815410696
2394,0.4552502820163325
2395,0.4059482246532645
2396,0.2822622444397918
2397,0.36887154353341145
2398,0.47227231605772757
2399,0.3982689065857692
2400,0.47921209145596644
2401,0.36050703401079404
2402,0.44706763376461583
2403,0.38514197488409496
2404,0.4378447310347757
2405,0.2955323432635626
2406,0.4106360366523878
2407,0.4547577965865081
2408,0.4523233589072927
2409,0.3299766972278619
2410,0.3451595884412868
2411,0.1576245118584451
2412,0.1866153240336228
2413,0.3214075320843376
2414,0.3621512655547055
2415,0.2285913076977763
2416,0.39288242849426713
2417,0.35363051697620285
2418,0.4106630567263753
2419,0.4206727996112034
2420,0.23684821293774044
2421,0.3840550065804023
2422,0.41513558026511205
2423,0.3833913789515319
2424,0.39253902805752744
2425,0.3484221149665855
2426,0.43485716333826707
2427,0.39253902805752744
2428,0.3621512655547055
2429,0.5529186925071381
2430,0.3495462985895214
2431,0.425767586186782
2432,0.3971957399073548
2433,0.3820639324613566
2434,0.4505300894436123
2435,0.37018737158250076
2436,0.3741789727402601
2437,0.3465803297327483
2438,0.389136580111443
2439,0.35766163846789245
2440,0.3898957708264152
2441,0.3871601194946617
2442,0.3392626434806358
2443,0.41057292370000953
2444,0.38710341086809014
2445,0.5377218239967789
2446,0.3957981966417233
2447,0.4187094270515357
2448,0.4517534904129763
2449,0.12894548210539364
2450,0.3678627910487266
2451,0.5039796067726153
2452,0.3461446262853145
2453,0.31776497719942987
2454,0.3935404023304095
2455,0.302467281735031
2456,0.35936832946048725
2457,0.34951555220153885
2458,0.34695203095555893
2459,0.3971957399073548
2460,0.4989558408159875
2461,0.5559951864099294
2462,0.48277074066600895
2463,0.33940920473281144
2464,0.6018099867842616
2465,0.4675193189023909
2466,0.3649048727542573
2467,0.4100571216112345
2468,0.475659513231111
2469,0.3923272088661233
2470,0.32970791667682925
2471,0.4311552656142906
2472,0.2585903205410883
2473,0.7799616932150575
2474,0.2816930261820277
2475,0.27391803436302703
2476,0.38420943919275596
2477,0.40419374626577836
2478,0.35663304069385254
2479,0.4325522759030056
2480,0.257197395409983
2481,0.444658253405921
2482,0.389136580111443
2483,0.3604712147187962
2484,0.3932857123828975
2485,0.4274328254013311
2486,0.3924900927476135
2487,0.39502423474675014
2488,0.38420943919275596
2489,0.5189737974894385
2490,0.4602401734344238
2491,0.5312532877839616
2492,0.3730956100743541
2493,0.46637239665592545
2494,0.5107195992050079
2495,0.3898957708264152
2496,0.4134442979265988
2497,0.39502423474675014
2498,0.4386830414316559
2499,0.3903764945116956
2500,0.46208260248318556
2501,0.2529757793540948
2502,0.32798270247374783
2503,0.3984350690929026
2504,0.44085188288643196
2505,0.3856192698874282
2506,0.18840169076109234
2507,0.36050703401079404
2508,0.5312532877839616
2509,0.49781164871621897
2510,0.4633354151449602
2511,0.4026894005757769
2512,0.32076474173081565
2513,0.6616970385016491
2514,0.40462766386518584
2515,0.3437152407229124
2516,0.382488421025786
2517,0.42293093041107294
2518,0.22212000685313135
2519,0.4682909508011277
2520,0.3622664483458917
2521,0.382488421025786
2522,0.4508410446206701
2523,0.44085188288643196
2524,0.347992465691966
2525,0.4337194315030698
2526,0.17213009044936078
2527,0.39205884170011535
2528,0.3761176100160125
2529,0.34260212959523106
2530,0.5195194628985
2531,0.4274328254013311
2532,0.3624841255894713
2533,0.4545731714053449
2534,0.38514197488409496
2535,0.17464008749806995
2536,0.4989558408159875
2537,0.37759565010238244
2538,0.40294850303679647
2539,0.3699302895674862
2540,0.30339272561903924
2541,0.3585609231868728
2542,0.3982689065857692
2543,0.39334428379228664
2544,0.4679304442200994
2545,0.5091919131996984
2546,0.38190982738745227
2547,0.382488421025786
2548,0.3231908830743466
2549,0.45837688023749995
2550,0.3492692364386724
2551,0.32053363415697045
2552,0.3017866050745275
2553,0.42897615896612074
2554,0.3399370052540801
2555,0.495903859597246
2556,0.33532918578593945
2557,0.47921209145596644
2558,0.40294850303679647
2559,0.41625741071715794
2560,0.4611811273219962
2561,0.43643439713810095
2562,0.6074856762096911
2563,0.3897478669928534
2564,0.39502423474675014
2565,0.35059702664294146
2566,0.33832892792706365
2567,0.2646922728227598
2568,0.6476674242896432
2569,0.47921209145596644
2570,0.47921209145596644
2571,0.3779246501071251
2572,0.3526267314072934
2573,0.449701664887023
2574,0.5462390092389005
2575,0.3624049384494629
2576,0.18907730577336587
2577,0.5053914518826267
2578,0.167829583209885
2579,0.44068098947994183
2580,0.3986140303711836
2581,0.5048583867460812
2582,0.3549643431836232
2583,0.38960535816083314
2584,0.4479198018499361
2585,0.39375244659558106
2586,0.4054218801948764
2587,0.39502423474675014
2588,0.3442156463611153
2589,0.5265901649184849
2590,0.38500843753314923
2591,0.2975096577355574
2592,0.38143234307426677
2593,0.37224694081106907
2594,0.4523960980765104
2595,0.348171255739698
2596,0.40154420176702366
2597,0.4857157762343538
2598,0.4989558408159875
2599,0.27449076355598745
2600,0.42675391076555497
2601,0.4177085208442329
2602,0.33188658864667125
2603,0.3903764945116956
2604,0.4180854006139062
2605,0.35558392650340037
2606,0.3547018192442995
2607,0.4000295214498094
2608,0.40018134018108514
2609,0.2301960328860069
2610,0.3723063675725678
2611,0.4318226847104805
2612,0.4054218801948764
2613,0.5241342688101202
2614,0.4059482246532645
2615,0.3622664483458917
2616,0.37540869351320033
2617,0.46357165968544917
2618,0.3898957708264152
2619,0.4361108544274737
2620,0.40294850303679647
2621,0.3087249798823389
2622,0.5529186925071381
2623,0.3921249559347577
2624,0.42619772293682573
2625,0.28670336403666236
2626,0.4414618497327402
2627,0.39112710165467823
2628,0.3897478669928534
2629,0.4094824469709521
2630,0.2825313660209521
2631,0.3527645731499449
2632,0.16963528411861242
2633,0.23447087101453418
2634,0.43247998143174493
2635,0.31859257612921194
2636,0.4950271091096283
2637,0.38011721826023515
2638,0.4266068578838049
2639,0.3534377287614986
2640,0.44704167642118664
2641,0.34964615412571437
2642,0.3475359973754906
2643,0.3957981966417233
2644,0.3621512655547055
2645,0.441711405315876
2646,0.4179864669466449
2647,0.5184296976876754
2648,0.4192854504621349
2649,0.2975096577355574
2650,0.40294850303679647
2651,0.49796766601873993
2652,0.3677958462862684
2653,0.3820639324613566
2654,0.4625476665461143
2655,0.43778431507289084
2656,0.3955125915053333
2657,0.4367913586167562
2658,0.3752213353775302
2659,0.3299766972278619
2660,0.3451595884412868
2661,0.10616107148668331
2662,0.35897348076466606
2663,0.47667912663995987
2664,0.26119946973775
2665,0.4034333860176862
2666,0.39626124238697713
2667,0.382488421025786
2668,0.45809390524054394
2669,0.3649680252799729
2670,0.35766163846789245
2671,0.5020254568492939
2672,0.36050703401079404
2673,0.43778431507289084
2674,0.18950039145522946
2675,0.41088945123861575
2676,0.3275794676517909
2677,0.3602068923672247
2678,0.45354052819036544
2679,0.4012572039430841
2680,0.3789307131104694
2681,0.38420943919275596
2682,0.3677769485832818
2683,0.34964615412571437
2684,0.3986135675260152
2685,0.475655388244932
2686,0.41807455472277716
2687,0.43543415055731755
2688,0.35766163846789245
2689,0.41383384285654645
2690,0.37553616751278
2691,0.3710975246707718
2692,0.47921209145596644
2693,0.389136580111443
2694,0.4152110143523298
2695,0.4012572039430841
2696,0.40520275155127605
2697,0.3437152407229124
2698,0.4126131875546796
2699,0.458093304499467
2700,0.3856192698874282
2701,0.3986135675260152
2702,0.4177004680956196
2703,0.38117359186790956
2704,0.4481481241784744
2705,0.2197854790827597
2706,0.28670336403666236
2707,0.39626124238697713
2708,0.5677658366270181
2709,0.3723063675725678
2710,0.4518634898483134
2711,0.2610546256048423
2712,0.3001216992227031
2713,0.4701912395613397
2714,0.38500843753314923
2715,0.38299449949633413
2716,0.3942909107188307
2717,0.3031712909344637
2718,0.3642740969732999
2719,0.6921878106234882
2720,0.6687352670609056
2721,0.3871601194946617
2722,0.4617009970050911
2723,0.19304231988718687
2724,0.41124456354218275
2725,0.4915654743768388
2726,0.4440352795625213
2727,0.3275794676517909
2728,0.3451595884412868
2729,0.3986140303711836
2730,0.3622404580089554
2731,0.495903859597246
2732,0.3820639324613566
2733,0.4602401734344238
2734,0.44799437195047215
2735,0.5354617303296417
2736,0.4178660838644369
2737,0.3871601194946617
2738,0.23447087101453418
2739,0.3639604277525557
2740,0.4076313513480098
2741,0.5290824957583157
2742,0.389136580111443
2743,0.375062304008106
2744,0.3358946664188476
2745,0.3689813644365485
2746,0.4566557328563048
2747,0.38175842677768546
2748,0.4397585888674856
2749,0.4437528340337864
2750,0.4318455732826448
2751,0.28000251448050656
2752,0.3399464935689216
2753,0.39334428379228664
2754,0.45659473388460314
2755,0.765822781514441
2756,0.37901355741728343
2757,0.3421484269725851
2758,0.35766163846789245
2759,0.3686481460454228
2760,0.4380472216578732
2761,0.3621512655547055
2762,0.38194908460470595
2763,0.4343303606918826
2764,0.425211171985763
2765,0.5559951864099294
2766,0.37263223889603986
2767,0.3481235928677621
2768,0.3903764945116956
2769,0.4063712561810126
2770,0.3779246501071251
2771,0.3886782476252716
2772,0.3981131913894404
2773,0.3025432550101818
2774,0.2301960328860069
2775,0.25921152554385984
2776,0.5700873705799734
2777,0.39132058624151544
2778,0.42392794378991877
2779,0.36740727220799463
2780,0.4152110143523298
2781,0.3480277197900102
2782,0.39800428951009603
2783,0.3412622127685235
2784,0.4302826144122195
2785,0.4193242073919129
2786,0.375062304008106
2787,0.40294850303679647
2788,0.3808569160323149
2789,0.4616979313244169
2790,0.3585321879417899
2791,0.38299449949633413
2792,0.3699234651029038
2793,0.4206727996112034
2794,0.3336221359947911
2795,0.3604712147187962
2796,0.43044356462001193
2797,0.4709711125702582
2798,0.3931581001391752
2799,0.3285617707989572
2800,0.26614413820275246
2801,0.3709749247624974
2802,0.5321842354960186
2803,0.40018134018108514
2804,0.3412622127685235
2805,0.5569672356925292
2806,0.43140359731483363
2807,0.3971957399073548
2808,0.395812939812331
2809,0.40419374626577836
2810,0.3971957399073548
2811,0.3986135675260152
2812,0.35059702664294146
2813,0.38476864736506405
2814,0.3864028818940445
2815,0.39054741479841404
2816,0.3485991958366275
2817,0.3854341570045788
2818,0.40018134018108514
2819,0.4242834051167652
2820,0.40294850303679647
2821,0.4298692663270141
2822,0.441863740577822
2823,0.49659077325033124
2824,0.33810022735951184
2825,0.37018737158250076
2826,0.31416259053066753
2827,0.3779246501071251
2828,0.3621512655547055
2829,0.33395947628579553
2830,0.5147551837625484
2831,0.39286226064120355
2832,0.5496302972668227
2833,0.4701912395613397
2834,0.38175842677768546
2835,0.4022048089224139
2836,0.38299449949633413
2837,0.4377357598956722
2838,0.3703065114776767
2839,0.37759565010238244
2840,0.389136580111443
2841,0.3903764945116956
2842,0.34964615412571437
2843,0.3682987099552317
2844,0.4011982334818865
2845,0.3342396644426912
2846,0.347992465691966
2847,0.26313290976435705
2848,0.347992465691966
2849,0.3453451177531057
2850,0.4764585287115088
2851,0.48301052704932235
2852,0.39502423474675014
2853,0.37624323755558586
2854,0.3314265891612109
2855,0.397044304083024
2856,0.39644820079673815
2857,0.47921209145596644
2858,0.34964615412571437
2859,0.3005603984216607
2860,0.38816533729864905
2861,0.20882517095205858
2862,0.44200030413420754
2863,0.3820639324613566
2864,0.26497427629573445
2865,0.49179630086515475
2866,0.3908333484442645
2867,0.4529738820182909
2868,0.40294850303679647
2869,0.24483572185039731
2870,0.3790510216216919
2871,0.44325154545436973
2872,0.43834301111918217
2873,0.4502943519265529
2874,0.4436922462786305
2875,0.35766163846789245
2876,0.3888321189221731
2877,0.3903764945116956
2878,0.47476377544318493
2879,0.4119009688562779
2880,0.28455376613529937
2881,0.3549643431836232
2882,0.3720222518957292
2883,0.4059482246532645
2884,0.3125916317807259
2885,0.37901355741728343
2886,0.4011982334818865
2887,0.48204841246857927
2888,0.43022425129900216
2889,0.3871601194946617
2890,0.34599251448967694
2891,0.6614788779038466
2892,0.41316689411991697
2893,0.47921209145596644
2894,0.47921209145596644
2895,0.3986135675260152
2896,0.4206727996112034
2897,0.40154420176702366
2898,0.4206727996112034
2899,0.433404141378915
2900,0.3257761270735958
2901,0.32469916136610016
2902,0.3005603984216607
2903,0.35936165449554697
2904,0.3282302231197297
2905,0.6925011872381819
2906,0.3982689065857692
2907,0.347992465691966
2908,0.44348751674235415
2909,0.4178877679324389
2910,0.33832892792706365
2911,0.5351840443269837
2912,0.39545390769004996
2913,0.3358946664188476
2914,0.3779246501071251
2915,0.3212989108747119
2916,0.44068098947994183
2917,0.43252036165954355
2918,0.40154420176702366
2919,0.2813130553098698
2920,0.3746317992851919
2921,0.39112710165467823
2922,0.3683144109908603
2923,0.3921249559347577
2924,0.5529186925071381
2925,0.35792710524253984
2926,0.4012572039430841
2927,0.49659077325033124
2928,0.382258555619717
2929,0.3897478669928534
2930,0.3767085130799121
2931,0.45630703795588634
2932,0.3908333484442645
2933,0.39286226064120355
2934,0.22230234084115055
2935,0.3453451177531057
2936,0.3001216992227031
2937,0.4098252120249056
2938,0.39164142044319916
2939,0.40294850303679647
2940,0.478798249453137
2941,0.2285913076977763
2942,0.37637247864931195
2943,0.39800428951009603
2944,0.39286226064120355
2945,0.5467512735766806
2946,0.5522854914157019
2947,0.4679304442200994
2948,0.5487265125737787
2949,0.3570882917997151
2950,0.4189069229831141
2951,0.35499991902124284
2952,0.33086347769887875
2953,0.4075316884991259
2954,0.46637239665592545
2955,0.3936752899257146
2956,0.34964615412571437
2957,0.36740727220799463
2958,0.3820639324613566
2959,0.4177085208442329
2960,0.3412622127685235
2961,0.4759254133169266
2962,0.3898957708264152
2963,0.33492947568754167
2964,0.3624049384494629
2965,0.3358895466851253
2966,0.2637741154827376
2967,0.35363051697620285
2968,0.4632743804987231
2969,0.33353680485267223
2970,0.3971957399073548
2971,0.3526267314072934
2972,0.3572810566901141
2973,0.3986140303711836
2974,0.39812723670150824
2975,0.4011982334818865
2976,0.4428472454250591
2977,0.425767586186782
2978,0.33353680485267223
2979,0.2727267116089903
2980,0.32970791667682925
2981,0.44676831470999334
2982,0.3903764945116956
2983,0.4059482246532645
2984,0.3686469454129349
2985,0.3729955564216879
2986,0.38302205008296314
2987,0.4508410446206701
2988,0.44876896351655476
2989,0.5110189324072145
2990,0.40213446588640284
2991,0.39958150676366794
2992,0.2897818126857331
2993,0.4242834051167652
2994,0.38182483759105773
2995,0.389160464939319
2996,0.3412622127685235
2997,0.5242242204042838
2998,0.3908333484442645
2999,0.33188658864667125
3000,0.4242834051167652
3001,0.3076537869449709
3002,0.4386153693818552
3003,0.40520275155127605
3004,0.4552502820163325
3005,0.4076313513480098
3006,0.5445853987338763
3007,0.13744923195472442
3008,0.389160464939319
3009,0.3212989108747119
3010,0.47616610662558173
3011,0.26000690172576035
3012,0.3846389962308382
3013,0.3805702314101846
3014,0.495903859597246
3015,0.36161793211041404
3016,0.23241032069769954
3017,0.35218183290966687
3018,0.5290824957583157
3019,0.6074856762096911
3020,0.3604712147187962
3021,0.3820639324613566
3022,0.4011982334818865
3023,0.5124517775067657
3024,0.34004419559527915
3025,0.3724931379686561
3026,0.40154420176702366
3027,0.3492692364386724
3028,0.27203253646396974
3029,0.36050703401079404
3030,0.3317438416522606
3031,0.38058999966399887
3032,0.3896834008939888
3033,0.3898957708264152
3034,0.3982689065857692
3035,0.3759126886722482
3036,0.397044304083024
3037,0.23516404193998583
3038,0.37765853526005017
3039,0.3932857123828975
3040,0.433603107118357
3041,0.4059482246532645
3042,0.35424276974425756
3043,0.3924900927476135
3044,0.4274328254013311
3045,0.15767332956006042
3046,0.4094824469709521
3047,0.397044304083024
3048,0.3278025273710148
3049,0.49472243013377437
3050,0.35644638609962626
3051,0.39502423474675014
3052,0.3412622127685235
3053,0.6420706031234404
3054,0.40294850303679647
3055,0.40154420176702366
3056,0.36450740210013305
3057,0.46637239665592545
3058,0.5290824957583157
3059,0.41800516651978714
3060,0.5257574505266542
3061,0.3898957708264152
3062,0.39253902805752744
3063,0.3697156034822154
3064,0.3820639324613566
3065,0.3820639324613566
3066,0.3314265891612109
3067,0.40018134018108514
3068,0.3812379818817247
3069,0.44085188288643196
3070,0.35766163846789245
3071,0.22458548883720458
3072,0.34964615412571437
3073,0.6280892801256137
3074,0.3820639324613566
3075,0.5726856439270984
3076,0.40294850303679647
3077,0.38420943919275596
3078,0.3025432550101818
3079,0.38420943919275596
3080,0.4989558408159875
3081,0.38816533729864905
3082,0.3779246501071251
3083,0.3812931936786385
3084,0.44348751674235415
3085,0.3898957708264152
3086,0.46637239665592545
3087,0.4273282760864509
3088,0.3596422979056107
3089,0.35363051697620285
3090,0.35059702664294146
3091,0.36050703401079404
3092,0.3412622127685235
3093,0.4386153693818552
3094,0.35363051697620285
3095,0.3903764945116956
3096,0.3492692364386724
3097,0.3652999322637219
3098,0.39502423474675014
3099,0.33532918578593945
3100,0.47476377544318493
3101,0.3730956100743541
3102,0.4584176809921714
3103,0.24892639826025115
3104,0.4679304442200994
3105,0.459315210059135
3106,0.3984350690929026
3107,0.38194908460470595
3108,0.4011982334818865
3109,0.3898957708264152
3110,0.35424276974425756
3111,0.33900008869535825
3112,0.4873533260778175
3113,0.2610546256048423
3114,0.5159377964954277
3115,0.41088945123861575
3116,0.498866359697807
3117,0.39800428951009603
3118,0.4437528340337864
3119,0.23884881888502013
3120,0.3421484269725851
3121,0.6305204490714825
3122,0.30364894710485524
3123,0.43485716333826707
3124,0.40294850303679647
3125,0.37493632395548
3126,0.4011982334818865
3127,0.4059482246532645
3128,0.528126987076012
3129,0.5472121968789567
3130,0.40294850303679647
3131,0.4270280396940628
3132,0.47652727555384305
3133,0.39334428379228664
3134,0.4989558408159875
3135,0.39545390769004996
3136,0.43333813275349464
3137,0.4043819404970098
3138,0.4679304442200994
3139,0.4206582570223241
3140,0.510325302173695
3141,0.4679304442200994
3142,0.4011982334818865
3143,0.43485716333826707
3144,0.4587743949456995
3145,0.3898957708264152
3146,0.4000295214498094
3147,0.4166298373394925
3148,0.4190761634973471
3149,0.43247998143174493
3150,0.3820639324613566
3151,0.47921209145596644
3152,0.3737889039826864
3153,0.41485259596034
3154,0.3358946664188476
3155,0.4189901932196009
3156,0.48229938157835733
3157,0.44676831470999334
3158,0.3604712147187962
3159,0.41587848099879704
3160,0.33832892792706365
3161,0.517694015180976
3162,0.5949952793534181
3163,0.39502423474675014
3164,0.3820639324613566
3165,0.3321226539057819
3166,0.4011982334818865
3167,0.4445656725125911
3168,0.3557681629705562
3169,0.4011982334818865
3170,0.3767085130799121
3171,0.35011084337083964
3172,0.35766163846789245
3173,0.22212000685313135
3174,0.32053363415697045
3175,0.3898957708264152
3176,0.41800516651978714
3177,0.38514197488409496
3178,0.4941391500032934
3179,0.4735734054085871
3180,0.4617641071993489
3181,0.350258863281174
3182,0.6187240048753981
3183,0.37765853526005017
3184,0.40419374626577836
3185,0.43778431507289084
3186,0.3888321189221731
3187,0.4347818172887364
3188,0.34951555220153885
3189,0.3903764945116956
3190,0.44665405246926465
3191,0.4423169565967764
3192,0.6925011872381819
3193,0.5559951864099294
3194,0.5158875254436621
3195,0.3898957708264152
3196,0.4012572039430841
3197,0.4989558408159875
3198,0.44898608971499454
3199,0.38299449949633413
3200,0.2813130553098698
3201,0.3898957708264152
3202,0.39286226064120355
3203,0.3898957708264152
3204,0.4686655434245044
3205,0.39943190533994055
3206,0.4690498417646005
3207,0.3986135675260152
3208,0.3492692364386724
3209,0.5421064270928175
3210,0.33395947628579553
3211,0.6843946660905889
3212,0.18501446233233926
3213,0.4436922462786305
3214,0.2983510409242963
3215,0.3465803297327483
3216,0.5423358668643198
3217,0.3971957399073548
3218,0.2955458117038478
3219,0.35220582695145736
3220,0.21220349482765186
3221,0.28779142948573844
3222,0.15933437753712457
3223,0.44085188288643196
3224,0.22015673532940733
3225,0.33188658864667125
3226,0.3982689065857692
3227,0.5733490061717528
3228,0.3757733660145758
3229,0.40018134018108514
3230,0.435982303256397
3231,0.35363051697620285
3232,0.4394728254632715
3233,0.42392794378991877
3234,0.40154420176702366
3235,0.2901594819564715
3236,0.4602401734344238
3237,0.38420943919275596
3238,0.4048009934657085
3239,0.3666657090358146
3240,0.4012572039430841
3241,0.42692050606510273
3242,0.5398106889770697
3243,0.3649048727542573
3244,0.3871601194946617
3245,0.28842773382058345
3246,0.34964615412571437
3247,0.2813130553098698
3248,0.43561158809524053
3249,0.3903764945116956
3250,0.4602401734344238
3251,0.3903764945116956
3252,0.40154420176702366
3253,0.46637239665592545
3254,0.34964615412571437
3255,0.3001216992227031
3256,0.3416845992114093
3257,0.5032885685832358
3258,0.5238128470704535
3259,0.40057536997556553
3260,0.4549498798241606
3261,0.3399180146580133
3262,0.3399180146580133
3263,0.22369247655325344
3264,0.4750680087626985
3265,0.44348751674235415
3266,0.3982689065857692
3267,0.42697215568102626
3268,0.3681922211462348
3269,0.3955125915053333
3270,0.4185932859992119
3271,0.1620632163885009
3272,0.5053914518826267
3273,0.45613057545847696
3274,0.47323353242716154
3275,0.28613488866144327
3276,0.3421484269725851
3277,0.49729519516536236
3278,0.3479647845586111
3279,0.4206582570223241
3280,0.3921249559347577
3281,0.3898957708264152
3282,0.389160464939319
3283,0.5079358097117244
3284,0.43179909586339305
3285,0.3898957708264152
3286,0.46601887471334774
3287,0.24208728896219037
3288,0.39800428951009603
3289,0.40154420176702366
3290,0.35766163846789245
3291,0.3839205967321604
3292,0.2809477977503539
3293,0.4428290942897432
3294,0.33900008869535825
3295,0.4311588376237833
3296,0.3421484269725851
3297,0.4096801527754877
3298,0.3302742397453412
3299,0.36555686614824207
3300,0.4870305327362823
3301,0.39502423474675014
3302,0.5281153382263682
3303,0.5228017511821734
3304,0.3341639791116449
3305,0.382488421025786
3306,0.35766163846789245
3307,0.3924900927476135
3308,0.649236338617258
3309,0.3451595884412868
3310,0.3759126886722482
3311,0.3898957708264152
3312,0.5529186925071381
3313,0.7664505752792635
3314,0.3779246501071251
3315,0.4523960980765104
3316,0.4242834051167652
3317,0.4494108904819341
3318,0.38500843753314923
3319,0.4012572039430841
3320,0.43555124153013647
3321,0.35766163846789245
3322,0.4989558408159875
3323,0.2285913076977763
3324,0.37765853526005017
3325,0.35110409825321515
3326,0.542948461446913
3327,0.46905093150832083
3328,0.39287457904855494
3329,0.38131046056386186
3330,0.41800516651978714
3331,0.3152593348005456
3332,0.45685758643016866
3333,0.43022425129900216
3334,0.47921209145596644
3335,0.3761176100160125
3336,0.39800428951009603
3337,0.4274621331757487
3338,0.3426290176781559
3339,0.34712952971008343
3340,0.3761176100160125
3341,0.3746317992851919
3342,0.41861534462372224
3343,0.31215257494088666
3344,0.30339272561903924
3345,0.3763712678568019
3346,0.4258861591753532
3347,0.3729955564216879
3348,0.3898957708264152
3349,0.37126729069903414
3350,0.4386153693818552
3351,0.4012572039430841
3352,0.47323353242716154
3353,0.3621512655547055
3354,0.2599894685106939
3355,0.3257761270735958
3356,0.4347818172887364
3357,0.3955125915053333
3358,0.3572810566901141
3359,0.3730956100743541
3360,0.4273282760864509
3361,0.3534759594660893
3362,0.3621512655547055
3363,0.5506227731096943
3364,0.32469916136610016
3365,0.659945329144925
3366,0.4875431058494936
3367,0.3763712678568019
3368,0.39286226064120355
3369,0.41262640902453673
3370,0.3697156034822154
3371,0.38420943919275596
3372,0.43913993030503407
3373,0.5273293719904336
3374,0.5775772259831126
3375,0.3982689065857692
3376,0.23447087101453418
3377,0.38870310762111127
3378,0.347992465691966
3379,0.3729955564216879
3380,0.41059485815410696
3381,0.3958435823821355
3382,0.39112710165467823
3383,0.34964615412571437
3384,0.33292006075073527
3385,0.3986140303711836
3386,0.5159377964954277
3387,0.4429744590832645
3388,0.3005603984216607
3389,0.4632743804987231
3390,0.4700135321082594
3391,0.5984461607768402
3392,0.38500843753314923
3393,0.3005603984216607
3394,0.40419374626577836
3395,0.4709711125702582
3396,0.4436922462786305
3397,0.6009566563093913
3398,0.40294850303679647
3399,0.4081270680364474
3400,0.48967278371875106
3401,0.3001216992227031
3402,0.3117044961277371
3403,0.4709711125702582
3404,0.3820639324613566
3405,0.4859401070439368
3406,0.39395168875178377
3407,0.4436922462786305
3408,0.4386153693818552
3409,0.35877187670347155
3410,0.42675391076555497
3411,0.10797526139241595
3412,0.40018134018108514
3413,0.2530645771706131
3414,0.3820639324613566
3415,0.42891854779279415
3416,0.46067230896786904
3417,0.30471152681886143
3418,0.4437528340337864
3419,0.397044304083024
3420,0.4682909508011277
3421,0.39334428379228664
3422,0.39253902805752744
3423,0.3871601194946617
3424,0.406632683994589
3425,0.38131046056386186
3426,0.35363051697620285
3427,0.5020254568492939
3428,0.4169578130952925
3429,0.362515377020888
3430,0.4518634898483134
3431,0.3425166497406561
3432,0.35542585843523483
3433,0.3352571671011739
3434,0.3752213353775302
3435,0.3040704105558864
3436,0.4434130004737023
3437,0.41088945123861575
3438,0.4311552656142906
3439,0.5252803293681662
3440,0.40294850303679647
3441,0.40294850303679647
3442,0.4231549551760345
3443,0.472524882911418
3444,0.4584176809921714
3445,0.3908333484442645
3446,0.42392794378991877
3447,0.29550566693510805
3448,0.33856175390180565
3449,0.4176262533601863
3450,0.3019453477270215
3451,0.37018737158250076
3452,0.4166298373394925
3453,0.4532159982482722
3454,0.43247998143174493
3455,0.31100590017456164
3456,0.39286226064120355
3457,0.44085188288643196
3458,0.4267711376680656
3459,0.3982689065857692
3460,0.4494108904819341
3461,0.4242834051167652
3462,0.5459254984318576
3463,0.4440352795625213
3464,0.42955127401420645
3465,0.36450740210013305
3466,0.3903764945116956
3467,0.2301960328860069
3468,0.2407698471423454
3469,0.3982689065857692
3470,0.4658935333083439
3471,0.3454801224279498
3472,0.3547018192442995
3473,0.19340393849454202
3474,0.3412622127685235
3475,0.44061918815486173
3476,0.45280088304818217
3477,0.47667912663995987
3478,0.3505776467754797
3479,0.39287457904855494
3480,0.3903764945116956
3481,0.43543415055731755
3482,0.389160464939319
3483,0.5318188232308383
3484,0.6433671468391826
3485,0.43237512984552245
3486,0.4012572039430841
3487,0.4101046781528118
3488,0.3013659227873968
3489,0.3538623545025568
3490,0.3820639324613566
3491,0.3885739452938731
3492,0.3746584281134455
3493,0.3681922211462348
3494,0.2897818126857331
3495,0.4787623457289743
3496,0.5238128470704535
3497,0.46905093150832083
3498,0.3476918728514209
3499,0.4206727996112034
3500,0.21281431289383884
3501,0.43555124153013647
3502,0.43544344917441874
3503,0.38131046056386186
3504,0.39502423474675014
3505,0.3820639324613566
3506,0.35363051697620285
3507,0.424387761538455
3508,0.33856175390180565
3509,0.4530362507813435
3510,0.16500670260803788
3511,0.43540728499090253
3512,0.3853930195138363
3513,0.43247998143174493
3514,0.47323353242716154
3515,0.37759565010238244
3516,0.4040191533147455
3517,0.33353680485267223
3518,0.38420943919275596
3519,0.4989558408159875
3520,0.32970791667682925
3521,0.42382863453172676
3522,0.3888321189221731
3523,0.44085188288643196
3524,0.39286226064120355
3525,0.3790432237941166
3526,0.5541633517205637
3527,0.26962678749512264
3528,0.4012572039430841
3529,0.40454528795324785
3530,0.38420943919275596
3531,0.40874781942039745
3532,0.5529186925071381
3533,0.41088945123861575
3534,0.40294850303679647
3535,0.44491405300855036
3536,0.5344831433704518
3537,0.3005603984216607
3538,0.47921209145596644
3539,0.39288242849426713
3540,0.3898957708264152
3541,0.35912219092279773
3542,0.3759126886722482
3543,0.15495754770593365
3544,0.3853930195138363
3545,0.5279527768347841
3546,0.3385324387178831
3547,0.37759565010238244
3548,0.40294850303679647
3549,0.38420943919275596
3550,0.35363051697620285
3551,0.35766163846789245
3552,0.4016160986435143
3553,0.38420943919275596
3554,0.25851197387470687
3555,0.38425276966034666
3556,0.36050703401079404
3557,0.40294850303679647
3558,0.39132058624151544
3559,0.5149007777404894
3560,0.4386153693818552
3561,0.3898957708264152
3562,0.31265779055759985
3563,0.40154420176702366
3564,0.5360452565202076
3565,0.4749873924643098
3566,0.25125798727362586
3567,0.40294850303679647
3568,0.5692803584768933
3569,0.4242834051167652
3570,0.4048748427522167
3571,0.5120567738067122
3572,0.6079348542119758
3573,0.46637239665592545
3574,0.44876896351655476
3575,0.4436922462786305
3576,0.41800516651978714
3577,0.24520010091871414
3578,0.5022526336630035
3579,0.3898957708264152
3580,0.4969787201754296
3581,0.3871601194946617
3582,0.3957981966417233
3583,0.39245430136544907
3584,0.3982689065857692
3585,0.4989558408159875
3586,0.3986223759519813
3587,0.40154420176702366
3588,0.43778431507289084
3589,0.5312532877839616
3590,0.34820994258350335
3591,0.3971957399073548
3592,0.3971957399073548
3593,0.37765853526005017
3594,0.45280088304818217
3595,0.39253902805752744
3596,0.3842109644440746
3597,0.3649048727542573
3598,0.4709711125702582
3599,0.41861534462372224
3600,0.45951414418122644
3601,0.4008081969788624
3602,0.383286068035541
3603,0.4011982334818865
3604,0.389136580111443
3605,0.3093759532985585
3606,0.43834301111918217
3607,0.4177085208442329
3608,0.37901355741728343
3609,0.21971472910845832
3610,0.4106630567263753
3611,0.3437152407229124
3612,0.42072519052794
3613,0.3589639523226808
3614,0.39064910388251084
3615,0.2599894685106939
3616,0.2285913076977763
3617,0.44876896351655476
3618,0.5351840443269837
3619,0.4273282760864509
3620,0.23671363466798087
3621,0.46519376040643856
3622,0.24447318858810688
3623,0.40018134018108514
3624,0.33353680485267223
3625,0.4436922462786305
3626,0.41017545886961737
3627,0.6243620244070154
3628,0.4215609724084753
3629,0.5748092072829531
3630,0.5032885685832358
3631,0.43543415055731755
3632,0.4059482246532645
3633,0.3299766972278619
3634,0.39502423474675014
3635,0.3921010059527912
3636,0.39800428951009603
3637,0.3710975246707718
3638,0.3602068923672247
3639,0.43022425129900216
3640,0.3412622127685235
3641,0.3898957708264152
3642,0.4059482246532645
3643,0.4255341308464117
3644,0.5529186925071381
3645,0.383286068035541
3646,0.2955323432635626
3647,0.5539934409156831
3648,0.4318226847104805
3649,0.3256728060686537
3650,0.2897818126857331
3651,0.4025736561797715
3652,0.3864028818940445
3653,0.351330133298441
3654,0.36740727220799463
3655,0.35766163846789245
3656,0.4386153693818552
3657,0.3986140303711836
3658,0.40948155887957366
3659,0.22898910534792302
3660,0.5751656354204732
3661,0.389136580111443
3662,0.34964615412571437
3663,0.3299766972278619
3664,0.3236544275585117
3665,0.2494083866169727
3666,0.36128647460320695
3667,0.4038171818485548
3668,0.3518017003371548
3669,0.4180854006139062
3670,0.40605783400307055
3671,0.3299766972278619
3672,0.43252036165954355
3673,0.4248613635482137
3674,0.4012572039430841
3675,0.35841765909589496
3676,0.39502423474675014
3677,0.18584260054533167
3678,0.3982689065857692
3679,0.6230837161439798
3680,0.308639185705651
3681,0.40160272497685606
3682,0.446259998848381
3683,0.4073850520289421
3684,0.4273282760864509
3685,0.4206727996112034
3686,0.35766163846789245
3687,0.39502423474675014
3688,0.36450740210013305
3689,0.3346668317904647
3690,0.39288242849426713
3691,0.2073994425397395
3692,0.28928596720999245
3693,0.42955127401420645
3694,0.35363051697620285
3695,0.31215257494088666
3696,0.4012572039430841
3697,0.37901355741728343
3698,0.3903764945116956
3699,0.3971957399073548
3700,0.41017545886961737
3701,0.5115013094910056
3702,0.4989558408159875
3703,0.32611424835410235
3704,0.37338880347791
3705,0.43778431507289084
3706,0.36555686614824207
3707,0.4989558408159875
3708,0.35546145503788656
3709,0.38500843753314923
3710,0.14511813307749405
3711,0.36952691015133826
3712,0.4254041511850327
3713,0.4059482246532645
3714,0.3820639324613566
3715,0.4274621331757487
3716,0.4602401734344238
3717,0.5907557109330098
3718,0.39286226064120355
3719,0.3888321189221731
3720,0.5159377964954277
3721,0.47505433471154224
3722,0.4386153693818552
3723,0.40294850303679647
3724,0.13744923195472442
3725,0.44676831470999334
3726,0.366804098297927
3727,0.3686481460454228
3728,0.35409125001150943
3729,0.3437152407229124
3730,0.40294850303679647
3731,0.39287457904855494
3732,0.3898957708264152
3733,0.598505348024133
3734,0.3723063675725678
3735,0.42955127401420645
3736,0.4242834051167652
3737,0.38299449949633413
3738,0.4298692663270141
3739,0.595334321671941
3740,0.43022425129900216
3741,0.3982689065857692
3742,0.32053363415697045
3743,0.5210271924375144
3744,0.23516404193998583
3745,0.5150322255594671
3746,0.40294850303679647
3747,0.3549643431836232
3748,0.7046692740964586
3749,0.478502621671201
3750,0.4059482246532645
3751,0.38816533729864905
3752,0.31776497719942987
3753,0.47984881929110135
3754,0.43549886132502674
3755,0.4265023601078613
3756,0.35363051697620285
3757,0.3093759532985585
3758,0.44676831470999334
3759,0.3604712147187962
3760,0.42356057831593963
3761,0.5352328078378431
3762,0.40294850303679647
3763,0.41381227640406215
3764,0.3412622127685235
3765,0.35766163846789245
3766,0.6596069614320575
3767,0.4134442979265988
3768,0.40154420176702366
3769,0.4189637566126077
3770,0.3604712147187962
3771,0.5321842354960186
3772,0.28411489837067
3773,0.5002712635480374
3774,0.3820639324613566
3775,0.15933437753712457
3776,0.34644408587246506
3777,0.3853930195138363
3778,0.4059482246532645
3779,0.38194908460470595
3780,0.3984350690929026
3781,0.4258861591753532
3782,0.22939525519059495
3783,0.26053586413472074
3784,0.36975415157114594
3785,0.3898957708264152
3786,0.3898957708264152
3787,0.4100571216112345
3788,0.40018134018108514
3789,0.347992465691966
3790,0.4966486708414898
3791,0.48368810603602364
3792,0.38420943919275596
3793,0.42392794378991877
3794,0.40419374626577836
3795,0.3971957399073548
3796,0.7192477117225998
3797,0.6550707430004905
3798,0.5325613085772731
3799,0.3408228236116676
3800,0.19638582045327024
3801,0.4764585287115088
3802,0.3257761270735958
3803,0.5316169838877125
3804,0.41722748151476746
3805,0.4989558408159875
3806,0.8081222264809093
3807,0.38816533729864905
3808,0.43856290699275563
3809,0.39112710165467823
3810,0.46637239665592545
3811,0.3898957708264152
3812,0.42392794378991877
3813,0.3779246501071251
3814,0.3898957708264152
3815,0.31215257494088666
3816,0.8416833418940189
3817,0.33465381371260683
3818,0.4011009848712327
3819,0.5174158027867571
3820,0.40294850303679647
3821,0.4191543519953708
3822,0.32469916136610016
3823,0.35059702664294146
3824,0.2144491359343927
3825,0.3723063675725678
3826,0.3254804719455435
3827,0.19304550325277336
3828,0.35231654484841457
3829,0.36052823452113203
3830,0.3954635268267962
3831,0.3957981966417233
3832,0.5981053390607606
3833,0.34281996180144136
3834,0.3946646384844592
3835,0.34004419559527915
3836,0.35604749180940815
3837,0.44368032609177604
3838,0.369594542422043
3839,0.460522084032048
3840,0.25173680079266014
3841,0.4961875336441131
3842,0.397044304083024
3843,0.39286226064120355
3844,0.4989558408159875
3845,0.38594169708126275
3846,0.40566690698331476
3847,0.33832199326067414
3848,0.38240277703893377
3849,0.3779246501071251
3850,0.3495239062465728
3851,0.3492692364386724
3852,0.4059482246532645
3853,0.3914044657343063
3854,0.4382123996666535
3855,0.3885058413783379
3856,0.40057536997556553
3857,0.4970297326356015
3858,0.6090826836015484
3859,0.3330347224747791
3860,0.3342396644426912
3861,0.40294850303679647
3862,0.37018737158250076
3863,0.5242242204042838
3864,0.46745294998890885
3865,0.46637239665592545
3866,0.419268713434766
3867,0.46124433257094816
3868,0.33188658864667125
3869,0.4987013428417809
3870,0.3707635180910038
3871,0.3604712147187962
3872,0.39132058624151544
3873,0.39800428951009603
3874,0.4378447310347757
3875,0.32076474173081565
3876,0.5285148151807904
3877,0.4012572039430841
3878,0.33395947628579553
3879,0.397044304083024
3880,0.36952691015133826
3881,0.46067230896786904
3882,0.3480277197900102
3883,0.3410372316291573
3884,0.3820639324613566
3885,0.589950577986475
3886,0.25098306019759553
3887,0.3783405509263578
3888,0.56097835167454
3889,0.5290824957583157
3890,0.4386153693818552
3891,0.43333813275349464
3892,0.383286068035541
3893,0.40172580026419574
3894,0.46836819092878673
3895,0.444658253405921
3896,0.4206582570223241
3897,0.43543415055731755
3898,0.43555124153013647
3899,0.40948155887957366
3900,0.41625741071715794
3901,0.3932857123828975
3902,0.43135507964328995
3903,0.4231438666444616
3904,0.40621887975583354
3905,0.34951555220153885
3906,0.542948461446913
3907,0.42382863453172676
3908,0.3604712147187962
3909,0.3869356426720986
3910,0.3898957708264152
3911,0.35363051697620285
3912,0.5398106889770697
3913,0.4064342600752195
3914,0.1992806794836288
3915,0.40605783400307055
3916,0.38315155780180543
3917,0.35709676805523366
3918,0.6895407997110894
3919,0.3480277197900102
3920,0.4441427645169382
3921,0.34672010102509676
3922,0.3392626434806358
3923,0.372041842819062
3924,0.33188658864667125
3925,0.3475986211938858
3926,0.3442156463611153
3927,0.5032885685832358
3928,0.5081178587361803
3929,0.45758878869871406
3930,0.5820679997957053
3931,0.3367740679009242
3932,0.5032885685832358
3933,0.34964615412571437
3934,0.39678661898006806
3935,0.3699234651029038
3936,0.41017545886961737
3937,0.397044304083024
3938,0.5048583867460812
3939,0.47921209145596644
3940,0.3356917261433128
3941,0.42955127401420645
3942,0.4518516406454635
3943,0.46637239665592545
3944,0.32580933221666836
3945,0.3842109644440746
3946,0.47921209145596644
3947,0.43237512984552245
3948,0.34135619919796495
3949,0.3759126886722482
3950,0.3314265891612109
3951,0.2631687176214242
3952,0.4803852122763214
3953,0.3903764945116956
3954,0.37018737158250076
3955,0.23447087101453418
3956,0.39502423474675014
3957,0.3392626434806358
3958,0.3808569160323149
3959,0.36805684563589264
3960,0.43544344917441874
3961,0.4632743804987231
3962,0.4124497904668601
3963,0.3971957399073548
3964,0.42643407619141827
3965,0.31967716763235865
3966,0.3853930195138363
3967,0.4989558408159875
3968,0.36050703401079404
3969,0.5416150073720261
3970,0.5824220050409213
3971,0.30515292775213665
3972,0.43022425129900216
3973,0.3982689065857692
3974,0.39257278211845253
3975,0.3480277197900102
3976,0.39502423474675014
3977,0.39502423474675014
3978,0.5670723713977274
3979,0.35436468206564453
3980,0.47984881929110135
3981,0.3736491741173084
3982,0.34672010102509676
3983,0.45280088304818217
3984,0.3729955564216879
3985,0.4059482246532645
3986,0.4776677241335318
3987,0.35663304069385254
3988,0.37763882643844426
3989,0.4478135984152719
3990,0.3763712678568019
3991,0.47445315619748335
3992,0.5285148151807904
3993,0.4989558408159875
3994,0.3561032968606526
3995,0.3971957399073548
3996,0.4318226847104805
3997,0.4206727996112034
3998,0.43237512984552245
3999,0.40154420176702366
4000,0.3779581564557889
4001,0.37531816681855673
4002,0.4602401734344238
4003,0.3820639324613566
4004,0.5808939559091356
4005,0.4633354151449602
4006,0.38345436173607755
4007,0.4367913586167562
4008,0.4709711125702582
4009,0.38420943919275596
4010,0.4701912395613397
4011,0.3317685833652334
4012,0.47921209145596644
4013,0.4508410446206701
4014,0.4177004680956196
4015,0.36340437463706404
4016,0.39286226064120355
4017,0.3465803297327483
4018,0.4265023601078613
4019,0.4632743804987231
4020,0.419268713434766
4021,0.4666327523906187
4022,0.43555124153013647
4023,0.4377357598956722
4024,0.4176262533601863
4025,0.36740727220799463
4026,0.4989558408159875
4027,0.5158875254436621
4028,0.23447087101453418
4029,0.3897478669928534
4030,0.36097172287825874
4031,0.39502423474675014
4032,0.5032279849480767
4033,0.6677924842915152
4034,0.4429361654596549
4035,0.32053363415697045
4036,0.3681922211462348
4037,0.4262019669163814
4038,0.4523960980765104
4039,0.36409209690576194
4040,0.546338637698063
4041,0.5662240996237673
4042,0.495903859597246
4043,0.47921209145596644
4044,0.3453451177531057
4045,0.5290824957583157
4046,0.3299766972278619
4047,0.23516404193998583
4048,0.35766163846789245
4049,0.38710341086809014
4050,0.4564361363080612
4051,0.40906484370711566
4052,0.19741411992039953
4053,0.3931459953793765
4054,0.39400204887602636
4055,0.36450740210013305
4056,0.5383145707604164
4057,0.37901355741728343
4058,0.43237512984552245
4059,0.4617289095157588
4060,0.43624900114126425
4061,0.38420943919275596
4062,0.35663304069385254
4063,0.3903764945116956
4064,0.4494108904819341
4065,0.347992465691966
4066,0.5685373717433772
4067,0.5553867091247967
4068,0.6750310429369474
4069,0.31572585345559045
4070,0.4376159468221182
4071,0.4302826144122195
4072,0.3986140303711836
4073,0.35897348076466606
4074,0.35974624203700467
4075,0.3485270148393677
4076,0.4141359872536921
4077,0.4011982334818865
4078,0.3167610694681948
4079,0.4709711125702582
4080,0.3982689065857692
4081,0.4724323755584929
4082,0.40294850303679647
4083,0.364640278471388
4084,0.3729955564216879
4085,0.39286226064120355
4086,0.3898957708264152
4087,0.618733822975245
4088,0.4096801527754877
4089,0.6843946660905889
4090,0.37765853526005017
4091,0.44060858588460616
4092,0.38816533729864905
4093,0.4436922462786305
4094,0.5737005339025173
4095,0.3657543490138647
4096,0.3746317992851919
4097,0.3345044517299342
4098,0.3299766972278619
4099,0.40160272497685606
4100,0.1605729619493525
4101,0.3736491741173084
4102,0.3299766972278619
4103,0.15933437753712457
4104,0.47169098151009153
4105,0.40154420176702366
4106,0.39626124238697713
4107,0.34964615412571437
4108,0.5242242204042838
4109,0.45952757522098475
4110,0.38433238778055345
4111,0.32693702622527365
4112,0.4265023601078613
4113,0.42487062372767065
4114,0.3303678546558838
4115,0.40160272497685606
4116,0.38420943919275596
4117,0.47616610662558173
4118,0.3842109644440746
4119,0.46637239665592545
4120,0.389136580111443
4121,0.5242242204042838
4122,0.3891275288040774
4123,0.4000295214498094
4124,0.22127017708178806
4125,0.44085188288643196
4126,0.4378447310347757
4127,0.40862065524960167
4128,0.4473899278524075
4129,0.43943467175908396
4130,0.3898957708264152
4131,0.3299766972278619
4132,0.3413267669125891
4133,0.38218757920115703
4134,0.3437152407229124
4135,0.31760036547076653
4136,0.39286226064120355
4137,0.3139431742281543
4138,0.4554692662836163
4139,0.26053586413472074
4140,0.3729955564216879
4141,0.37018737158250076
4142,0.33864250300340965
4143,0.3779246501071251
4144,0.2809477977503539
4145,0.35369615452972836
4146,0.3842109644440746
4147,0.45656356909812607
4148,0.37018737158250076
4149,0.4011982334818865
4150,0.3761176100160125
4151,0.39286226064120355
4152,0.45005941281895845
4153,0.45630703795588634
4154,0.44676831470999334
4155,0.3935124986294779
4156,0.39800428951009603
4157,0.34964615412571437
4158,0.3779246501071251
4159,0.475659513231111
4160,0.23277488005851635
4161,0.3673970483110502
4162,0.5147551837625484
4163,0.3921010059527912
4164,0.38186023976227307
4165,0.5281153382263682
4166,0.4248613635482137
4167,0.39132058624151544
4168,0.3008787449375854
4169,0.43247998143174493
4170,0.4494108904819341
4171,0.4386153693818552
4172,0.30339272561903924
4173,0.3480277197900102
4174,0.4386153693818552
4175,0.37637788422455914
4176,0.39253902805752744
4177,0.47323353242716154
4178,0.13145387094609776
4179,0.3358946664188476
4180,0.40419374626577836
4181,0.6559820262422444
4182,0.32728644093385423
4183,0.40154420176702366
4184,0.1859999889302329
4185,0.23008097672275074
4186,0.3534377287614986
4187,0.3729955564216879
4188,0.38420943919275596
4189,0.3723063675725678
4190,0.4012572039430841
4191,0.43179909586339305
4192,0.4192854504621349
4193,0.3299766972278619
4194,0.5650814795212439
4195,0.4022048089224139
4196,0.4602401734344238
4197,0.4191543519953708
4198,0.4059482246532645
4199,0.426359565779602
4200,0.4549498798241606
4201,0.35766163846789245
4202,0.3584427323279956
4203,0.4011009848712327
4204,0.4064342600752195
4205,0.3808569160323149
4206,0.46637239665592545
4207,0.4355391747635306
4208,0.3572810566901141
4209,0.32609060885302565
4210,0.36097172287825874
4211,0.3652227563996643
4212,0.44967062339539343
4213,0.3908333484442645
4214,0.45036711918893974
4215,0.16100960423342717
4216,0.3982689065857692
4217,0.40154420176702366
4218,0.3678627910487266
4219,0.3921249559347577
4220,0.4517523970442546
4221,0.15933437753712457
4222,0.5211520980720422
4223,0.3621512655547055
4224,0.3343699234023018
4225,0.4584176809921714
4226,0.39288242849426713
4227,0.39545390769004996
4228,0.23447087101453418
4229,0.4302826144122195
4230,0.46637239665592545
4231,0.44713187056594794
4232,0.40294850303679647
4233,0.5143001242829699
4234,0.5463027995430593
4235,0.46221404809658234
4236,0.4176262533601863
4237,0.47616610662558173
4238,0.38420943919275596
4239,0.3898957708264152
4240,0.3729955564216879
4241,0.2748683320586827
4242,0.3200969515039466
4243,0.5139250561789429
4244,0.47652974230508716
4245,0.5635366038662362
4246,0.22898910534792302
4247,0.48148984667364
4248,0.23447087101453418
4249,0.4228965781507269
4250,0.5362644548224703
4251,0.5257862282391847
4252,0.37765853526005017
4253,0.3898957708264152
4254,0.3954635268267962
4255,0.4780699753715019
4256,0.2720863056637071
4257,0.3729955564216879
4258,0.36050703401079404
4259,0.3760615964500919
4260,0.542948461446913
4261,0.3660870358411437
4262,0.4497170430136216
4263,0.3921249559347577
4264,0.4059482246532645
4265,0.46637239665592545
4266,0.4189637566126077
4267,0.3808569160323149
4268,0.46637239665592545
4269,0.3942246681302422
4270,0.3996266334220268
4271,0.2809477977503539
4272,0.45606154600393095
4273,0.3509458195570864
4274,0.3908333484442645
4275,0.5174158027867571
4276,0.4176262533601863
4277,0.4012572039430841
4278,0.4299895560815764
4279,0.47323353242716154
4280,0.39334428379228664
4281,0.3299766972278619
4282,0.45656356909812607
4283,0.4011009848712327
4284,0.3730956100743541
4285,0.4605088757574249
4286,0.3914044657343063
4287,0.3152593348005456
4288,0.34951555220153885
4289,0.40520275155127605
4290,0.37765853526005017
4291,0.5901366213635925
4292,0.3370110771337243
4293,0.27449076355598745
4294,0.4989558408159875
4295,0.5158875254436621
4296,0.4011982334818865
4297,0.43252036165954355
4298,0.37765853526005017
4299,0.38671656523344866
4300,0.5215440925390893
4301,0.41485259596034
4302,0.3846389962308382
4303,0.2301960328860069
4304,0.38175842677768546
4305,0.33353680485267223
4306,0.4059482246532645
4307,0.46519376040643856
4308,0.3578254357890292
4309,0.35766163846789245
4310,0.4428277735944192
4311,0.36177668037516963
4312,0.3898957708264152
4313,0.30054679895561626
4314,0.4252454214640247
4315,0.3703100556382249
4316,0.4355391747635306
4317,0.35043932644091474
4318,0.3168003776290694
4319,0.375062304008106
4320,0.334389503225662
4321,0.43778431507289084
4322,0.4273282760864509
4323,0.33951751955638615
4324,0.3971957399073548
4325,0.3903764945116956
4326,0.18994220413295465
4327,0.31213238071411786
4328,0.3903764945116956
4329,0.6764047245958879
4330,0.3042782711272195
4331,0.3729955564216879
4332,0.3820639324613566
4333,0.5070926515252493
4334,0.39502423474675014
4335,0.23079478732070668
4336,0.3759126886722482
4337,0.3480277197900102
4338,0.5063989488266474
4339,0.3609293300772653
4340,0.3497643245394072
4341,0.7604830811922401
4342,0.4242834051167652
4343,0.3442156463611153
4344,0.35424276974425756
4345,0.44085188288643196
4346,0.5529186925071381
4347,0.35110646862749656
4348,0.5849142214195744
4349,0.46067230896786904
4350,0.19764792819688232
4351,0.4011982334818865
4352,0.38816533729864905
4353,0.506401702671983
4354,0.3277598221821678
4355,0.20882517095205858
4356,0.3314265891612109
4357,0.29425326810381863
4358,0.24562242583509017
4359,0.4012572039430841
4360,0.3779246501071251
4361,0.4441427645169382
4362,0.3480277197900102
4363,0.32638386775363465
4364,0.43778431507289084
4365,0.37495597670890746
4366,0.38710341086809014
4367,0.4264055180861639
4368,0.40294850303679647
4369,0.12385229909575901
4370,0.5290824957583157
4371,0.3479647845586111
4372,0.23528918961103018
4373,0.3971957399073548
4374,0.48792813534484686
4375,0.3093759532985585
4376,0.3168530469251966
4377,0.4300104049489137
4378,0.4302826144122195
4379,0.3402795495404483
4380,0.4158643325134605
4381,0.3492692364386724
4382,0.38657043111316214
4383,0.530371272333262
4384,0.444658253405921
4385,0.4011982334818865
4386,0.43561158809524053
4387,0.35217405254520084
4388,0.35936165449554697
4389,0.4602401734344238
4390,0.2972621745132059
4391,0.3290760536730415
4392,0.1293251211169123
4393,0.5375430762716771
4394,0.4679304442200994
4395,0.23950243466348908
4396,0.3487791568687213
4397,0.3761176100160125
4398,0.3898957708264152
4399,0.37946590380188
4400,0.34454751873248596
4401,0.3299766972278619
4402,0.36450740210013305
4403,0.4180854006139062
4404,0.3480277197900102
4405,0.34964615412571437
4406,0.40154420176702366
4407,0.35558392650340037
4408,0.35766163846789245
4409,0.3336474576738183
4410,0.3302742397453412
4411,0.41121960030008764
4412,0.41482832695274185
4413,0.32347952162612625
4414,0.4436922462786305
4415,0.5927421864227119
4416,0.2918076430881909
4417,0.3808569160323149
4418,0.3864028818940445
4419,0.4242834051167652
4420,0.4191543519953708
4421,0.3421484269725851
4422,0.5115013094910056
4423,0.3622664483458917
4424,0.3025432550101818
4425,0.38034658882486627
4426,0.4206727996112034
4427,0.39288242849426713
4428,0.36052823452113203
4429,0.3921010059527912
4430,0.3723063675725678
4431,0.12427699997126357
4432,0.3820639324613566
4433,0.3982689065857692
4434,0.2073994425397395
4435,0.4602401734344238
4436,0.23671363466798087
4437,0.3761176100160125
4438,0.38816533729864905
4439,0.3275794676517909
4440,0.40057536997556553
4441,0.40294850303679647
4442,0.383699443673514
4443,0.4095639075027414
4444,0.4633354151449602
4445,0.395310165654452
4446,0.5221383612648096
4447,0.3921249559347577
4448,0.44761010643125837
4449,0.5677658366270181
4450,0.4022633368613485
4451,0.3572810566901141
4452,0.3846389962308382
4453,0.44611652736258123
4454,0.35319432087545705
4455,0.2451453643684744
4456,0.35766163846789245
4457,0.37946590380188
4458,0.42791657657562937
4459,0.39253902805752744
4460,0.4022048089224139
4461,0.3867899120615866
4462,0.38816533729864905
4463,0.3707635180910038
4464,0.3257761270735958
4465,0.3871601194946617
4466,0.39502423474675014
4467,0.3318145599662191
4468,0.39812723670150824
4469,0.6236110779244903
4470,0.33353680485267223
4471,0.4344610055106229
4472,0.3942909107188307
4473,0.3971957399073548
4474,0.35319432087545705
4475,0.44676831470999334
4476,0.4436922462786305
4477,0.3352571671011739
4478,0.45966592766411524
4479,0.46208260248318556
4480,0.4556016383959463
4481,0.37688801998321747
4482,0.36389478570463923
4483,0.44706763376461583
4484,0.40018134018108514
4485,0.4302826144122195
4486,0.5321842354960186
4487,0.3302742397453412
4488,0.19304231988718687
4489,0.39502423474675014
4490,0.25921152554385984
4491,0.5290824957583157
4492,0.39286226064120355
4493,0.5830462934179409
4494,0.3984350690929026
4495,0.5008826201276642
4496,0.19304231988718687
4497,0.5296536987396147
4498,0.49078632135503775
4499,0.4242834051167652
4500,0.3419164847664868
4501,0.3942909107188307
4502,0.40438940167436116
4503,0.4764585287115088
4504,0.23684821293774044
4505,0.4118084747905123
4506,0.22788229311149263
4507,0.33395947628579553
4508,0.32163029019798794
4509,0.5070926515252493
4510,0.3723063675725678
4511,0.43947325874742643
4512,0.43975727010193566
4513,0.47169098151009153
4514,0.2576899040094442
4515,0.4206727996112034
4516,0.4276100350556692
4517,0.39089533101303603
4518,0.43876218028782626
4519,0.3674108048107072
4520,0.4248613635482137
4521,0.43778431507289084
4522,0.456119133198111
4523,0.40294850303679647
4524,0.4397585888674856
4525,0.3621512655547055
4526,0.43333813275349464
4527,0.43184424713282293
4528,0.4989558408159875
4529,0.37493632395548
4530,0.4011982334818865
4531,0.39286226064120355
4532,0.4176262533601863
4533,0.25921152554385984
4534,0.3982689065857692
4535,0.35880789634063615
4536,0.44085188288643196
4537,0.36887154353341145
4538,0.4804741999742224
4539,0.32609060885302565
4540,0.19593682337682689
4541,0.38114045912593814
4542,0.31877654770364927
4543,0.5421064270928175
4544,0.39253902805752744
4545,0.4459221514215776
4546,0.4548397525061155
4547,0.3299766972278619
4548,0.5398106889770697
4549,0.389136580111443
4550,0.4701912395613397
4551,0.44348751674235415
4552,0.3703737062024911
4553,0.39502423474675014
4554,0.4206727996112034
4555,0.3421484269725851
4556,0.45834046165516434
4557,0.42857963821490275
4558,0.3720222518957292
4559,0.3388712419590682
4560,0.3971957399073548
4561,0.23950243466348908
4562,0.3703065114776767
4563,0.46637239665592545
4564,0.38500843753314923
4565,0.4100571216112345
4566,0.2530645771706131
4567,0.2490313477031293
4568,0.42135321121176317
4569,0.4518634898483134
4570,0.3898957708264152
4571,0.444658253405921
4572,0.26166417128131636
4573,0.45354052819036544
4574,0.3853930195138363
4575,0.39800428951009603
4576,0.43778431507289084
4577,0.2755849278809858
4578,0.23871966512475576
4579,0.32622632635616805
4580,0.4436922462786305
4581,0.4023312051658821
4582,0.475659513231111
4583,0.43175683187088815
4584,0.35626097525617395
4585,0.40018134018108514
4586,0.4012572039430841
4587,0.39545390769004996
4588,0.3897404991893067
4589,0.22390903348700042
4590,0.4248613635482137
4591,0.43179909586339305
4592,0.39253902805752744
4593,0.47921209145596644
4594,0.36740727220799463
4595,0.31572585345559045
4596,0.376812470561367
4597,0.21406338968213542
4598,0.40294850303679647
4599,0.4643546644093625
4600,0.5290824957583157
4601,0.3805702314101846
4602,0.5380016236575407
4603,0.37018737158250076
4604,0.4378447310347757
4605,0.39064910388251084
4606,0.43730992610405134
4607,0.3621512655547055
4608,0.5561328954231883
4609,0.4126131875546796
4610,0.39502423474675014
4611,0.347992465691966
4612,0.43778431507289084
4613,0.4397304269715193
4614,0.3437152407229124
4615,0.4325522759030056
4616,0.32469916136610016
4617,0.3520281176263799
4618,0.4440352795625213
4619,0.3986135675260152
4620,0.34257411294736956
4621,0.37901355741728343
4622,0.36111309564250826
4623,0.2748957941716887
4624,0.4059482246532645
4625,0.39788984705466823
4626,0.4386153693818552
4627,0.3630251627689895
4628,0.389160464939319
4629,0.28148150828288754
4630,0.34964615412571437
4631,0.3935124986294779
4632,0.38218662059425423
4633,0.39502423474675014
4634,0.3986140303711836
4635,0.3530570760396131
4636,0.4230281822381233
4637,0.3583352829591048
4638,0.35248757425943733
4639,0.46492302921192347
4640,0.33353680485267223
4641,0.39112710165467823
4642,0.4993811257472453
4643,0.3528825569298604
4644,0.4106630567263753
4645,0.43543415055731755
4646,0.4273282760864509
4647,0.5267290455720627
4648,0.31898195480021685
4649,0.23447087101453418
4650,0.3971957399073548
4651,0.40018134018108514
4652,0.3758262530350175
4653,0.635060355153934
4654,0.41017545886961737
4655,0.35059702664294146
4656,0.347992465691966
4657,0.4180534302679638
4658,0.4756992125037218
4659,0.48411709631421196
4660,0.4259282792431739
4661,0.3898957708264152
4662,0.36097172287825874
4663,0.40294850303679647
4664,0.3898957708264152
4665,0.4258861591753532
4666,0.18623272877537672
4667,0.3570355510171681
4668,0.44183260512982464
4669,0.43135507964328995
4670,0.10616107148668331
4671,0.5168940068693599
4672,0.3898957708264152
4673,0.3604712147187962
4674,0.2984138394854554
4675,0.5238128470704535
4676,0.3652227563996643
4677,0.3349155070757714
4678,0.3421484269725851
4679,0.39286226064120355
4680,0.24068378763650533
4681,0.36004605838048076
4682,0.4479198018499361
4683,0.3410372316291573
4684,0.5849142214195744
4685,0.308639185705651
4686,0.4011982334818865
4687,0.38420943919275596
4688,0.3793899919188189
4689,0.47921209145596644
4690,0.5829651521380242
4691,0.3768341544493222
4692,0.347992465691966
4693,0.36004605838048076
4694,0.4386684796758968
4695,0.37798585575635785
4696,0.2975096577355574
4697,0.3093759532985585
4698,0.3888321189221731
4699,0.4076313513480098
4700,0.3257761270735958
4701,0.39682192853362847
4702,0.40154420176702366
4703,0.39253902805752744
4704,0.4241802937580997
4705,0.35217405254520084
4706,0.3005603984216607
4707,0.31153904431801105
4708,0.47169098151009153
4709,0.3412622127685235
4710,0.3921249559347577
4711,0.3871601194946617
4712,0.44325154545436973
4713,0.40018134018108514
4714,0.3392626434806358
4715,0.39286226064120355
4716,0.3495239062465728
4717,0.3931459953793765
4718,0.4632743804987231
4719,0.23079478732070668
4720,0.4012572039430841
4721,0.3299766972278619
4722,0.44676831470999334
4723,0.41861534462372224
4724,0.37116536595156724
4725,0.40419374626577836
4726,0.4000295214498094
4727,0.15495754770593365
4728,0.3820639324613566
4729,0.35059702664294146
4730,0.36946130112618586
4731,0.1254027676359672
4732,0.3686481460454228
4733,0.38809530332359876
4734,0.3869442525921633
4735,0.15614999393674958
4736,0.4432908266310254
4737,0.29364589108864975
4738,0.542948461446913
4739,0.43555124153013647
4740,0.33940920473281144
4741,0.44459351003753356
4742,0.35766163846789245
4743,0.23950243466348908
4744,0.3982689065857692
4745,0.3649048727542573
4746,0.3955125915053333
4747,0.4302826144122195
4748,0.49519056989623017
4749,0.43430267925572463
4750,0.5035461843113702
4751,0.39626124238697713
4752,0.4189069229831141
4753,0.47323353242716154
4754,0.267309214148252
4755,0.3898957708264152
4756,0.38641936029830404
4757,0.44085188288643196
4758,0.36555686614824207
4759,0.33290893036369
4760,0.2771298552296046
4761,0.347992465691966
4762,0.2429025192350728
4763,0.4602401734344238
4764,0.372227845408941
4765,0.3547018192442995
4766,0.4494108904819341
4767,0.369033428980406
4768,0.4437528340337864
4769,0.2932918560459803
4770,0.369033428980406
4771,0.4961875336441131
4772,0.47429621357856383
4773,0.34260212959523106
4774,0.4989558408159875
4775,0.39334428379228664
4776,0.4096872740516553
4777,0.35424276974425756
4778,0.41381227640406215
4779,0.34951555220153885
4780,0.3584427323279956
4781,0.35059702664294146
4782,0.4436922462786305
4783,0.4386153693818552
4784,0.4479198018499361
4785,0.4554102802465065
4786,0.5480962885916818
4787,0.31572585345559045
4788,0.38361132024714006
4789,0.38131046056386186
4790,0.4012572039430841
4791,0.39286226064120355
4792,0.3674108048107072
4793,0.29561588032909064
4794,0.4059482246532645
4795,0.3888321189221731
4796,0.4012572039430841
4797,0.5839228066823278
4798,0.2477213431939379
4799,0.3898957708264152
4800,0.4101046781528118
4801,0.49626581640988293
4802,0.3912997056862958
4803,0.2955458117038478
4804,0.3681922211462348
4805,0.38500843753314923
4806,0.4046791120525148
4807,0.23241032069769954
4808,0.3961211584685102
4809,0.5186163155551458
4810,0.4012572039430841
4811,0.44609023734044256
4812,0.3442156463611153
4813,0.37946590380188
4814,0.4573972342913224
4815,0.3649048727542573
4816,0.6248357949758869
4817,0.37637247864931195
4818,0.43237512984552245
4819,0.46901653593191467
4820,0.3263607504811589
4821,0.38420943919275596
4822,0.40294850303679647
4823,0.3971957399073548
4824,0.38420943919275596
4825,0.3689813644365485
4826,0.12792928924991112
4827,0.5215440925390893
4828,0.3738925390764556
4829,0.30449561759383903
4830,0.23516404193998583
4831,0.3898957708264152
4832,0.5662867683589962
4833,0.24793730948874593
4834,0.383286068035541
4835,0.3871601194946617
4836,0.37126729069903414
4837,0.47323353242716154
4838,0.5284261915321371
4839,0.4633354151449602
4840,0.3412622127685235
4841,0.3898957708264152
4842,0.4248613635482137
4843,0.4735734054085871
4844,0.530371272333262
4845,0.3759126886722482
4846,0.4012572039430841
4847,0.38816533729864905
4848,0.35465625908405296
4849,0.5099585086889218
4850,0.24152038524376604
4851,0.11845849402970474
4852,0.5874333578398727
4853,0.700619145383127
4854,0.41307315013260665
4855,0.36004605838048076
4856,0.15614999393674958
4857,0.4989558408159875
4858,0.34260212959523106
4859,0.4679304442200994
4860,0.3568872237495539
4861,0.29705031397955195
4862,0.4685886592725495
4863,0.4709711125702582
4864,0.15933437753712457
4865,0.3820639324613566
4866,0.3475359973754906
4867,0.39253902805752744
4868,0.46637239665592545
4869,0.2717574435768518
4870,0.5805726808667967
4871,0.4186567561458646
4872,0.41017545886961737
4873,0.39112710165467823
4874,0.39550589882314796
4875,0.4012572039430841
4876,0.49659077325033124
4877,0.39286226064120355
4878,0.6092789604456442
4879,0.44876896351655476
4880,0.47921209145596644
4881,0.38500843753314923
4882,0.15779802477952
4883,0.35363051697620285
4884,0.31400831410693136
4885,0.44068098947994183
4886,0.4156347709059458
4887,0.4183367983011051
4888,0.4401804249794129
4889,0.5750475655158025
4890,0.4025915896086515
4891,0.6168998042564118
4892,0.19741411992039953
4893,0.34964615412571437
4894,0.4615526207640283
4895,0.39286226064120355
4896,0.37901355741728343
4897,0.39682192853362847
4898,0.31453105487123767
4899,0.31265779055759985
4900,0.5321842354960186
4901,0.40160272497685606
4902,0.2285913076977763
4903,0.2267617056128695
4904,0.2285913076977763
4905,0.45356730501079967
4906,0.5529186925071381
4907,0.4386153693818552
4908,0.4406539340039806
4909,0.39502423474675014
4910,0.4185932859992119
4911,0.38616411266263473
4912,0.34964615412571437
4913,0.42392794378991877
4914,0.3492692364386724
4915,0.35663304069385254
4916,0.3299766972278619
4917,0.4126131875546796
4918,0.3621512655547055
4919,0.41497858813587996
4920,0.4180854006139062
4921,0.3842109644440746
4922,0.3898957708264152
4923,0.34964615412571437
4924,0.40057536997556553
4925,0.16100960423342717
4926,0.389136580111443
4927,0.38117359186790956
4928,0.3480277197900102
4929,0.26808896110763003
4930,0.37637788422455914
4931,0.4118084747905123
4932,0.39502423474675014
4933,0.4012572039430841
4934,0.2897818126857331
4935,0.45373991900484223
4936,0.3336474576738183
4937,0.31215257494088666
4938,0.18399307206027157
4939,0.3779246501071251
4940,0.4110530903197891
4941,0.3898957708264152
4942,0.6127285605411739
4943,0.33832892792706365
4944,0.39682192853362847
4945,0.42845107952463585
4946,0.2073994425397395
4947,0.35319432087545705
4948,0.4152701472694565
4949,0.3820639324613566
4950,0.40294850303679647
4951,0.425767586186782
4952,0.4989558408159875
4953,0.3385324387178831
4954,0.382488421025786
4955,0.3847416860367451
4956,0.4273282760864509
4957,0.39286226064120355
4958,0.37637788422455914
4959,0.3898957708264152
4960,0.35059702664294146
4961,0.47323353242716154
4962,0.37499060013497515
4963,0.3686481460454228
4964,0.43179909586339305
4965,0.3602068923672247
4966,0.4633354151449602
4967,0.347992465691966
4968,0.4038171818485548
4969,0.4275982988708038
4970,0.41117141114284095
4971,0.3898957708264152
4972,0.22554515729608396
4973,0.5200162984320116
4974,0.3710907580429106
4975,0.39502423474675014
4976,0.44061918815486173
4977,0.7722359194865855
4978,0.6010952209086876
4979,0.5226273587422235
4980,0.5048583867460812
4981,0.3621512655547055
4982,0.4034333860176862
4983,0.4176262533601863
4984,0.3723063675725678
4985,0.3442156463611153
4986,0.37835977069114973
4987,0.4549498798241606
4988,0.39502423474675014
4989,0.39822358647755285
4990,0.46637239665592545
4991,0.31215257494088666
4992,0.4189901932196009
4993,0.43778431507289084
4994,0.4701912395613397
4995,0.4401804249794129
4996,0.34912115685878153
4997,0.347992465691966
4998,0.3114854813294397
4999,0.43485716333826707
5000,0.44491405300855036
5001,0.2706402480207636
5002,0.4248613635482137
5003,0.40154420176702366
5004,0.3066104822467791
5005,0.47476377544318493
5006,0.3820639324613566
5007,0.43140359731483363
5008,0.23950243466348908
5009,0.40294850303679647
5010,0.4440352795625213
5011,0.521413762295948
5012,0.3986140303711836
5013,0.4206727996112034
5014,0.495903859597246
5015,0.4059482246532645
5016,0.43778431507289084
5017,0.3644978102920829
5018,0.3425166497406561
5019,0.4012572039430841
5020,0.3779246501071251
5021,0.49479912492383793
5022,0.4429361654596549
5023,0.3982689065857692
5024,0.40294850303679647
5025,0.4273282760864509
5026,0.37018737158250076
5027,0.37728782340991385
5028,0.397044304083024
5029,0.3793113614433892
5030,0.4481481241784744
5031,0.48203680220415973
5032,0.3602068923672247
5033,0.33353680485267223
5034,0.3954635268267962
5035,0.320760150613101
5036,0.1968035889871942
5037,0.15933437753712457
5038,0.3652999322637219
5039,0.37345391347783446
5040,0.39334428379228664
5041,0.3759126886722482
5042,0.4231438666444616
5043,0.4564361363080612
5044,0.36050703401079404
5045,0.3070872176696304
5046,0.3898957708264152
5047,0.3903764945116956
5048,0.3871601194946617
5049,0.3442156463611153
5050,0.5632353960085552
5051,0.4046791120525148
5052,0.23671363466798087
5053,0.481090509363662
5054,0.3984350690929026
5055,0.4048748427522167
5056,0.4056481435073532
5057,0.3329773162263548
5058,0.36097172287825874
5059,0.35766163846789245
5060,0.4176262533601863
5061,0.3220312521629021
5062,0.45354052819036544
5063,0.3220312521629021
5064,0.43549886132502674
5065,0.3894822317546139
5066,0.42657033501182273
5067,0.4233164949896791
5068,0.33188658864667125
5069,0.37126729069903414
5070,0.3686481460454228
5071,0.2813130553098698
5072,0.34179628238085014
5073,0.31215257494088666
5074,0.3898957708264152
5075,0.41059485815410696
5076,0.42080911135111443
5077,0.39502423474675014
5078,0.4059482246532645
5079,0.33832892792706365
5080,0.12343269640213968
5081,0.4096113659361126
5082,0.3412622127685235
5083,0.35641803576234066
5084,0.4059482246532645
5085,0.39502423474675014
5086,0.3984350690929026
5087,0.37763882643844426
5088,0.5042948512675894
5089,0.3257761270735958
5090,0.44068098947994183
5091,0.3854341570045788
5092,0.39682192853362847
5093,0.33353680485267223
5094,0.5315459776604056
5095,0.4836806707067247
5096,0.35569161603607946
5097,0.426359565779602
5098,0.20852765522298208
5099,0.36128647460320695
5100,0.41017545886961737
5101,0.33900008869535825
5102,0.4314121403703655
5103,0.44045649187587194
5104,0.31031280652266957
5105,0.4098252120249056
5106,0.5641048317326743
5107,0.5020254568492939
5108,0.40154420176702366
5109,0.4298692663270141
5110,0.3982689065857692
5111,0.45952757522098475
5112,0.3568872237495539
5113,0.3303285362291141
5114,0.530313993035148
5115,0.5252803293681662
5116,0.40438940167436116
5117,0.3986223759519813
5118,0.5071414076650639
5119,0.5001282312772741
5120,0.3808569160323149
5121,0.4206727996112034
5122,0.35766163846789245
5123,0.7263725785437739
5124,0.3898957708264152
5125,0.39800428951009603
5126,0.45356730501079967
5127,0.33832199326067414
5128,0.4845788002810148
5129,0.4414972401415856
5130,0.35658657599423116
5131,0.3871601194946617
5132,0.4100571216112345
5133,0.38190982738745227
5134,0.5663091542518723
5135,0.35766163846789245
5136,0.5178311289004472
5137,0.3275794676517909
5138,0.3971957399073548
5139,0.44007278642499836
5140,0.4102546114781435
5141,0.3554186409164952
5142,0.39132058624151544
5143,0.32616472905682514
5144,0.3375869610278425
5145,0.46637239665592545
5146,0.3921010059527912
5147,0.5604354127813448
5148,0.38420943919275596
5149,0.3986223759519813
5150,0.40018134018108514
5151,0.38143234307426677
5152,0.42441701528883347
5153,0.5487555960652681
5154,0.3402884607185033
5155,0.4180854006139062
5156,0.22582076314256627
5157,0.4275982988708038
5158,0.182951941486275
5159,0.4950271091096283
5160,0.5288678892605589
5161,0.5037383058794717
5162,0.43555124153013647
5163,0.38131046056386186
5164,0.2169624447518721
5165,0.34037152324496484
5166,0.3955125915053333
5167,0.4497170430136216
5168,0.4022048089224139
5169,0.5242242204042838
5170,0.3909299578754394
5171,0.33290893036369
5172,0.5728277077385718
5173,0.44876896351655476
5174,0.3437152407229124
5175,0.4011982334818865
5176,0.3779246501071251
5177,0.39416320996283205
5178,0.41056464024293376
5179,0.3719379556262419
5180,0.3652227563996643
5181,0.389136580111443
5182,0.39334428379228664
5183,0.4416973531610933
5184,0.5919028905392779
5185,0.5124517775067657
5186,0.39253902805752744
5187,0.3820639324613566
5188,0.34964615412571437
5189,0.40154420176702366
5190,0.44676831470999334
5191,0.39253902805752744
5192,0.34964615412571437
5193,0.4600518140667214
5194,0.4000295214498094
5195,0.24647044458250253
5196,0.4134442979265988
5197,0.3541817724282006
5198,0.3898957708264152
5199,0.4038962980464107
5200,0.47616610662558173
5201,0.39112710165467823
5202,0.3299766972278619
5203,0.42622952105818357
5204,0.3475889251133005
5205,0.3927298510822752
5206,0.5008826201276642
5207,0.21664156173252638
5208,0.4043819404970098
5209,0.4211055874080836
5210,0.3686481460454228
5211,0.46703149727764237
5212,0.3984350690929026
5213,0.5290824957583157
5214,0.36261687203861637
5215,0.3039333549689152
5216,0.39334428379228664
5217,0.3604712147187962
5218,0.3316582826662537
5219,0.3356917261433128
5220,0.36450740210013305
5221,0.39779593992785384
5222,0.4012572039430841
5223,0.42392794378991877
5224,0.40294850303679647
5225,0.3314265891612109
5226,0.6134009069943361
5227,0.32970791667682925
5228,0.37855609845129906
5229,0.5048583867460812
5230,0.3820639324613566
5231,0.39626124238697713
5232,0.2301960328860069
5233,0.37935251467928716
5234,0.34672010102509676
5235,0.3282302231197297
5236,0.375062304008106
5237,0.3903764945116956
5238,0.4552502820163325
5239,0.5215440925390893
5240,0.39098227020166243
5241,0.1504866088622663
5242,0.37637247864931195
5243,0.4549498798241606
5244,0.25368205524857557
5245,0.4436922462786305
5246,0.2763572269431474
5247,0.6063102433653519
5248,0.40419374626577836
5249,0.3299766972278619
5250,0.4386830414316559
5251,0.28076381313942655
5252,0.3820639324613566
5253,0.46173685862290975
5254,0.47616610662558173
5255,0.31576876424207484
5256,0.4950271091096283
5257,0.42441701528883347
5258,0.32469916136610016
5259,0.40294850303679647
5260,0.39112710165467823
5261,0.35466697226286964
5262,0.33791022639322177
5263,0.2985478119724027
5264,0.47616610662558173
5265,0.38143234307426677
5266,0.3913367434961884
5267,0.3908333484442645
5268,0.39502423474675014
5269,0.4544529628714065
5270,0.5280491357546977
5271,0.38816533729864905
5272,0.5318798899005167
5273,0.5288678892605589
5274,0.5824220050409213
5275,0.48792813534484686
5276,0.397044304083024
5277,0.4440352795625213
5278,0.41279355388616507
5279,0.4568425274836727
5280,0.3761176100160125
5281,0.4808230568274506
5282,0.33900008869535825
5283,0.44085188288643196
5284,0.2959713885697253
5285,0.5482787740009326
5286,0.4347818172887364
5287,0.4152110143523298
5288,0.27449076355598745
5289,0.4505300894436123
5290,0.31153904431801105
5291,0.4096113659361126
5292,0.37935251467928716
5293,0.40294850303679647
5294,0.24044396790319275
5295,0.42261793045453816
5296,0.3723063675725678
5297,0.2095814413827965
5298,0.38175842677768546
5299,0.3214075320843376
5300,0.4011009848712327
5301,0.444658253405921
5302,0.37126729069903414
5303,0.39502423474675014
5304,0.30764879960754393
5305,0.3921249559347577
5306,0.3001190079681024
5307,0.4273282760864509
5308,0.38240277703893377
5309,0.4679304442200994
5310,0.3703065114776767
5311,0.4505300894436123
5312,0.3476918728514209
5313,0.36004605838048076
5314,0.3454435593326424
5315,0.3971957399073548
5316,0.44455176787894063
5317,0.35766163846789245
5318,0.3945807928402009
5319,0.41017545886961737
5320,0.35766163846789245
5321,0.45685758643016866
5322,0.4131917481653119
5323,0.36952691015133826
5324,0.35766163846789245
5325,0.34964615412571437
5326,0.4386153693818552
5327,0.38345436173607755
5328,0.39286226064120355
5329,0.47055795698353925
5330,0.31368525733297864
5331,0.3421484269725851
5332,0.41081614778071207
5333,0.40294850303679647
5334,0.4011982334818865
5335,0.4241802937580997
5336,0.377864866418221
5337,0.2987297509544442
5338,0.36304632988693736
5339,0.39132058624151544
5340,0.6190429487927078
5341,0.41800516651978714
5342,0.34260212959523106
5343,0.4351624655983537
5344,0.43555124153013647
5345,0.4011982334818865
5346,0.4265023601078613
5347,0.47323353242716154
5348,0.38710341086809014
5349,0.4177085208442329
5350,0.4460347994724573
5351,0.4338518783767302
5352,0.4564361363080612
5353,0.37855609845129906
5354,0.34964615412571437
5355,0.3421484269725851
5356,0.3618442360316281
5357,0.39502423474675014
5358,0.1731307131585044
5359,0.2832137938908912
5360,0.3971957399073548
5361,0.39132058624151544
5362,0.4460347994724573
5363,0.3736491741173084
5364,0.23331519171390325
5365,0.3957981966417233
5366,0.4059482246532645
5367,0.444658253405921
5368,0.33188658864667125
5369,0.3459715417642137
5370,0.3345044517299342
5371,0.4318226847104805
5372,0.3737257578057454
5373,0.41057292370000953
5374,0.36740727220799463
5375,0.3932857123828975
5376,0.5414747069668919
5377,0.3867899120615866
5378,0.3070294810733458
5379,0.39253902805752744
5380,0.15933437753712457
5381,0.40481982734976735
5382,0.3348076867966916
5383,0.3842109644440746
5384,0.23884881888502013
5385,0.25368205524857557
5386,0.22522826821561232
5387,0.3437152407229124
5388,0.542948461446913
5389,0.39286226064120355
5390,0.43022425129900216
5391,0.3621512655547055
5392,0.4709711125702582
5393,0.3971957399073548
5394,0.2932123793747586
5395,0.37946590380188
5396,0.28670336403666236
5397,0.41163349038956737
5398,0.2778489589221512
5399,0.4152110143523298
5400,0.33395947628579553
5401,0.3652999322637219
5402,0.4709711125702582
5403,0.4126131875546796
5404,0.4106630567263753
5405,0.43543415055731755
5406,0.39253902805752744
5407,0.33353680485267223
5408,0.37018737158250076
5409,0.3723063675725678
5410,0.3971957399073548
5411,0.33856175390180565
5412,0.3621512655547055
5413,0.351330133298441
5414,0.36097172287825874
5415,0.3820639324613566
5416,0.4467276505993167
5417,0.37851337759111736
5418,0.3621512655547055
5419,0.37098856908618477
5420,0.3935404023304095
5421,0.36050703401079404
5422,0.38227089972018563
5423,0.39289779845711703
5424,0.37765853526005017
5425,0.3982689065857692
5426,0.4034333860176862
5427,0.40481982734976735
5428,0.4302826144122195
5429,0.36389478570463923
5430,0.37018737158250076
5431,0.40294850303679647
5432,0.3224363144609255
5433,0.34964615412571437
5434,0.3495462985895214
5435,0.23671363466798087
5436,0.3923272088661233
5437,0.37980301806799455
5438,0.34964615412571437
5439,0.1885130606857884
5440,0.39334428379228664
5441,0.34964615412571437
5442,0.3986140303711836
5443,0.26431622187704457
5444,0.3508545024606635
5445,0.3984350690929026
5446,0.39750367902668815
5447,0.3908333484442645
5448,0.3606921759869706
5449,0.34135619919796495
5450,0.4259282792431739
5451,0.3674108048107072
5452,0.3898957708264152
5453,0.4602401734344238
5454,0.34964615412571437
5455,0.5907557109330098
5456,0.38828875357036274
5457,0.34311064262145086
5458,0.36740727220799463
5459,0.47921209145596644
5460,0.35363051697620285
5461,0.4096113659361126
5462,0.40271657359394175
5463,0.3898957708264152
5464,0.4255341308464117
5465,0.39682192853362847
5466,0.28670336403666236
5467,0.39800428951009603
5468,0.4127764352327622
5469,0.42619772293682573
5470,0.17309776348639855
5471,0.41928663137858213
5472,0.3839205967321604
5473,0.46742067712042307
5474,0.46556558437273593
5475,0.3146908589159679
5476,0.4285812957614118
5477,0.28613986224613563
5478,0.27893405244590985
5479,0.44926333530773266
5480,0.40419374626577836
5481,0.5283927463436349
5482,0.4709711125702582
5483,0.397044304083024
5484,0.3678627910487266
5485,0.38299449949633413
5486,0.3898957708264152
5487,0.4180854006139062
5488,0.48792813534484686
5489,0.4233164949896791
5490,0.4401804249794129
5491,0.4482799365855329
5492,0.4989558408159875
5493,0.506401702671983
5494,0.45680806298698023
5495,0.35217405254520084
5496,0.2285913076977763
5497,0.1878538175086663
5498,0.3971957399073548
5499,0.3729955564216879
5500,0.4073850520289421
5501,0.3741789727402601
5502,0.23301086154387626
5503,0.3898957708264152
5504,0.39334428379228664
5505,0.4176262533601863
5506,0.3942835125216552
5507,0.47921209145596644
5508,0.3344495710348591
5509,0.45952757522098475
5510,0.37798585575635785
5511,0.34820994258350335
5512,0.4497170430136216
5513,0.3729955564216879
5514,0.38058999966399887
5515,0.4981403902104778
5516,0.2666476289456781
5517,0.4709711125702582
5518,0.22369247655325344
5519,0.34964615412571437
5520,0.5938935208665617
5521,0.3696436602654248
5522,0.3392626434806358
5523,0.43237512984552245
5524,0.4518634898483134
5525,0.5164033172724803
5526,0.3598044968643158
5527,0.3425166497406561
5528,0.22522826821561232
5529,0.4247238306845012
5530,0.3820639324613566
5531,0.38034658882486627
5532,0.4378447310347757
5533,0.3575117443926426
5534,0.47408999302461535
5535,0.5532754172608569
5536,0.35663304069385254
5537,0.42084790705332414
5538,0.43245093797422496
5539,0.3846389962308382
5540,0.4043819404970098
5541,0.3976783112554702
5542,0.48312544083484593
5543,0.3760615964500919
5544,0.4213966145029999
5545,0.49472243013377437
5546,0.2716188293537467
5547,0.347992465691966
5548,0.542948461446913
5549,0.4048748427522167
5550,0.44068098947994183
5551,0.38420943919275596
5552,0.15908386622793833
5553,0.3898957708264152
5554,0.18799718913306146
5555,0.3703065114776767
5556,0.347992465691966
5557,0.4886708839220622
5558,0.38420943919275596
5559,0.3399180146580133
5560,0.3604712147187962
5561,0.41121960030008764
5562,0.3314543938672408
5563,0.4329240798901926
5564,0.4059482246532645
5565,0.4565908478280786
5566,0.4436922462786305
5567,0.45354052819036544
5568,0.44876896351655476
5569,0.3602068923672247
5570,0.3898957708264152
5571,0.3367740679009242
5572,0.23950243466348908
5573,0.542948461446913
5574,0.397044304083024
5575,0.3875908990554529
5576,0.44068098947994183
5577,0.23008097672275074
5578,0.39286226064120355
5579,0.36097172287825874
5580,0.36050703401079404
5581,0.47323353242716154
5582,0.6395270504329204
5583,0.3475359973754906
5584,0.38500843753314923
5585,0.3898957708264152
5586,0.3214075320843376
5587,0.34672010102509676
5588,0.38520362560788374
5589,0.44200030413420754
5590,0.38594169708126275
5591,0.3299585037421357
5592,0.3524973331576692
5593,0.38425276966034666
5594,0.4604093260769234
5595,0.36555686614824207
5596,0.3699039200198028
5597,0.37493632395548
5598,0.39253902805752744
5599,0.4735734054085871
5600,0.26141860212465173
5601,0.40294850303679647
5602,0.3316582826662537
5603,0.3666657090358146
5604,0.4267736499563012
5605,0.15614999393674958
5606,0.4016520808606869
5607,0.39380236731123663
5608,0.444658253405921
5609,0.43140359731483363
5610,0.41274491877872865
5611,0.3779246501071251
5612,0.27843881711885043
5613,0.35766163846789245
5614,0.35424276974425756
5615,0.23447087101453418
5616,0.3481547678305806
5617,0.5529186925071381
5618,0.3204311856249242
5619,0.348171255739698
5620,0.3820639324613566
5621,0.44068098947994183
5622,0.3524973331576692
5623,0.4503082634774822
5624,0.4518634898483134
5625,0.34793528809749885
5626,0.48242629824398425
5627,0.4505300894436123
5628,0.3898957708264152
5629,0.6082318416782957
5630,0.4325522759030056
5631,0.3459715417642137
5632,0.38384682408659077
5633,0.42697215568102626
5634,0.4312731707679478
5635,0.35769686549400465
5636,0.3871601194946617
5637,0.41117141114284095
5638,0.39253902805752744
5639,0.4437528340337864
5640,0.3180979044665339
5641,0.31139649936427033
5642,0.506401702671983
5643,0.3622404580089554
5644,0.3652999322637219
5645,0.5196421405912184
5646,0.3986140303711836
5647,0.3982689065857692
5648,0.4191543519953708
5649,0.389136580111443
5650,0.3393773208487737
5651,0.45951414418122644
5652,0.38058999966399887
5653,0.4403767735542431
5654,0.4086730136586028
5655,0.4059482246532645
5656,0.3005603984216607
5657,0.5046978595302278
5658,0.42643407619141827
5659,0.47662059080607255
5660,0.4059482246532645
5661,0.4701912395613397
5662,0.31776497719942987
5663,0.3698198210719251
5664,0.22560776116021697
5665,0.43283342642569195
5666,0.40294850303679647
5667,0.2509134598673284
5668,0.3499806054845158
5669,0.39253902805752744
5670,0.38261116106938076
5671,0.4059482246532645
5672,0.3549643431836232
5673,0.36161793211041404
5674,0.40294850303679647
5675,0.40544072328871505
5676,0.5289507168712696
5677,0.347992465691966
5678,0.4748266792243787
5679,0.37539401930234223
5680,0.39286226064120355
5681,0.36952691015133826
5682,0.19593682337682689
5683,0.39112710165467823
5684,0.3299766972278619
5685,0.3426086404805044
5686,0.2955323432635626
5687,0.5158875254436621
5688,0.44479874104053724
5689,0.3903764945116956
5690,0.43778431507289084
5691,0.5380016236575407
5692,0.62703160103206
5693,0.2727267116089903
5694,0.4370432794435764
5695,0.40154420176702366
5696,0.37765853526005017
5697,0.4301240919577516
5698,0.35363051697620285
5699,0.17309776348639855
5700,0.4296157758030722
5701,0.32580933221666836
5702,0.4191543519953708
5703,0.3723063675725678
5704,0.37495597670890746
5705,0.34257411294736956
5706,0.3971957399073548
5707,0.41225495187954714
5708,0.35217405254520084
5709,0.3412622127685235
5710,0.27080153156251774
5711,0.4267711376680656
5712,0.35465625908405296
5713,0.3971957399073548
5714,0.46601887471334774
5715,0.5841400803483631
5716,0.3842109644440746
5717,0.42891854779279415
5718,0.31979666544032165
5719,0.4682909508011277
5720,0.3723063675725678
5721,0.40294850303679647
5722,0.30873235058959647
5723,0.39545390769004996
5724,0.32407600181400376
5725,0.4552502820163325
5726,0.2800403818557119
5727,0.3442156463611153
5728,0.35766163846789245
5729,0.47921209145596644
5730,0.39253902805752744
5731,0.3438414877044201
5732,0.34964615412571437
5733,0.3437152407229124
5734,0.47614605259785214
5735,0.34951555220153885
5736,0.3621512655547055
5737,0.3530570760396131
5738,0.3579773459521943
5739,0.38175842677768546
5740,0.3657543490138647
5741,0.19498974626466398
5742,0.3699334913089491
5743,0.30112848809993414
5744,0.3875202527277247
5745,0.38240277703893377
5746,0.38816533729864905
5747,0.4016160986435143
5748,0.3820639324613566
5749,0.5284261915321371
5750,0.45280088304818217
5751,0.4859401070439368
5752,0.39253902805752744
5753,0.5321842354960186
5754,0.3005603984216607
5755,0.3942909107188307
5756,0.3820639324613566
5757,0.3986140303711836
5758,0.43778431507289084
5759,0.35792710524253984
5760,0.40438940167436116
5761,0.3898957708264152
5762,0.4507513040844238
5763,0.4176262533601863
5764,0.3596422979056107
5765,0.3649048727542573
5766,0.37763882643844426
5767,0.3729955564216879
5768,0.3982689065857692
5769,0.3953571321507209
5770,0.3709749247624974
5771,0.3898957708264152
5772,0.23172461991902682
5773,0.4430643853316985
5774,0.40294850303679647
5775,0.389160464939319
5776,0.3903764945116956
5777,0.40154420176702366
5778,0.41017545886961737
5779,0.3903764945116956
5780,0.3737889039826864
5781,0.22875387587894006
5782,0.3867899120615866
5783,0.3071394504067681
5784,0.5176854790036376
5785,0.40294850303679647
5786,0.15933437753712457
5787,0.35766163846789245
5788,0.2813130553098698
5789,0.40681646081577477
5790,0.45866782623464836
5791,0.41172743474291107
5792,0.5559951864099294
5793,0.4176262533601863
5794,0.366804098297927
5795,0.3570355510171681
5796,0.4094381014971157
5797,0.1935687352731558
5798,0.23079478732070668
5799,0.4318226847104805
5800,0.33410271730695407
5801,0.4701912395613397
5802,0.4329240798901926
5803,0.5616902797426618
5804,0.5482787740009326
5805,0.42845107952463585
5806,0.3854341570045788
5807,0.40400221733570374
5808,0.40154420176702366
5809,0.546338637698063
5810,0.36052823452113203
5811,0.4094381014971157
5812,0.43778431507289084
5813,0.38420943919275596
5814,0.4128387508327712
5815,0.3867899120615866
5816,0.39502423474675014
5817,0.36740727220799463
5818,0.4091708583222363
5819,0.34964615412571437
5820,0.3829611885244409
5821,0.3908333484442645
5822,0.260851787310129
5823,0.5020943801495262
5824,0.22654226801770824
5825,0.36952691015133826
5826,0.5484616448421186
5827,0.3257761270735958
5828,0.17282125074144236
5829,0.2429025192350728
5830,0.35766163846789245
5831,0.5423358668643198
5832,0.41081614778071207
5833,0.34964615412571437
5834,0.47323353242716154
5835,0.3808569160323149
5836,0.38420943919275596
5837,0.26697787508505166
5838,0.46637239665592545
5839,0.4505300894436123
5840,0.33722429711422086
5841,0.34964615412571437
5842,0.39286226064120355
5843,0.33188658864667125
5844,0.4733083200232694
5845,0.382488421025786
5846,0.46400480658171794
5847,0.4118084747905123
5848,0.3730956100743541
5849,0.23524395137619628
5850,0.16100960423342717
5851,0.32791091570190156
5852,0.3621512655547055
5853,0.427252492128878
5854,0.25334561240945014
5855,0.4602401734344238
5856,0.3992242177823629
5857,0.41497858813587996
5858,0.3412622127685235
5859,0.3982689065857692
5860,0.3898957708264152
5861,0.3761176100160125
5862,0.41747634211129914
5863,0.389136580111443
5864,0.33353680485267223
5865,0.3898957708264152
5866,0.4482799365855329
5867,0.5321842354960186
5868,0.5398106889770697
5869,0.5692803584768933
5870,0.3924900927476135
5871,0.3342341517912531
5872,0.45951414418122644
5873,0.22458548883720458
5874,0.5032885685832358
5875,0.43778431507289084
5876,0.33900008869535825
5877,0.5349111873401111
5878,0.34672010102509676
5879,0.5816470305684524
5880,0.320760150613101
5881,0.4709711125702582
5882,0.389136580111443
5883,0.3076537869449709
5884,0.35059702664294146
5885,0.389160464939319
5886,0.348171255739698
5887,0.635060355153934
5888,0.36389478570463923
5889,0.4440352795625213
5890,0.4355391747635306
5891,0.4040191533147455
5892,0.40294850303679647
5893,0.2975096577355574
5894,0.4059482246532645
5895,0.38299449949633413
5896,0.4059482246532645
5897,0.23447087101453418
5898,0.4648328461854191
5899,0.3808569160323149
5900,0.4508410446206701
5901,0.45173242244025086
5902,0.30517757428796005
5903,0.4011982334818865
5904,0.1993118608910064
5905,0.3657543490138647
5906,0.4068625373732939
5907,0.36097172287825874
5908,0.40294850303679647
5909,0.31861652415797553
5910,0.34964615412571437
5911,0.20348697181269557
5912,0.4032837413291449
5913,0.34472418853348386
5914,0.38420943919275596
5915,0.23950243466348908
5916,0.40964101464551933
5917,0.5466782925292717
5918,0.5321842354960186
5919,0.46637239665592545
5920,0.22239782625349475
5921,0.5022526336630035
5922,0.1681783872647313
5923,0.38500843753314923
5924,0.4366543039137227
5925,0.38420943919275596
5926,0.3412622127685235
5927,0.257197395409983
5928,0.3957981966417233
5929,0.2755849278809858
5930,0.39132058624151544
5931,0.3442156463611153
5932,0.34964615412571437
5933,0.37018737158250076
5934,0.5048583867460812
5935,0.4189901932196009
5936,0.48444196788119337
5937,0.4709711125702582
5938,0.39502423474675014
5939,0.33900008869535825
5940,0.41059485815410696
5941,0.4298692663270141
5942,0.44676831470999334
5943,0.5496302972668227
5944,0.397044304083024
5945,0.4764585287115088
5946,0.4517534904129763
5947,0.33856175390180565
5948,0.397044304083024
5949,0.39800428951009603
5950,0.3921249559347577
5951,0.3982689065857692
5952,0.2521694252982651
5953,0.3652999322637219
5954,0.44060858588460616
5955,0.23447087101453418
5956,0.3898957708264152
5957,0.389136580111443
5958,0.5482787740009326
5959,0.6243072251952181
5960,0.3600160381484499
5961,0.495903859597246
5962,0.542948461446913
5963,0.38975571558142297
5964,0.5480962885916818
5965,0.4178877679324389
5966,0.5002712635480374
5967,0.15495754770593365
5968,0.7188942770931229
5969,0.3146908589159679
5970,0.553552272824311
5971,0.3479798414642145
5972,0.36004605838048076
5973,0.4058330378805981
5974,0.46208260248318556
5975,0.3604712147187962
5976,0.3779246501071251
5977,0.23528918961103018
5978,0.48981817912995956
5979,0.5744070402050977
5980,0.3982689065857692
5981,0.4265023601078613
5982,0.34964615412571437
5983,0.498866359697807
5984,0.45659473388460314
5985,0.40154420176702366
5986,0.38420943919275596
5987,0.3618579035467412
5988,0.22390903348700042
5989,0.3299766972278619
5990,0.5032885685832358
5991,0.4048748427522167
5992,0.389160464939319
5993,0.40294850303679647
5994,0.43778431507289084
5995,0.4189069229831141
5996,0.37345391347783446
5997,0.4933432033779735
5998,0.41800516651978714
5999,0.4247180524750398
6000,0.40018134018108514
6001,0.3254804719455435
6002,0.3982689065857692
6003,0.3621512655547055
6004,0.2621622145065198
6005,0.460522084032048
6006,0.3231581617606821
6007,0.3316582826662537
6008,0.3867899120615866
6009,0.3041939789103887
6010,0.43022425129900216
6011,0.38034658882486627
6012,0.5159377964954277
6013,0.35363051697620285
6014,0.4337513300079045
6015,0.4549498798241606
6016,0.21531238167350802
6017,0.4953187370008042
6018,0.4989558408159875
6019,0.36952691015133826
6020,0.38816533729864905
6021,0.6921878106234882
6022,0.4709711125702582
6023,0.5246336278701751
6024,0.5686179378446016
6025,0.3820639324613566
6026,0.389136580111443
6027,0.44706763376461583
6028,0.5020943801495262
6029,0.3412622127685235
6030,0.40294850303679647
6031,0.20322125375034947
6032,0.43555124153013647
6033,0.4549498798241606
6034,0.45818051049879194
6035,0.20882517095205858
6036,0.3299766972278619
6037,0.32728644093385423
6038,0.5438679084896201
6039,0.444658253405921
6040,0.35766163846789245
6041,0.4709711125702582
6042,0.40057536997556553
6043,0.41017545886961737
6044,0.33353680485267223
6045,0.40294850303679647
6046,0.372041842819062
6047,0.4106630567263753
6048,0.3480277197900102
6049,0.3730956100743541
6050,0.3649048727542573
6051,0.3955125915053333
6052,0.33147415783098094
6053,0.6007393994432577
6054,0.38710341086809014
6055,0.4176262533601863
6056,0.40294850303679647
6057,0.34964615412571437
6058,0.3971957399073548
6059,0.5559951864099294
6060,0.47282016596943016
6061,0.4059482246532645
6062,0.4059482246532645
6063,0.3282302231197297
6064,0.22458548883720458
6065,0.5686179378446016
6066,0.3421484269725851
6067,0.35512998912754945
6068,0.3356917261433128
6069,0.33900008869535825
6070,0.44876896351655476
6071,0.4859401070439368
6072,0.3684500083953646
6073,0.33188658864667125
6074,0.39286226064120355
6075,0.4206727996112034
6076,0.38485757444762875
6077,0.45173242244025086
6078,0.46235934590300426
6079,0.5290824957583157
6080,0.43778431507289084
6081,0.3710975246707718
6082,0.43555124153013647
6083,0.42842348900230953
6084,0.4625476665461143
6085,0.35402450818606473
6086,0.33188658864667125
6087,0.3932857123828975
6088,0.4255341308464117
6089,0.3846389962308382
6090,0.7785168376976145
6091,0.39502423474675014
6092,0.39800428951009603
6093,0.3797314842830138
6094,0.38034658882486627
6095,0.2816930261820277
6096,0.3686469454129349
6097,0.3684500083953646
6098,0.4764585287115088
6099,0.3982689065857692
6100,0.23093861886336073
6101,0.3853930195138363
6102,0.27547880130763946
6103,0.3480481275243851
6104,0.43666603569794504
6105,0.44068098947994183
6106,0.1968035889871942
6107,0.4011982334818865
6108,0.47921209145596644
6109,0.20068163294561878
6110,0.6092789604456442
6111,0.37763882643844426
6112,0.10326190410845337
6113,0.4047768606798561
6114,0.40267160885150993
6115,0.3903764945116956
6116,0.3908333484442645
6117,0.3652999322637219
6118,0.36450740210013305
6119,0.4206727996112034
6120,0.35766163846789245
6121,0.4022048089224139
6122,0.3316582826662537
6123,0.4156347709059458
6124,0.5158875254436621
6125,0.3971957399073548
6126,0.33395947628579553
6127,0.36004605838048076
6128,0.23447087101453418
6129,0.3765851694589441
6130,0.3025432550101818
6131,0.4508410446206701
6132,0.334389503225662
6133,0.5019002801815992
6134,0.29279362671909037
6135,0.3252436748070822
6136,0.3779246501071251
6137,0.2524079654042049
6138,0.2958804071778902
6139,0.34964615412571437
6140,0.4347818172887364
6141,0.39380236731123663
6142,0.4437528340337864
6143,0.39545390769004996
6144,0.40419374626577836
6145,0.3921010059527912
6146,0.38420943919275596
6147,0.4058330378805981
6148,0.38420943919275596
6149,0.4266068578838049
6150,0.3820639324613566
6151,0.37024806996742976
6152,0.3729955564216879
6153,0.4639682410712352
6154,0.4666327523906187
6155,0.209482914603513
6156,0.3392626434806358
6157,0.35658657599423116
6158,0.3808569160323149
6159,0.35037678508020875
6160,0.3759126886722482
6161,0.47323353242716154
6162,0.43913993030503407
6163,0.38820955538572155
6164,0.15614999393674958
6165,0.4850855649446969
6166,0.3604712147187962
6167,0.495903859597246
6168,0.4059482246532645
6169,0.3908333484442645
6170,0.43555124153013647
6171,0.43267015504232126
6172,0.49428843730600286
6173,0.1938614420780832
6174,0.44002776117034004
6175,0.3986135675260152
6176,0.42111832728613857
6177,0.35363051697620285
6178,0.348171255739698
6179,0.40294850303679647
6180,0.22212000685313135
6181,0.40172580026419574
6182,0.34644408587246506
6183,0.5541951363995411
6184,0.4152701472694565
6185,0.3808569160323149
6186,0.3898957708264152
6187,0.5839228066823278
6188,0.33622513807638454
6189,0.3252436748070822
6190,0.4709711125702582
6191,0.5892744508701111
6192,0.3986135675260152
6193,0.397044304083024
6194,0.5018698090516464
6195,0.389160464939319
6196,0.40294850303679647
6197,0.48634222231733854
6198,0.4782725681565851
6199,0.3492692364386724
6200,0.20038164966924923
6201,0.3898957708264152
6202,0.35424276974425756
6203,0.3785291575595236
6204,0.45383638715410146
6205,0.4135817846915907
6206,0.3316582826662537
6207,0.3971957399073548
6208,0.3971957399073548
6209,0.36261687203861637
6210,0.5272681897469579
6211,0.3898957708264152
6212,0.407392530716761
6213,0.4206582570223241
6214,0.37946590380188
6215,0.3924900927476135
6216,0.3960501539588831
6217,0.38194908460470595
6218,0.4218388076106773
6219,0.2429345772428415
6220,0.26023549088423287
6221,0.2301960328860069
6222,0.38384682408659077
6223,0.3152593348005456
6224,0.4141359872536921
6225,0.5550529997889866
6226,0.33188658864667125
6227,0.40964101464551933
6228,0.5460236973495421
6229,0.40018134018108514
6230,0.38034658882486627
6231,0.39380236731123663
6232,0.3808569160323149
6233,0.4749873924643098
6234,0.4564361363080612
6235,0.4605088757574249
6236,0.47760701389249194
6237,0.39697790208572686
6238,0.500106952933289
6239,0.40018134018108514
6240,0.4372164054474783
6241,0.2879928978864983
6242,0.3982689065857692
6243,0.3114854813294397
6244,0.4274328254013311
6245,0.35824648088799904
6246,0.1953230400577838
6247,0.3842109644440746
6248,0.32469916136610016
6249,0.530371272333262
6250,0.5839228066823278
6251,0.3839941866366716
6252,0.4169578130952925
6253,0.3871601194946617
6254,0.389136580111443
6255,0.37018737158250076
6256,0.35594000444350465
6257,0.3621512655547055
6258,0.44761010643125837
6259,0.42046379196654493
6260,0.47031954535216147
6261,0.5464144033179127
6262,0.38816533729864905
6263,0.5290824957583157
6264,0.4529484910244296
6265,0.39112710165467823
6266,0.5053914518826267
6267,0.2278630242383809
6268,0.38315155780180543
6269,0.44068098947994183
6270,0.3673948075998982
6271,0.43237512984552245
6272,0.42955127401420645
6273,0.13309198175177428
6274,0.40294850303679647
6275,0.3842109644440746
6276,0.4330507262770134
6277,0.4773929367724073
6278,0.3898957708264152
6279,0.2755273466329549
6280,0.39132058624151544
6281,0.4059482246532645
6282,0.23447087101453418
6283,0.4076616772186097
6284,0.166206092779577
6285,0.5181528741161148
6286,0.3982689065857692
6287,0.43778431507289084
6288,0.3898957708264152
6289,0.39334428379228664
6290,0.283837747415031
6291,0.3592517551772453
6292,0.3921249559347577
6293,0.20882491026384636
6294,0.41577969642796725
6295,0.40294850303679647
6296,0.4749873924643098
6297,0.3676006530144801
6298,0.3585609231868728
6299,0.4380472216578732
6300,0.5026407780002813
6301,0.39064910388251084
6302,0.425211171985763
6303,0.39380236731123663
6304,0.3986140303711836
6305,0.3299766972278619
6306,0.5559951864099294
6307,0.3752213353775302
6308,0.31215257494088666
6309,0.37765853526005017
6310,0.420716925429809
6311,0.43285648113461234
6312,0.2900245883408143
6313,0.3971957399073548
6314,0.3986140303711836
6315,0.4287912916400518
6316,0.39253902805752744
6317,0.39112710165467823
6318,0.5004098705168588
6319,0.4034333860176862
6320,0.33023711248524135
6321,0.4059482246532645
6322,0.2074348140764869
6323,0.3824082161145545
6324,0.4632743804987231
6325,0.2304172443062646
6326,0.4759254133169266
6327,0.23950243466348908
6328,0.5687243317562446
6329,0.348171255739698
6330,0.3869442525921633
6331,0.34964615412571437
6332,0.3686481460454228
6333,0.3767877059385697
6334,0.3888321189221731
6335,0.5298239254097633
6336,0.3549928259791038
6337,0.44876896351655476
6338,0.46637239665592545
6339,0.4096113659361126
6340,0.4008081969788624
6341,0.5290824957583157
6342,0.4217196420582304
6343,0.38641936029830404
6344,0.32163029019798794
6345,0.4039197505080684
6346,0.3765851694589441
6347,0.4034333860176862
6348,0.3984350690929026
6349,0.32970791667682925
6350,0.35766163846789245
6351,0.3686481460454228
6352,0.5005636562431386
6353,0.494346714948374
6354,0.33465381371260683
6355,0.6789834303455552
6356,0.3982689065857692
6357,0.40419374626577836
6358,0.36471032865263875
6359,0.3954635268267962
6360,0.39334428379228664
6361,0.43111389421120394
6362,0.3805702314101846
6363,0.3986140303711836
6364,0.39626124238697713
6365,0.35889787422985
6366,0.38218757920115703
6367,0.42111832728613857
6368,0.3257761270735958
6369,0.41361314114089154
6370,0.38309807606205964
6371,0.32609060885302565
6372,0.43555124153013647
6373,0.3703065114776767
6374,0.39502423474675014
6375,0.46637239665592545
6376,0.38816533729864905
6377,0.351589250604351
6378,0.430524340036817
6379,0.47323353242716154
6380,0.6033610205684695
6381,0.21531238167350802
6382,0.37901355741728343
6383,0.42697215568102626
6384,0.5790113136145664
6385,0.34964615412571437
6386,0.3619503999159962
6387,0.4461980001127455
6388,0.22898910534792302
6389,0.45356730501079967
6390,0.37018737158250076
6391,0.4012572039430841
6392,0.3971957399073548
6393,0.18623272877537672
6394,0.42441701528883347
6395,0.35766163846789245
6396,0.351330133298441
6397,0.5150428785679546
6398,0.276302294444156
6399,0.37699712968926113
6400,0.4386153693818552
6401,0.26141011075060083
6402,0.47342164865901804
6403,0.3982689065857692
6404,0.40294850303679647
6405,0.389160464939319
6406,0.20839983536805562
6407,0.49019653439867694
6408,0.5037448822893169
6409,0.4493127511995995
6410,0.40294850303679647
6411,0.36471032865263875
6412,0.39286226064120355
6413,0.4646111012443751
6414,0.37345391347783446
6415,0.3903764945116956
6416,0.4386153693818552
6417,0.3342396644426912
6418,0.3299766972278619
6419,0.38058999966399887
6420,0.39112710165467823
6421,0.303548307638748
6422,0.3820639324613566
6423,0.44085188288643196
6424,0.2998645483002198
6425,0.39334428379228664
6426,0.4270580484993942
6427,0.4632743804987231
6428,0.4452738170218423
6429,0.3737257578057454
6430,0.3442156463611153
6431,0.18399307206027157
6432,0.3358946664188476
6433,0.4890515862867687
6434,0.4632743804987231
6435,0.40294850303679647
6436,0.40438940167436116
6437,0.5158875254436621
6438,0.5634244923437035
6439,0.35663304069385254
6440,0.35499991902124284
6441,0.12706531240623586
6442,0.39112710165467823
6443,0.3657543490138647
6444,0.40419374626577836
6445,0.4987013428417809
6446,0.4012572039430841
6447,0.38420943919275596
6448,0.3982689065857692
6449,0.40018134018108514
6450,0.3856539334521849
6451,0.3898957708264152
6452,0.3820639324613566
6453,0.48769395124090453
6454,0.3604712147187962
6455,0.369033428980406
6456,0.23447087101453418
6457,0.46293843208296054
6458,0.3875908990554529
6459,0.4012572039430841
6460,0.5107195992050079
6461,0.3269492905316571
6462,0.5812612664426378
6463,0.16100960423342717
6464,0.18584260054533167
6465,0.23864994213260024
6466,0.46637239665592545
6467,0.5438256215081563
6468,0.3898957708264152
6469,0.3652999322637219
6470,0.39132058624151544
6471,0.43778431507289084
6472,0.3820639324613566
6473,0.40419374626577836
6474,0.44068098947994183
6475,0.433603107118357
6476,0.4126131875546796
6477,0.526550107290687
6478,0.39380236731123663
6479,0.6134009069943361
6480,0.35363051697620285
6481,0.506401702671983
6482,0.38500843753314923
6483,0.4554948197962586
6484,0.22554515729608396
6485,0.5849142214195744
6486,0.4176262533601863
6487,0.4133175606303946
6488,0.1576245118584451
6489,0.3736491741173084
6490,0.4298692663270141
6491,0.4430290749104772
6492,0.40018134018108514
6493,0.7813134389501561
6494,0.3898957708264152
6495,0.3856192698874282
6496,0.4152701472694565
6497,0.38106039216201504
6498,0.35641803576234066
6499,0.39800428951009603
6500,0.44797911491538667
6501,0.34260212959523106
6502,0.37018737158250076
6503,0.2809477977503539
6504,0.4641861320723142
6505,0.4012572039430841
6506,0.38710341086809014
6507,0.3336474576738183
6508,0.3998147229985268
6509,0.3871601194946617
6510,0.4012572039430841
6511,0.38420943919275596
6512,0.39779593992785384
6513,0.4094824469709521
6514,0.47018894920566284
6515,0.43247998143174493
6516,0.23285465562573504
6517,0.5923305452218356
6518,0.30991699528348243
6519,0.3695962376828982
6520,0.3604712147187962
6521,0.4399900247784753
6522,0.5281153382263682
6523,0.40294850303679647
6524,0.4981403902104778
6525,0.5480962885916818
6526,0.2856871328465789
6527,0.4549498798241606
6528,0.4347818172887364
6529,0.49010522466583195
6530,0.3820639324613566
6531,0.30517757428796005
6532,0.35499991902124284
6533,0.41094131312357746
6534,0.3898957708264152
6535,0.44068098947994183
6536,0.37637247864931195
6537,0.19764792819688232
6538,0.40294850303679647
6539,0.3994289455568633
6540,0.5623388547102036
6541,0.38401449754160716
6542,0.35409125001150943
6543,0.5242242204042838
6544,0.26119946973775
6545,0.4260179102363722
6546,0.47323353242716154
6547,0.5127751497251658
6548,0.6262488916875038
6549,0.4709711125702582
6550,0.425211171985763
6551,0.348171255739698
6552,0.3898957708264152
6553,0.4709711125702582
6554,0.4479198018499361
6555,0.3652999322637219
6556,0.39545390769004996
6557,0.4859401070439368
6558,0.39253902805752744
6559,0.32053363415697045
6560,0.4440352795625213
6561,0.444658253405921
6562,0.3125916317807259
6563,0.36128647460320695
6564,0.3779246501071251
6565,0.43778431507289084
6566,0.39286226064120355
6567,0.46124433257094816
6568,0.4206582570223241
6569,0.40154420176702366
6570,0.3982689065857692
6571,0.4018687336971745
6572,0.4318226847104805
6573,0.3257761270735958
6574,0.4989558408159875
6575,0.38175842677768546
6576,0.4347818172887364
6577,0.6036111783616701
6578,0.36534392771515173
6579,0.34951555220153885
6580,0.28353351332776555
6581,0.40294850303679647
6582,0.36050703401079404
6583,0.22554515729608396
6584,0.3549643431836232
6585,0.33832892792706365
6586,0.3621512655547055
6587,0.3898957708264152
6588,0.4602401734344238
6589,0.36004605838048076
6590,0.4633354151449602
6591,0.3827408911286052
6592,0.39502423474675014
6593,0.37765853526005017
6594,0.4106833693178804
6595,0.37283085763554263
6596,0.22467572409392747
6597,0.41587848099879704
6598,0.4367913586167562
6599,0.36722980427942115
6600,0.3912577349594417
6601,0.32731651851099974
6602,0.35889787422985
6603,0.28613488866144327
6604,0.4265023601078613
6605,0.43485716333826707
6606,0.38657043111316214
6607,0.3367740679009242
6608,0.3957981966417233
6609,0.4363679546155223
6610,0.4259282792431739
6611,0.3723063675725678
6612,0.44348751674235415
6613,0.41497858813587996
6614,0.45599864021308234
6615,0.3352571671011739
6616,0.40294850303679647
6617,0.39502423474675014
6618,0.28823533695266557
6619,0.23008097672275074
6620,0.20035596583248755
6621,0.23516404193998583
6622,0.39502423474675014
6623,0.5398106889770697
6624,0.44378524008250064
6625,0.6449275807115744
6626,0.4679304442200994
6627,0.4632743804987231
6628,0.34964615412571437
6629,0.4441427645169382
6630,0.39286226064120355
6631,0.39545390769004996
6632,0.3982689065857692
6633,0.4176262533601863
6634,0.4497170430136216
6635,0.35936832946048725
6636,0.4202232945940674
6637,0.4505300894436123
6638,0.34964615412571437
6639,0.40294850303679647
6640,0.6462194777389954
6641,0.3932857123828975
6642,0.3231476032274485
6643,0.3898957708264152
6644,0.43555124153013647
6645,0.3252436748070822
6646,0.41225495187954714
6647,0.47921209145596644
6648,0.38816533729864905
6649,0.4347818172887364
6650,0.4602401734344238
6651,0.27453620311174
6652,0.43116224274577625
6653,0.4989558408159875
6654,0.3358946664188476
6655,0.39794880414215494
6656,0.397044304083024
6657,0.3821412804804553
6658,0.3982689065857692
6659,0.3526059849231398
6660,0.4547577965865081
6661,0.43247998143174493
6662,0.2624814868055058
6663,0.24447318858810688
6664,0.42845107952463585
6665,0.1866153240336228
6666,0.3759126886722482
6667,0.4347818172887364
6668,0.39286226064120355
6669,0.498866359697807
6670,0.3942246681302422
6671,0.3604712147187962
6672,0.40018134018108514
6673,0.4206727996112034
6674,0.12894548210539364
6675,0.4058330378805981
6676,0.3789307131104694
6677,0.39502423474675014
6678,0.4206727996112034
6679,0.2570835558713545
6680,0.40154420176702366
6681,0.4632743804987231
6682,0.3790510216216919
6683,0.4436922462786305
6684,0.3820639324613566
6685,0.4206727996112034
6686,0.39112710165467823
6687,0.4553462404238823
6688,0.3897478669928534
6689,0.33832892792706365
6690,0.35217405254520084
6691,0.3898957708264152
6692,0.3898957708264152
6693,0.45356730501079967
6694,0.43778431507289084
6695,0.3433947985658482
6696,0.3513118199109845
6697,0.3609358834747844
6698,0.4018687336971745
6699,0.45005941281895845
6700,0.45834046165516434
6701,0.3125916317807259
6702,0.3867899120615866
6703,0.4064342600752195
6704,0.3875908990554529
6705,0.3820639324613566
6706,0.45086703069915074
6707,0.44508739673864145
6708,0.4059482246532645
6709,0.4386153693818552
6710,0.43778431507289084
6711,0.39800428951009603
6712,0.3741789727402601
6713,0.39674342562561726
6714,0.40294850303679647
6715,0.36004605838048076
6716,0.3492692364386724
6717,0.4501481678172935
6718,0.4981403902104778
6719,0.4518634898483134
6720,0.38420943919275596
6721,0.40948155887957366
6722,0.39502423474675014
6723,0.39502423474675014
6724,0.4176262533601863
6725,0.36050703401079404
6726,0.2285913076977763
6727,0.3421484269725851
6728,0.35059702664294146
6729,0.3982689065857692
6730,0.4802058287646663
6731,0.35752249604147823
6732,0.3358946664188476
6733,0.3971957399073548
6734,0.3689813644365485
6735,0.4178877679324389
6736,0.3898957708264152
6737,0.42955127401420645
6738,0.3898957708264152
6739,0.39334428379228664
6740,0.43252036165954355
6741,0.45599864021308234
6742,0.28000251448050656
6743,0.38240277703893377
6744,0.3621512655547055
6745,0.43943467175908396
6746,0.3412622127685235
6747,0.283837747415031
6748,0.15614999393674958
6749,0.2773323160945234
6750,0.37283085763554263
6751,0.34622806461457867
6752,0.35217405254520084
6753,0.4367913586167562
6754,0.5692803584768933
6755,0.3986140303711836
6756,0.3953571321507209
6757,0.41904586034096347
6758,0.3382683457164167
6759,0.23647280672904972
6760,0.33584448284701585
6761,0.39967980942326775
6762,0.47323353242716154
6763,0.39502423474675014
6764,0.3898957708264152
6765,0.3870150289689907
6766,0.4518516406454635
6767,0.35059702664294146
6768,0.39286226064120355
6769,0.4058330378805981
6770,0.4131917481653119
6771,0.40294850303679647
6772,0.34811037636442316
6773,0.25778017453975516
6774,0.4481281654446583
6775,0.33353680485267223
6776,0.39286226064120355
6777,0.498866359697807
6778,0.3618442360316281
6779,0.4258861591753532
6780,0.37018737158250076
6781,0.3898957708264152
6782,0.4273282760864509
6783,0.43247998143174493
6784,0.35294974720081423
6785,0.4043819404970098
6786,0.39502423474675014
6787,0.35363051697620285
6788,0.39502423474675014
6789,0.6383686569968005
6790,0.46942936435608146
6791,0.47921209145596644
6792,0.3957981966417233
6793,0.3343699234023018
6794,0.4518516406454635
6795,0.4038962980464107
6796,0.5622675189867508
6797,0.5338185708992076
6798,0.39286226064120355
6799,0.7615937532163202
6800,0.3871601194946617
6801,0.3986140303711836
6802,0.41407130268948145
6803,0.3897478669928534
6804,0.42435128804850947
6805,0.5290824957583157
6806,0.1504866088622663
6807,0.32469916136610016
6808,0.20103385602538731
6809,0.3184610761356519
6810,0.4012572039430841
6811,0.5272681897469579
6812,0.4206727996112034
6813,0.3982689065857692
6814,0.2435806622689719
6815,0.51138187615888
6816,0.4176262533601863
6817,0.3681957135534765
6818,0.4761680308197923
6819,0.3571335022822105
6820,0.43333813275349464
6821,0.4386153693818552
6822,0.5988218867212671
6823,0.3621512655547055
6824,0.4497170430136216
6825,0.38384682408659077
6826,0.46637239665592545
6827,0.35766163846789245
6828,0.3146908589159679
6829,0.3699334913089491
6830,0.36740727220799463
6831,0.34964615412571437
6832,0.3507660724911548
6833,0.3982689065857692
6834,0.4602401734344238
6835,0.38384682408659077
6836,0.5375804011566802
6837,0.3898957708264152
6838,0.3723063675725678
6839,0.22898910534792302
6840,0.373563499017727
6841,0.3720222518957292
6842,0.3285508040345146
6843,0.367162962238677
6844,0.34857762493767364
6845,0.3220610780014019
6846,0.3898957708264152
6847,0.4206582570223241
6848,0.3942032910031089
6849,0.3779246501071251
6850,0.3805702314101846
6851,0.39286226064120355
6852,0.3673970483110502
6853,0.3779246501071251
6854,0.40294850303679647
6855,0.4006651278907885
6856,0.51138187615888
6857,0.3820639324613566
6858,0.36722782877922805
6859,0.42841708728966954
6860,0.4692484412676049
6861,0.41172743474291107
6862,0.34644408587246506
6863,0.32688209054198564
6864,0.4178660838644369
6865,0.3649048727542573
6866,0.44761010643125837
6867,0.40294850303679647
6868,0.4238474051319362
6869,0.34410732821793594
6870,0.3898957708264152
6871,0.2285913076977763
6872,0.3808569160323149
6873,0.515319817560902
6874,0.3602068923672247
6875,0.5984337817564603
6876,0.5438679084896201
6877,0.40862065524960167
6878,0.364612687167648
6879,0.43022425129900216
6880,0.41017545886961737
6881,0.4059482246532645
6882,0.4059482246532645
6883,0.42392794378991877
6884,0.36740727220799463
6885,0.35641803576234066
6886,0.4816878540380523
6887,0.30860069726728845
6888,0.3299766972278619
6889,0.49427933131201435
6890,0.4059482246532645
6891,0.4318091127822263
6892,0.33900008869535825
6893,0.38240277703893377
6894,0.19211204195911827
6895,0.44676831470999334
6896,0.3875908990554529
6897,0.36740727220799463
6898,0.5647338856476106
6899,0.4709711125702582
6900,0.4679304442200994
6901,0.43778431507289084
6902,0.4012572039430841
6903,0.41307315013260665
6904,0.38710341086809014
6905,0.3820639324613566
6906,0.4494108904819341
6907,0.4989558408159875
6908,0.3898957708264152
6909,0.4096801527754877
6910,0.4858309380769204
6911,0.34951555220153885
6912,0.29373288041694623
6913,0.43011001745391236
6914,0.5726856439270984
6915,0.3820639324613566
6916,0.4096113659361126
6917,0.44085188288643196
6918,0.39286226064120355
6919,0.35843686517520396
6920,0.36004605838048076
6921,0.22212000685313135
6922,0.4080335710102536
6923,0.5421291187210857
6924,0.38641936029830404
6925,0.37338880347791
6926,0.5321842354960186
6927,0.397044304083024
6928,0.39288242849426713
6929,0.44085188288643196
6930,0.47921209145596644
6931,0.3808569160323149
6932,0.17285226028997974
6933,0.26697787508505166
6934,0.389136580111443
6935,0.3903764945116956
6936,0.5847677632153612
6937,0.43561158809524053
6938,0.37765853526005017
6939,0.6750310429369474
6940,0.4206727996112034
6941,0.4347818172887364
6942,0.2554218334608364
6943,0.523582699250326
6944,0.15933437753712457
6945,0.5129878087306287
6946,0.3982689065857692
6947,0.39502423474675014
6948,0.41262640902453673
6949,0.45354052819036544
6950,0.4401804249794129
6951,0.34964615412571437
6952,0.3741789727402601
6953,0.4269591140790567
6954,0.3898957708264152
6955,0.32688209054198564
6956,0.34964615412571437
6957,0.2995808223378791
6958,0.24423029405576602
6959,0.39286226064120355
6960,0.38423412278142105
6961,0.3922205290862654
6962,0.4552502820163325
6963,0.38500843753314923
6964,0.3093759532985585
6965,0.3657543490138647
6966,0.3854341570045788
6967,0.3893040814045035
6968,0.40294850303679647
6969,0.3303678546558838
6970,0.3871601194946617
6971,0.424387761538455
6972,0.4633354151449602
6973,0.3898957708264152
6974,0.47432547242343637
6975,0.3912332002498173
6976,0.3399525528223344
6977,0.39502423474675014
6978,0.3442156463611153
6979,0.36004605838048076
6980,0.4545731714053449
6981,0.389136580111443
6982,0.25365743890044845
6983,0.43778431507289084
6984,0.43455339635604967
6985,0.37765853526005017
6986,0.6010952209086876
6987,0.33932829177894336
6988,0.5266743724833428
6989,0.38816533729864905
6990,0.3569201852274569
6991,0.3908333484442645
6992,0.43549886132502674
6993,0.3621512655547055
6994,0.43958097191043555
6995,0.3223917150601129
6996,0.5733490061717528
6997,0.4126131875546796
6998,0.4497170430136216
6999,0.38500843753314923
7000,0.36952691015133826
7001,0.3971957399073548
7002,0.3921053284485045
7003,0.3903764945116956
7004,0.4246791616147903
7005,0.31433832539482376
7006,0.3707635180910038
7007,0.45680806298698023
7008,0.35558392650340037
7009,0.3910671472415894
7010,0.29369680662337416
7011,0.4298692663270141
7012,0.47342164865901804
7013,0.37024806996742976
7014,0.38131046056386186
7015,0.3549643431836232
7016,0.4430643853316985
7017,0.33353680485267223
7018,0.4200140353750352
7019,0.4016160986435143
7020,0.4989558408159875
7021,0.4296157758030722
7022,0.4026894005757769
7023,0.39286226064120355
7024,0.35897348076466606
7025,0.3302742397453412
7026,0.41587848099879704
7027,0.5143001242829699
7028,0.271685790828843
7029,0.40294850303679647
7030,0.48301052704932235
7031,0.45952757522098475
7032,0.46162558190085556
7033,0.27351995815625607
7034,0.38500843753314923
7035,0.4166298373394925
7036,0.34622806461457867
7037,0.4318226847104805
7038,0.422111063926958
7039,0.4177004680956196
7040,0.38404657136890535
7041,0.4000295214498094
7042,0.3871601194946617
7043,0.1968035889871942
7044,0.31776497719942987
7045,0.3652227563996643
7046,0.4011982334818865
7047,0.3908333484442645
7048,0.4059482246532645
7049,0.33532918578593945
7050,0.31877654770364927
7051,0.45254241137809775
7052,0.35059702664294146
7053,0.40874781942039745
7054,0.3820639324613566
7055,0.3871601194946617
7056,0.3766271236584848
7057,0.4056885039636234
7058,0.3808569160323149
7059,0.34964615412571437
7060,0.35363051697620285
7061,0.36946130112618586
7062,0.46745048826591695
7063,0.4110530903197891
7064,0.4312731707679478
7065,0.37901355741728343
7066,0.5210271924375144
7067,0.34712952971008343
7068,0.5529186925071381
7069,0.4189069229831141
7070,0.430524340036817
7071,0.15495754770593365
7072,0.45656356909812607
7073,0.4169578130952925
7074,0.6927867262880936
7075,0.3578988561465327
7076,0.39253902805752744
7077,0.45837688023749995
7078,0.3986140303711836
7079,0.3412622127685235
7080,0.27763454506052193
7081,0.43555124153013647
7082,0.25136765365103564
7083,0.4011982334818865
7084,0.5073067078154465
7085,0.4011982334818865
7086,0.3600246462078464
7087,0.3971957399073548
7088,0.24562242583509017
7089,0.5447150971208196
7090,0.40294850303679647
7091,0.3820639324613566
7092,0.6187240048753981
7093,0.5008826201276642
7094,0.3971957399073548
7095,0.45383638715410146
7096,0.43561158809524053
7097,0.36450740210013305
7098,0.40294850303679647
7099,0.5438679084896201
7100,0.41665006490501116
7101,0.3921010059527912
7102,0.4606743443280332
7103,0.40154420176702366
7104,0.4177004680956196
7105,0.38299449949633413
7106,0.40154420176702366
7107,0.47003316388572863
7108,0.43834301111918217
7109,0.20348697181269557
7110,0.4076313513480098
7111,0.5290824957583157
7112,0.3722447025577752
7113,0.3681922211462348
7114,0.39064910388251084
7115,0.4233164949896791
7116,0.40544072328871505
7117,0.5461986934370808
7118,0.4056481435073532
7119,0.5290824957583157
7120,0.4223149302263766
7121,0.523678632749831
7122,0.35178678922609447
7123,0.38194908460470595
7124,0.4126131875546796
7125,0.4749873924643098
7126,0.3820639324613566
7127,0.3903764945116956
7128,0.3971957399073548
7129,0.474561402770186
7130,0.397044304083024
7131,0.24562242583509017
7132,0.35217405254520084
7133,0.4000295214498094
7134,0.3117044961277371
7135,0.4769754482728786
7136,0.370762314614904
7137,0.5498671035754605
7138,0.40154420176702366
7139,0.3534017563438212
7140,0.4048748427522167
7141,0.4518634898483134
7142,0.3005603984216607
7143,0.23671363466798087
7144,0.3903764945116956
7145,0.48300103267048927
7146,0.3853930195138363
7147,0.5375804011566802
7148,0.3421484269725851
7149,0.32076474173081565
7150,0.3412622127685235
7151,0.43543415055731755
7152,0.41365869052210946
7153,0.4961875336441131
7154,0.31776497719942987
7155,0.41482832695274185
7156,0.5744070402050977
7157,0.34964615412571437
7158,0.3093759532985585
7159,0.3763071654221504
7160,0.45173242244025086
7161,0.38299449949633413
7162,0.38420943919275596
7163,0.43022425129900216
7164,0.3832376817567009
7165,0.5668698751473159
7166,0.3741789727402601
7167,0.31213238071411786
7168,0.2485625384555069
7169,0.35059702664294146
7170,0.37345391347783446
7171,0.397044304083024
7172,0.35059702664294146
7173,0.35235345352136943
7174,0.5129001954869676
7175,0.41991817043902413
7176,0.45680806298698023
7177,0.6462194777389954
7178,0.49010522466583195
7179,0.26053586413472074
7180,0.4211074596525724
7181,0.2197854790827597
7182,0.38240277703893377
7183,0.38500843753314923
7184,0.3932857123828975
7185,0.3984350690929026
7186,0.3921010059527912
7187,0.43279468840864266
7188,0.36608646841408543
7189,0.40966355802566734
7190,0.389136580111443
7191,0.37338880347791
7192,0.3621512655547055
7193,0.4377357598956722
7194,0.34964615412571437
7195,0.23950243466348908
7196,0.3957981966417233
7197,0.528126987076012
7198,0.5025597116478052
7199,0.4059482246532645
7200,0.4507513040844238
7201,0.3689813644365485
7202,0.39805602154350056
7203,0.3921010059527912
7204,0.2819471312920078
7205,0.5310993827362995
7206,0.152664415466562
7207,0.39286226064120355
7208,0.2816930261820277
7209,0.3628904109704694
7210,0.46637239665592545
7211,0.32053363415697045
7212,0.48898844133889585
7213,0.4494108904819341
7214,0.3898957708264152
7215,0.47859481678304744
7216,0.3622404580089554
7217,0.43778431507289084
7218,0.38809530332359876
7219,0.34820994258350335
7220,0.45354052819036544
7221,0.12894548210539364
7222,0.45599864021308234
7223,0.4801196061703238
7224,0.3971957399073548
7225,0.40057536997556553
7226,0.45356730501079967
7227,0.41807455472277716
7228,0.4436922462786305
7229,0.2085049033443453
7230,0.22788229311149263
7231,0.542948461446913
7232,0.44567204298671914
7233,0.4273282760864509
7234,0.4607892064977304
7235,0.40154420176702366
7236,0.4701912395613397
7237,0.4248613635482137
7238,0.40294850303679647
7239,0.43498398746770567
7240,0.3982689065857692
7241,0.4244830756520667
7242,0.3779246501071251
7243,0.542948461446913
7244,0.4126131875546796
7245,0.397044304083024
7246,0.23955073136682084
7247,0.3779246501071251
7248,0.3871601194946617
7249,0.34311064262145086
7250,0.3642740969732999
7251,0.33147415783098094
7252,0.39112710165467823
7253,0.36177668037516963
7254,0.31719381018983495
7255,0.42392794378991877
7256,0.765822781514441
7257,0.2975096577355574
7258,0.3652999322637219
7259,0.46637239665592545
7260,0.28148150828288754
7261,0.44676831470999334
7262,0.33147415783098094
7263,0.3309162212478824
7264,0.6228493255482703
7265,0.15779802477952
7266,0.4248613635482137
7267,0.48612098679691534
7268,0.2073994425397395
7269,0.47921209145596644
7270,0.47323353242716154
7271,0.5616127556494755
7272,0.38175842677768546
7273,0.3447174397433047
7274,0.3367740679009242
7275,0.4549498798241606
7276,0.42291932842870883
7277,0.4206727996112034
7278,0.4259282792431739
7279,0.4760851478333672
7280,0.6156795597625171
7281,0.4318226847104805
7282,0.4709711125702582
7283,0.3254804719455435
7284,0.36450516885788536
7285,0.43913993030503407
7286,0.36097172287825874
7287,0.26984149113341166
7288,0.3808569160323149
7289,0.4183260647190526
7290,0.3982689065857692
7291,0.39400204887602636
7292,0.4180854006139062
7293,0.3864972663938258
7294,0.1600071375453858
7295,0.44459351003753356
7296,0.40294850303679647
7297,0.45667145506799867
7298,0.37637247864931195
7299,0.2191586763367995
7300,0.37493632395548
7301,0.3729955564216879
7302,0.4000295214498094
7303,0.5738026783015255
7304,0.5515367086574093
7305,0.6773919574504151
7306,0.41524603385586945
7307,0.39253902805752744
7308,0.4989558408159875
7309,0.35363051697620285
7310,0.3976783112554702
7311,0.3864028818940445
7312,0.3621512655547055
7313,0.3942909107188307
7314,0.3231581617606821
7315,0.38175842677768546
7316,0.3707635180910038
7317,0.5037448822893169
7318,0.6259542492006651
7319,0.6402279342338536
7320,0.3974603832776253
7321,0.44085188288643196
7322,0.43245093797422496
7323,0.3761176100160125
7324,0.23079478732070668
7325,0.40940322887283126
7326,0.42392794378991877
7327,0.4206582570223241
7328,0.5141070090428179
7329,0.40787910807487926
7330,0.3759126886722482
7331,0.4180534302679638
7332,0.5480962885916818
7333,0.3525971413036423
7334,0.35663304069385254
7335,0.5102856875307157
7336,0.4386153693818552
7337,0.41163349038956737
7338,0.308639185705651
7339,0.23079478732070668
7340,0.39286226064120355
7341,0.49427933131201435
7342,0.4989558408159875
7343,0.4006651278907885
7344,0.4206582570223241
7345,0.5037448822893169
7346,0.40154420176702366
7347,0.3668933201908647
7348,0.19906956886342633
7349,0.34964615412571437
7350,0.3982689065857692
7351,0.4011982334818865
7352,0.3695006288474548
7353,0.47323353242716154
7354,0.3842109644440746
7355,0.39286226064120355
7356,0.32469916136610016
7357,0.39253902805752744
7358,0.43237512984552245
7359,0.3903764945116956
7360,0.42955127401420645
7361,0.3534017563438212
7362,0.39253902805752744
7363,0.3640764347546052
7364,0.2600367972129411
7365,0.32076474173081565
7366,0.444658253405921
7367,0.49151279459963065
7368,0.25626081808919104
7369,0.38345436173607755
7370,0.47921209145596644
7371,0.43778431507289084
7372,0.43179909586339305
7373,0.16100960423342717
7374,0.4166824989094058
7375,0.5252803293681662
7376,0.372227845408941
7377,0.4127764352327622
7378,0.3392626434806358
7379,0.33900008869535825
7380,0.2918076430881909
7381,0.3898957708264152
7382,0.5159377964954277
7383,0.3125771392335556
7384,0.34887373113282977
7385,0.4890515862867687
7386,0.5243839525997587
7387,0.45848708782640607
7388,0.32609060885302565
7389,0.44676831470999334
7390,0.4318226847104805
7391,0.41094131312357746
7392,0.38420943919275596
7393,0.2809477977503539
7394,0.4437528340337864
7395,0.347992465691966
7396,0.43179909586339305
7397,0.3898957708264152
7398,0.39502423474675014
7399,0.46637239665592545
7400,0.35294974720081423
7401,0.23241032069769954
7402,0.39288242849426713
7403,0.36698035201368395
7404,0.6036967030168603
7405,0.47283316167896816
7406,0.3897404991893067
7407,0.40018134018108514
7408,0.4429361654596549
7409,0.495903859597246
7410,0.3475359973754906
7411,0.27893405244590985
7412,0.3871601194946617
7413,0.44676831470999334
7414,0.17960310705132276
7415,0.3480277197900102
7416,0.3442156463611153
7417,0.39441334845590176
7418,0.41017545886961737
7419,0.3126512281117941
7420,0.41861534462372224
7421,0.4242834051167652
7422,0.33188658864667125
7423,0.6165801773922595
7424,0.44638505158470393
7425,0.22212000685313135
7426,0.4135817846915907
7427,0.35011084337083964
7428,0.3412622127685235
7429,0.2767339325238002
7430,0.3740766262094502
7431,0.4094623088994651
7432,0.24402206379208266
7433,0.4274328254013311
7434,0.42955127401420645
7435,0.38175842677768546
7436,0.37901355741728343
7437,0.44325154545436973
7438,0.3227432536517011
7439,0.4436922462786305
7440,0.5451961235986658
7441,0.39451448489848534
7442,0.3971957399073548
7443,0.4126131875546796
7444,0.41059485815410696
7445,0.3957981966417233
7446,0.4302826144122195
7447,0.7010926456292166
7448,0.3954635268267962
7449,0.37855801526664784
7450,0.23516404193998583
7451,0.2900245883408143
7452,0.327177560372187
7453,0.41800516651978714
7454,0.3888321189221731
7455,0.28256839731368005
7456,0.4242834051167652
7457,0.3619445680987324
7458,0.3285508040345146
7459,0.5171284769900227
7460,0.3898957708264152
7461,0.5887474456977343
7462,0.45036711918893974
7463,0.40833273908955636
7464,0.3009646090751359
7465,0.40018134018108514
7466,0.37018737158250076
7467,0.5227499718723625
7468,0.30193681247888954
7469,0.5559951864099294
7470,0.4255341308464117
7471,0.38420943919275596
7472,0.33353680485267223
7473,0.5102856875307157
7474,0.5032885685832358
7475,0.4115695770803709
7476,0.40294850303679647
7477,0.3820639324613566
7478,0.4011982334818865
7479,0.38240277703893377
7480,0.509430804715779
7481,0.495903859597246
7482,0.3957981966417233
7483,0.4106630567263753
7484,0.4242834051167652
7485,0.5149218320650313
7486,0.29515823198007396
7487,0.26265745093667714
7488,0.3767121368540411
7489,0.4709711125702582
7490,0.595334321671941
7491,0.32582025187722763
7492,0.40438940167436116
7493,0.40018134018108514
7494,0.37284190864022604
7495,0.5559951864099294
7496,0.5290824957583157
7497,0.3413267669125891
7498,0.4518634898483134
7499,0.31979666544032165
7500,0.39502423474675014
7501,0.4972964604499485
7502,0.3666657090358146
7503,0.4231438666444616
7504,0.5031269023790426
7505,0.3848041525774583
7506,0.36555686614824207
7507,0.23447087101453418
7508,0.6927867262880936
7509,0.40294850303679647
7510,0.33584448284701585
7511,0.4053294511218645
7512,0.542948461446913
7513,0.37018737158250076
7514,0.3906882671433327
7515,0.35363051697620285
7516,0.38678256473450234
7517,0.38420943919275596
7518,0.37018737158250076
7519,0.15779802477952
7520,0.5533773265270554
7521,0.3162023698016713
7522,0.3678627910487266
7523,0.397044304083024
7524,0.3971957399073548
7525,0.5169654344634118
7526,0.4935647778651724
7527,0.3254804719455435
7528,0.42524188733538665
7529,0.40419374626577836
7530,0.44085188288643196
7531,0.34964615412571437
7532,0.6190429487927078
7533,0.38194908460470595
7534,0.41163349038956737
7535,0.16100960423342717
7536,0.2985478119724027
7537,0.34820994258350335
7538,0.4325522759030056
7539,0.47921209145596644
7540,0.4034333860176862
7541,0.3479798414642145
7542,0.38500843753314923
7543,0.3314265891612109
7544,0.3853517253100602
7545,0.3955125915053333
7546,0.48634222231733854
7547,0.3652999322637219
7548,0.4237101043410994
7549,0.15934478159973978
7550,0.3908333484442645
7551,0.39800428951009603
7552,0.3315269054987977
7553,0.45667145506799867
7554,0.3699234651029038
7555,0.6921878106234882
7556,0.6701790847510934
7557,0.3971957399073548
7558,0.35217405254520084
7559,0.39286226064120355
7560,0.384780734405299
7561,0.4726792751989625
7562,0.4206727996112034
7563,0.40862065524960167
7564,0.36223653565954855
7565,0.23516404193998583
7566,0.3921249559347577
7567,0.35424276974425756
7568,0.36097172287825874
7569,0.2778489589221512
7570,0.41017545886961737
7571,0.47476377544318493
7572,0.31776497719942987
7573,0.40419374626577836
7574,0.43730992610405134
7575,0.39502423474675014
7576,0.42657033501182273
7577,0.44325154545436973
7578,0.3729955564216879
7579,0.35792710524253984
7580,0.3716784076031554
7581,0.741828423232571
7582,0.449388276452161
7583,0.34951555220153885
7584,0.3736491741173084
7585,0.3368127892863009
7586,0.3729955564216879
7587,0.38420943919275596
7588,0.5430120411937208
7589,0.4686655434245044
7590,0.3602068923672247
7591,0.4043819404970098
7592,0.37901355741728343
7593,0.3607518049867317
7594,0.6432523558850728
7595,0.44676831470999334
7596,0.3213022633328353
7597,0.2285913076977763
7598,0.38420943919275596
7599,0.4416914270712155
7600,0.47323353242716154
7601,0.44068098947994183
7602,0.3534759594660893
7603,0.23447087101453418
7604,0.44866984279100874
7605,0.45656356909812607
7606,0.4206727996112034
7607,0.3924900927476135
7608,0.5290824957583157
7609,0.6165801773922595
7610,0.40419374626577836
7611,0.3820639324613566
7612,0.4865611158382094
7613,0.3903764945116956
7614,0.3971957399073548
7615,0.4291579436076271
7616,0.34964615412571437
7617,0.42466471302605147
7618,0.3971957399073548
7619,0.5169654344634118
7620,0.4709711125702582
7621,0.3903764945116956
7622,0.2921485007271553
7623,0.3179379315035798
7624,0.4347818172887364
7625,0.4318226847104805
7626,0.3986140303711836
7627,0.3921010059527912
7628,0.47169098151009153
7629,0.20134149364896334
7630,0.39334428379228664
7631,0.2904515837335716
7632,0.4501481678172935
7633,0.47323353242716154
7634,0.42111832728613857
7635,0.4632743804987231
7636,0.28096073886763784
7637,0.35363051697620285
7638,0.4158756491792753
7639,0.22369247655325344
7640,0.348171255739698
7641,0.38100342597413045
7642,0.4709711125702582
7643,0.39288242849426713
7644,0.36097172287825874
7645,0.3982689065857692
7646,0.43682995137574643
7647,0.37765853526005017
7648,0.36409209690576194
7649,0.4088395287795874
7650,0.4222009225163543
7651,0.3686469454129349
7652,0.37315431499277935
7653,0.4508410446206701
7654,0.39286226064120355
7655,0.1535710096254158
7656,0.4602401734344238
7657,0.38286762629896487
7658,0.3900193865637104
7659,0.5227499718723625
7660,0.3846389962308382
7661,0.3971957399073548
7662,0.349957276830487
7663,0.3093759532985585
7664,0.35766163846789245
7665,0.45002776329405736
7666,0.4547577965865081
7667,0.4436922462786305
7668,0.3240464995485637
7669,0.4445789074790572
7670,0.3808569160323149
7671,0.43778431507289084
7672,0.5375804011566802
7673,0.3475986211938858
7674,0.3898957708264152
7675,0.36550707672595023
7676,0.389136580111443
7677,0.35897348076466606
7678,0.4584591145930786
7679,0.3898957708264152
7680,0.43333813275349464
7681,0.3375869610278425
7682,0.3487791568687213
7683,0.35663304069385254
7684,0.23884881888502013
7685,0.520880605001071
7686,0.2490313477031293
7687,0.34672010102509676
7688,0.39064910388251084
7689,0.39286226064120355
7690,0.425767586186782
7691,0.3274884326800792
7692,0.39502423474675014
7693,0.39697790208572686
7694,0.46703149727764237
7695,0.38034658882486627
7696,0.4679304442200994
7697,0.4495312362459292
7698,0.495903859597246
7699,0.36740727220799463
7700,0.7634946695794057
7701,0.44876896351655476
7702,0.3779246501071251
7703,0.34712952971008343
7704,0.47323353242716154
7705,0.3682987099552317
7706,0.3696506938938578
7707,0.39502423474675014
7708,0.3752213353775302
7709,0.3392626434806358
7710,0.4047225897381462
7711,0.5996274507686036
7712,0.35499991902124284
7713,0.33900008869535825
7714,0.43778431507289084
7715,0.44222802606444006
7716,0.32611424835410235
7717,0.29016539368138994
7718,0.39054741479841404
7719,0.36534392771515173
7720,0.3960709735563227
7721,0.29821567191490506
7722,0.35059702664294146
7723,0.43237512984552245
7724,0.5298325114181897
7725,0.4176262533601863
7726,0.43543415055731755
7727,0.4265023601078613
7728,0.3547018192442995
7729,0.4131917481653119
7730,0.3421484269725851
7731,0.30471152681886143
7732,0.42392794378991877
7733,0.40294850303679647
7734,0.4347818172887364
7735,0.35766163846789245
7736,0.4206582570223241
7737,0.3348076867966916
7738,0.34887373113282977
7739,0.3483555916315225
7740,0.5321842354960186
7741,0.4318455732826448
7742,0.15779802477952
7743,0.4764138760951303
7744,0.46637239665592545
7745,0.42955127401420645
7746,0.39286226064120355
7747,0.45441518825985816
7748,0.35766163846789245
7749,0.43237512984552245
7750,0.4318226847104805
7751,0.31416259053066753
7752,0.47921209145596644
7753,0.41314056367236485
7754,0.33353680485267223
7755,0.38315155780180543
7756,0.3903764945116956
7757,0.31133866009757855
7758,0.39800428951009603
7759,0.38849414037656793
7760,0.3729955564216879
7761,0.41861534462372224
7762,0.24562242583509017
7763,0.39286226064120355
7764,0.4989558408159875
7765,0.43561158809524053
7766,0.39800428951009603
7767,0.2085049033443453
7768,0.4989558408159875
7769,0.4022048089224139
7770,0.3480277197900102
7771,0.5811968230859712
7772,0.3341639791116449
7773,0.41757852311396365
7774,0.40294850303679647
7775,0.3274884326800792
7776,0.4361108544274737
7777,0.4989558408159875
7778,0.3766271236584848
7779,0.3921010059527912
7780,0.3984350690929026
7781,0.40294850303679647
7782,0.3867899120615866
7783,0.3025432550101818
7784,0.19561915835068405
7785,0.6616970385016491
7786,0.3736491741173084
7787,0.3526059849231398
7788,0.4709845283361042
7789,0.41534001064592424
7790,0.40294850303679647
7791,0.5794851639825983
7792,0.41547102360908095
7793,0.36050703401079404
7794,0.27865425992255227
7795,0.5321842354960186
7796,0.5272681897469579
7797,0.3710975246707718
7798,0.3982689065857692
7799,0.3820639324613566
7800,0.45356730501079967
7801,0.4518634898483134
7802,0.40718718173417046
7803,0.3678627910487266
7804,0.4012572039430841
7805,0.389160464939319
7806,0.3442156463611153
7807,0.397044304083024
7808,0.46685083755624734
7809,0.3903764945116956
7810,0.2301960328860069
7811,0.2958130485158508
7812,0.28670336403666236
7813,0.3480277197900102
7814,0.3622404580089554
7815,0.4709711125702582
7816,0.35766163846789245
7817,0.4177004680956196
7818,0.6992980192741993
7819,0.530371272333262
7820,0.3421484269725851
7821,0.29329246574448853
7822,0.38828875357036274
7823,0.397044304083024
7824,0.4059482246532645
7825,0.3942835125216552
7826,0.3480277197900102
7827,0.3622404580089554
7828,0.3512507452760894
7829,0.4709711125702582
7830,0.40544072328871505
7831,0.383286068035541
7832,0.4429744590832645
7833,0.5438679084896201
7834,0.3897478669928534
7835,0.4573972342913224
7836,0.5273293719904336
7837,0.22788229311149263
7838,0.2301960328860069
7839,0.4512100438731321
7840,0.3442156463611153
7841,0.3684500083953646
7842,0.3921249559347577
7843,0.444658253405921
7844,0.4298692663270141
7845,0.4845788002810148
7846,0.3723063675725678
7847,0.39112710165467823
7848,0.443464960703938
7849,0.36805684563589264
7850,0.4127764352327622
7851,0.35766163846789245
7852,0.44676831470999334
7853,0.5492837348317635
7854,0.3898957708264152
7855,0.15495754770593365
7856,0.3410372316291573
7857,0.4152701472694565
7858,0.35766163846789245
7859,0.33899742451702264
7860,0.348171255739698
7861,0.4302826144122195
7862,0.3903764945116956
7863,0.47921209145596644
7864,0.389136580111443
7865,0.5110189324072145
7866,0.2285913076977763
7867,0.38500843753314923
7868,0.4009871374186104
7869,0.3639343138178653
7870,0.38420943919275596
7871,0.3285508040345146
7872,0.4276100350556692
7873,0.460522084032048
7874,0.43175683187088815
7875,0.3986135675260152
7876,0.419659819818948
7877,0.5529186925071381
7878,0.45950213896365544
7879,0.32728644093385423
7880,0.3472789617648453
7881,0.3759126886722482
7882,0.28192070674308745
7883,0.35936832946048725
7884,0.38143234307426677
7885,0.4022048089224139
7886,0.32688209054198564
7887,0.40018134018108514
7888,0.533283651777544
7889,0.38171693902591464
7890,0.3475889251133005
7891,0.34311064262145086
7892,0.39112710165467823
7893,0.3820639324613566
7894,0.3982689065857692
7895,0.475659513231111
7896,0.3652999322637219
7897,0.3898957708264152
7898,0.38420943919275596
7899,0.42244435230226135
7900,0.4011982334818865
7901,0.36101696538443145
7902,0.38131046056386186
7903,0.40154420176702366
7904,0.38633971828239166
7905,0.4460347994724573
7906,0.3736491741173084
7907,0.2570835558713545
7908,0.3898957708264152
7909,0.2895720845431726
7910,0.3820639324613566
7911,0.4988057738181408
7912,0.38034658882486627
7913,0.19906956886342633
7914,0.44717250182321805
7915,0.42697215568102626
7916,0.33856175390180565
7917,0.3025432550101818
7918,0.12792928924991112
7919,0.28867273783964914
7920,0.4285812957614118
7921,0.34964615412571437
7922,0.45606154600393095
7923,0.43267015504232126
7924,0.35855080593126865
7925,0.3677958462862684
7926,0.37236720798075673
7927,0.39380236731123663
7928,0.49302025814915623
7929,0.4048748427522167
7930,0.662782144387024
7931,0.34179628238085014
7932,0.3554748770254074
7933,0.35766163846789245
7934,0.38299449949633413
7935,0.46637239665592545
7936,0.22390903348700042
7937,0.4428472454250591
7938,0.40905511759262014
7939,0.4264055180861639
7940,0.27242816890083493
7941,0.4206582570223241
7942,0.35363051697620285
7943,0.5290824957583157
7944,0.37018737158250076
7945,0.3839941866366716
7946,0.561701816824998
7947,0.27865425992255227
7948,0.33465381371260683
7949,0.39644820079673815
7950,0.38420943919275596
7951,0.347365423510781
7952,0.3781125411664043
7953,0.2485625384555069
7954,0.5269532761758654
7955,0.3914044657343063
7956,0.3489847313143991
7957,0.348171255739698
7958,0.5230161380036878
7959,0.40294850303679647
7960,0.6094566485922085
7961,0.20367559809583818
7962,0.46001860341140605
7963,0.4011982334818865
7964,0.46901407322657723
7965,0.36805684563589264
7966,0.41117141114284095
7967,0.38816533729864905
7968,0.5032885685832358
7969,0.389136580111443
7970,0.4073850520289421
7971,0.22427924328127602
7972,0.39502423474675014
7973,0.4804741999742224
7974,0.40294850303679647
7975,0.4302826144122195
7976,0.3570882917997151
7977,0.36004605838048076
7978,0.3898957708264152
7979,0.36534392771515173
7980,0.39012006209052563
7981,0.2855130758182745
7982,0.6559820262422444
7983,0.5269532761758654
7984,0.3330347224747791
7985,0.3820639324613566
7986,0.33080210625462386
7987,0.3898957708264152
7988,0.40294850303679647
7989,0.3358946664188476
7990,0.39608662185532917
7991,0.5290824957583157
7992,0.34311064262145086
7993,0.39644820079673815
7994,0.502730553366725
7995,0.36261687203861637
7996,0.22015673532940733
7997,0.4034333860176862
7998,0.33832892792706365
7999,0.4242834051167652
8000,0.47921209145596644
8001,0.43549886132502674
8002,0.4591343038812492
8003,0.19208153862424793
8004,0.39395168875178377
8005,0.4540707204372028
8006,0.40154420176702366
8007,0.4222009225163543
8008,0.3707635180910038
8009,0.40419374626577836
8010,0.5309178634373112
8011,0.48792813534484686
8012,0.35766163846789245
8013,0.3621512655547055
8014,0.347992465691966
8015,0.3385324387178831
8016,0.6041798935571732
8017,0.460522084032048
8018,0.40018134018108514
8019,0.4643405178959244
8020,0.3526059849231398
8021,0.42955127401420645
8022,0.43245093797422496
8023,0.42135321121176317
8024,0.3767121368540411
8025,0.3888321189221731
8026,0.47921209145596644
8027,0.44068098947994183
8028,0.38175842677768546
8029,0.3692675682612085
8030,0.44638505158470393
8031,0.35217405254520084
8032,0.38420943919275596
8033,0.32688209054198564
8034,0.4548397525061155
8035,0.25141932474638423
8036,0.44068098947994183
8037,0.38058999966399887
8038,0.3990302029052764
8039,0.4347818172887364
8040,0.3422757434639955
8041,0.1968035889871942
8042,0.34379255251340446
8043,0.3808569160323149
8044,0.3954635268267962
8045,0.3421484269725851
8046,0.18584260054533167
8047,0.36004605838048076
8048,0.41017545886961737
8049,0.3779246501071251
8050,0.4782725681565851
8051,0.38420943919275596
8052,0.36693186220511176
8053,0.629939433265167
8054,0.39286226064120355
8055,0.4177004680956196
8056,0.3867899120615866
8057,0.3621512655547055
8058,0.40438940167436116
8059,0.35059702664294146
8060,0.3871611830304886
8061,0.4298692663270141
8062,0.3932857123828975
8063,0.4318226847104805
8064,0.49320041630425676
8065,0.4318226847104805
8066,0.5480962885916818
8067,0.31534126065291335
8068,0.5273293719904336
8069,0.5319826491508856
8070,0.3982689065857692
8071,0.348171255739698
8072,0.5120567738067122
8073,0.6616970385016491
8074,0.38227089972018563
8075,0.5375804011566802
8076,0.5321842354960186
8077,0.44085188288643196
8078,0.4709711125702582
8079,0.3915285030021352
8080,0.45086703069915074
8081,0.4084301919832629
8082,0.40154420176702366
8083,0.3853930195138363
8084,0.40724488313721
8085,0.38034658882486627
8086,0.43923464509281973
8087,0.4552502820163325
8088,0.39253902805752744
8089,0.348171255739698
8090,0.7074221158498238
8091,0.40294850303679647
8092,0.297176078360303
8093,0.4347818172887364
8094,0.35766163846789245
8095,0.6263765494553889
8096,0.36693186220511176
8097,0.4686655434245044
8098,0.4437528340337864
8099,0.39132058624151544
8100,0.39380236731123663
8101,0.39597891593770784
8102,0.6005472728560074
8103,0.34964615412571437
8104,0.5037448822893169
8105,0.38240277703893377
8106,0.5349658118751044
8107,0.3913471543843822
8108,0.4508410446206701
8109,0.5290824957583157
8110,0.3700751350810481
8111,0.40294850303679647
8112,0.43485716333826707
8113,0.36551437551334665
8114,0.36004605838048076
8115,0.4701912395613397
8116,0.1482125037994718
8117,0.4802058287646663
8118,0.4011982334818865
8119,0.5140690732602379
8120,0.43778431507289084
8121,0.3921249559347577
8122,0.67804312068996
8123,0.37018737158250076
8124,0.4564361363080612
8125,0.3932857123828975
8126,0.4386153693818552
8127,0.40154420176702366
8128,0.4054218801948764
8129,0.4749873924643098
8130,0.375062304008106
8131,0.4584176809921714
8132,0.5289507168712696
8133,0.3942909107188307
8134,0.3820639324613566
8135,0.4302826144122195
8136,0.3752213353775302
8137,0.3698086429789779
8138,0.6582150643175442
8139,0.39286226064120355
8140,0.42299420148507
8141,0.34964615412571437
8142,0.4625476665461143
8143,0.3426086404805044
8144,0.47323353242716154
8145,0.3903764945116956
8146,0.3213263189949226
8147,0.3763712678568019
8148,0.3903764945116956
8149,0.4481281654446583
8150,0.4312731707679478
8151,0.40419374626577836
8152,0.25921152554385984
8153,0.32688209054198564
8154,0.39000589679930275
8155,0.44085188288643196
8156,0.38131046056386186
8157,0.500106952933289
8158,0.37203103419933586
8159,0.4818051116959363
8160,0.4501481678172935
8161,0.4022048089224139
8162,0.32347952162612625
8163,0.3125771392335556
8164,0.37855609845129906
8165,0.34964615412571437
8166,0.37765853526005017
8167,0.3698086429789779
8168,0.3412622127685235
8169,0.39286226064120355
8170,0.38175842677768546
8171,0.4273282760864509
8172,0.42489202527079506
8173,0.3465803297327483
8174,0.44348751674235415
8175,0.4233164949896791
8176,0.43555124153013647
8177,0.38034658882486627
8178,0.3212989108747119
8179,0.42435128804850947
8180,0.38500843753314923
8181,0.3730956100743541
8182,0.3898957708264152
8183,0.3971957399073548
8184,0.4302826144122195
8185,0.3898957708264152
8186,0.4584176809921714
8187,0.3779246501071251
8188,0.41017545886961737
8189,0.2301960328860069
8190,0.35363051697620285
8191,0.3652999322637219
8192,0.5315459776604056
8193,0.41094131312357746
8194,0.3971957399073548
8195,0.4199568086546169
8196,0.3421484269725851
8197,0.26773635527245304
8198,0.5465165973109772
8199,0.35766163846789245
8200,0.3863179354192805
8201,0.3453451177531057
8202,0.4011982334818865
8203,0.3621512655547055
8204,0.4855440031728832
8205,0.4012572039430841
8206,0.4675193189023909
8207,0.3578254357890292
8208,0.40419374626577836
8209,0.3898957708264152
8210,0.48295793877719484
8211,0.3351379434832527
8212,0.3906882671433327
8213,0.5022286638495775
8214,0.3497643245394072
8215,0.5498074356155148
8216,0.35766163846789245
8217,0.5252803293681662
8218,0.39502423474675014
8219,0.42392794378991877
8220,0.40154420176702366
8221,0.4269591140790567
8222,0.49626581640988293
8223,0.20929260410704142
8224,0.38218662059425423
8225,0.32011879028158735
8226,0.47616610662558173
8227,0.5004098705168588
8228,0.37620779507732155
8229,0.45834046165516434
8230,0.4436922462786305
8231,0.3036333081795575
8232,0.3480277197900102
8233,0.32970791667682925
8234,0.4494108904819341
8235,0.3955125915053333
8236,0.35087933596345394
8237,0.37763882643844426
8238,0.4302826144122195
8239,0.5635366038662362
8240,0.35663304069385254
8241,0.4355391747635306
8242,0.3220019723952237
8243,0.6804088167121767
8244,0.39545390769004996
8245,0.3971957399073548
8246,0.3001190079681024
8247,0.6165801773922595
8248,0.2995808223378791
8249,0.40905511759262014
8250,0.31312638520056346
8251,0.39502423474675014
8252,0.3213022633328353
8253,0.4177004680956196
8254,0.37018737158250076
8255,0.19741411992039953
8256,0.32469916136610016
8257,0.23950243466348908
8258,0.3451595884412868
8259,0.41385914183618905
8260,0.4096113659361126
8261,0.397044304083024
8262,0.3413267669125891
8263,0.39334428379228664
8264,0.3299766972278619
8265,0.3651485370673029
8266,0.31413089969147556
8267,0.4518634898483134
8268,0.15933437753712457
8269,0.8499314079626403
8270,0.38190982738745227
8271,0.4011982334818865
8272,0.1620632163885009
8273,0.3957981966417233
8274,0.6082318416782957
8275,0.5353344249166758
8276,0.530408344040292
8277,0.3723063675725678
8278,0.33353680485267223
8279,0.5004098705168588
8280,0.3622404580089554
8281,0.40294850303679647
8282,0.3480277197900102
8283,0.35363051697620285
8284,0.23828455967901158
8285,0.34964615412571437
8286,0.35110646862749656
8287,0.43555124153013647
8288,0.46519376040643856
8289,0.19304550325277336
8290,0.39682192853362847
8291,0.43943943451991835
8292,0.389160464939319
8293,0.39800428951009603
8294,0.41800516651978714
8295,0.45595125365459294
8296,0.29821567191490506
8297,0.2468386332547466
8298,0.8387238276367753
8299,0.38514197488409496
8300,0.19593682337682689
8301,0.4016115553451283
8302,0.4094824469709521
8303,0.35217405254520084
8304,0.41056464024293376
8305,0.2703012372715327
8306,0.3025432550101818
8307,0.3820639324613566
8308,0.4697174070030448
8309,0.4000295214498094
8310,0.24173198540852228
8311,0.4633354151449602
8312,0.3621512655547055
8313,0.35217405254520084
8314,0.2781018427698991
8315,0.35048397921835917
8316,0.39286226064120355
8317,0.2412411149467202
8318,0.27331553772840816
8319,0.4950271091096283
8320,0.44085188288643196
8321,0.3549643431836232
8322,0.40419374626577836
8323,0.19304231988718687
8324,0.22586256061473867
8325,0.5310993827362995
8326,0.4343303606918826
8327,0.41587848099879704
8328,0.15597737727458233
8329,0.35499991902124284
8330,0.4118084747905123
8331,0.44068098947994183
8332,0.38960535816083314
8333,0.3059671008440351
8334,0.3713044470391477
8335,0.5721640140200402
8336,0.5738026783015255
8337,0.44676831470999334
8338,0.3957981966417233
8339,0.3981131913894404
8340,0.495903859597246
8341,0.3903764945116956
8342,0.3767085130799121
8343,0.40294850303679647
8344,0.3479798414642145
8345,0.33951800828766926
8346,0.2903062186751922
8347,0.43333813275349464
8348,0.4736060990993758
8349,0.3348076867966916
8350,0.45595125365459294
8351,0.42392794378991877
8352,0.38175842677768546
8353,0.30517757428796005
8354,0.3867899120615866
8355,0.37763882643844426
8356,0.35424276974425756
8357,0.3779246501071251
8358,0.3888321189221731
8359,0.3921010059527912
8360,0.34951555220153885
8361,0.35217405254520084
8362,0.5164033172724803
8363,0.4376159468221182
8364,0.4497768430491725
8365,0.4026894005757769
8366,0.2517643603252271
8367,0.5395155469360361
8368,0.5349658118751044
8369,0.3686481460454228
8370,0.43946027594530135
8371,0.4989558408159875
8372,0.15933437753712457
8373,0.15933437753712457
8374,0.34964615412571437
8375,0.32580933221666836
8376,0.3583352829591048
8377,0.38816533729864905
8378,0.24139873279312016
8379,0.7404929706622974
8380,0.372041842819062
8381,0.4273926941637702
8382,0.29705031397955195
8383,0.20123932747577766
8384,0.5310950020627626
8385,0.35217405254520084
8386,0.3888321189221731
8387,0.2278630242383809
8388,0.4549498798241606
8389,0.3729607977228723
8390,0.4166298373394925
8391,0.33785073519893233
8392,0.39253902805752744
8393,0.1293251211169123
8394,0.3808569160323149
8395,0.39286226064120355
8396,0.4709711125702582
8397,0.375062304008106
8398,0.3304980091052701
8399,0.4386830414316559
8400,0.2085049033443453
8401,0.4633354151449602
8402,0.3723063675725678
8403,0.7674627024566645
8404,0.37283085763554263
8405,0.38420943919275596
8406,0.38117359186790956
8407,0.20103385602538731
8408,0.37018737158250076
8409,0.3820639324613566
8410,0.45689075142727337
8411,0.36004605838048076
8412,0.47921209145596644
8413,0.5529186925071381
8414,0.3982689065857692
8415,0.6008083722983715
8416,0.5032885685832358
8417,0.33188658864667125
8418,0.43549886132502674
8419,0.4255341308464117
8420,0.33353680485267223
8421,0.38299449949633413
8422,0.24795260566129312
8423,0.4508410446206701
8424,0.4709711125702582
8425,0.39286226064120355
8426,0.44459351003753356
8427,0.3982689065857692
8428,0.3921249559347577
8429,0.3955125915053333
8430,0.3898957708264152
8431,0.35217405254520084
8432,0.1717519228622586
8433,0.3453451177531057
8434,0.40154420176702366
8435,0.46637239665592545
8436,0.43913993030503407
8437,0.5242242204042838
8438,0.39286226064120355
8439,0.4176262533601863
8440,0.36409209690576194
8441,0.3336221359947911
8442,0.29785152430145495
8443,0.40294850303679647
8444,0.3621512655547055
8445,0.3875908990554529
8446,0.4206727996112034
8447,0.38881166996768446
8448,0.2809477977503539
8449,0.6674699625257495
8450,0.3898957708264152
8451,0.34257411294736956
8452,0.5042948512675894
8453,0.5290824957583157
8454,0.33196204885707203
8455,0.4801356995412705
8456,0.4012572039430841
8457,0.4011982334818865
8458,0.3117044961277371
8459,0.34964615412571437
8460,0.43834301111918217
8461,0.3982689065857692
8462,0.39158753745992525
8463,0.5321842354960186
8464,0.41262640902453673
8465,0.3547018192442995
8466,0.45280088304818217
8467,0.38816533729864905
8468,0.3921249559347577
8469,0.4200304446398725
