ticket_id,sentiment_label,sentiment_score
1,NEGATIVE,0.994507372379303
2,NEGATIVE,0.9487313628196716
3,NEGATIVE,0.9993652701377869
4,NEGATIVE,0.9679810404777527
5,NEGATIVE,0.9973958730697632
6,NEGATIVE,0.998868465423584
7,NEGATIVE,0.9997612833976746
8,NEGATIVE,0.9977110624313354
9,NEGATIVE,0.9699519276618958
10,NEGATIVE,0.9987668991088867
11,NEGATIVE,0.9989802241325378
12,NEGATIVE,0.9993994235992432
13,POSITIVE,0.9982365369796753
14,NEGATIVE,0.9996312856674194
15,NEGATIVE,0.9953403472900391
16,NEGATIVE,0.9992094039916992
17,POSITIVE,0.9914125204086304
18,NEGATIVE,0.9986000657081604
19,POSITIVE,0.9594713449478149
20,NEGATIVE,0.9963815212249756
21,NEGATIVE,0.9986035227775574
22,NEGATIVE,0.9899941086769104
23,NEGATIVE,0.9798287749290466
24,NEGATIVE,0.9981729984283447
25,NEGATIVE,0.9990857839584351
26,NEGATIVE,0.9996935129165649
27,NEGATIVE,0.9997312426567078
28,NEGATIVE,0.9678279161453247
29,NEGATIVE,0.9988704323768616
30,NEGATIVE,0.9976832866668701
31,POSITIVE,0.6598820686340332
32,NEGATIVE,0.9976791739463806
33,NEGATIVE,0.9997016787528992
34,NEGATIVE,0.5506489872932434
35,NEGATIVE,0.9925227761268616
36,NEGATIVE,0.9996572732925415
37,NEGATIVE,0.9897083044052124
38,NEGATIVE,0.9996562004089355
39,NEGATIVE,0.9986120462417603
40,NEGATIVE,0.9993541836738586
41,NEGATIVE,0.9996249675750732
42,NEGATIVE,0.9716572165489197
43,NEGATIVE,0.998120129108429
44,NEGATIVE,0.9980042576789856
45,NEGATIVE,0.9989019632339478
46,POSITIVE,0.9254124164581299
47,NEGATIVE,0.9886885285377502
48,NEGATIVE,0.9997671246528625
49,NEGATIVE,0.9985694885253906
50,NEGATIVE,0.9826589822769165
51,NEGATIVE,0.9996947050094604
52,NEGATIVE,0.9996856451034546
53,POSITIVE,0.9536285400390625
54,NEGATIVE,0.9978583455085754
55,NEGATIVE,0.999699592590332
56,NEGATIVE,0.968346893787384
57,POSITIVE,0.9916378855705261
58,NEGATIVE,0.8905348181724548
59,NEGATIVE,0.999535322189331
60,NEGATIVE,0.9970203042030334
61,NEGATIVE,0.9990449547767639
62,NEGATIVE,0.9865034818649292
63,NEGATIVE,0.9942786693572998
64,POSITIVE,0.8676167130470276
65,NEGATIVE,0.9991127848625183
66,NEGATIVE,0.9990009665489197
67,NEGATIVE,0.9989752769470215
68,NEGATIVE,0.9996422529220581
69,NEGATIVE,0.9989135265350342
70,NEGATIVE,0.9997418522834778
71,NEGATIVE,0.9997718930244446
72,NEGATIVE,0.9992595314979553
73,NEGATIVE,0.9970501661300659
74,NEGATIVE,0.9997114539146423
75,NEGATIVE,0.9103425145149231
76,NEGATIVE,0.996464729309082
77,NEGATIVE,0.9991106390953064
78,NEGATIVE,0.7173559069633484
79,NEGATIVE,0.9962584972381592
80,NEGATIVE,0.96988445520401
81,NEGATIVE,0.9983701109886169
82,NEGATIVE,0.9997162222862244
83,NEGATIVE,0.9872035384178162
84,NEGATIVE,0.995771586894989
85,NEGATIVE,0.9995031356811523
86,NEGATIVE,0.9997698664665222
87,POSITIVE,0.8232672214508057
88,NEGATIVE,0.9988812804222107
89,NEGATIVE,0.9993566870689392
90,NEGATIVE,0.9987043142318726
91,NEGATIVE,0.9990769624710083
92,NEGATIVE,0.999056875705719
93,NEGATIVE,0.998451828956604
94,NEGATIVE,0.9996352195739746
95,NEGATIVE,0.9936331510543823
96,NEGATIVE,0.9997846484184265
97,NEGATIVE,0.9981127977371216
98,NEGATIVE,0.9997302889823914
99,NEGATIVE,0.9966930150985718
100,NEGATIVE,0.9498318433761597
101,NEGATIVE,0.9967262744903564
102,NEGATIVE,0.9998111128807068
103,NEGATIVE,0.9988728165626526
104,POSITIVE,0.9889037013053894
105,NEGATIVE,0.9995837807655334
106,NEGATIVE,0.7209075093269348
107,POSITIVE,0.9897366762161255
108,NEGATIVE,0.9953078627586365
109,NEGATIVE,0.9990766048431396
110,NEGATIVE,0.9996587038040161
111,NEGATIVE,0.9991901516914368
112,NEGATIVE,0.9975972771644592
113,NEGATIVE,0.99873286485672
114,NEGATIVE,0.9927248954772949
115,NEGATIVE,0.9991568326950073
116,NEGATIVE,0.9883205890655518
117,NEGATIVE,0.9640317559242249
118,NEGATIVE,0.9997865557670593
119,NEGATIVE,0.9825170636177063
120,NEGATIVE,0.9433060884475708
121,NEGATIVE,0.9728351831436157
122,NEGATIVE,0.9969025254249573
123,NEGATIVE,0.9997418522834778
124,NEGATIVE,0.9984135627746582
125,NEGATIVE,0.9968523383140564
126,NEGATIVE,0.9944369792938232
127,NEGATIVE,0.9837596416473389
128,NEGATIVE,0.9834175705909729
129,POSITIVE,0.9764437675476074
130,NEGATIVE,0.9996881484985352
131,NEGATIVE,0.9975246787071228
132,NEGATIVE,0.9983339905738831
133,NEGATIVE,0.9996107220649719
134,NEGATIVE,0.9980456829071045
135,POSITIVE,0.880966305732727
136,NEGATIVE,0.9996294975280762
137,NEGATIVE,0.9980260729789734
138,NEGATIVE,0.9967431426048279
139,NEGATIVE,0.9934296011924744
140,NEGATIVE,0.9997041821479797
141,NEGATIVE,0.9996923208236694
142,NEGATIVE,0.998943030834198
143,NEGATIVE,0.9979225993156433
144,NEGATIVE,0.9995474219322205
145,NEGATIVE,0.99832683801651
146,NEGATIVE,0.9969438910484314
147,NEGATIVE,0.999643087387085
148,NEGATIVE,0.9959320425987244
149,POSITIVE,0.9776925444602966
150,NEGATIVE,0.9976403713226318
151,NEGATIVE,0.999311089515686
152,NEGATIVE,0.9495846629142761
153,NEGATIVE,0.999661922454834
154,NEGATIVE,0.9966002106666565
155,NEGATIVE,0.9983024597167969
156,NEGATIVE,0.9980910420417786
157,NEGATIVE,0.9829723238945007
158,NEGATIVE,0.7478044629096985
159,NEGATIVE,0.6817066669464111
160,NEGATIVE,0.9993951320648193
161,NEGATIVE,0.9991745352745056
162,NEGATIVE,0.9990008473396301
163,NEGATIVE,0.9966467022895813
164,NEGATIVE,0.9994833469390869
165,NEGATIVE,0.9977941513061523
166,NEGATIVE,0.9997401833534241
167,NEGATIVE,0.9977322816848755
168,NEGATIVE,0.9996908903121948
169,NEGATIVE,0.9997428059577942
170,NEGATIVE,0.99814772605896
171,POSITIVE,0.9993938207626343
172,NEGATIVE,0.9954941272735596
173,NEGATIVE,0.985119640827179
174,NEGATIVE,0.9965752959251404
175,NEGATIVE,0.9997623562812805
176,NEGATIVE,0.996972918510437
177,NEGATIVE,0.9383664727210999
178,NEGATIVE,0.9993677735328674
179,NEGATIVE,0.9977600574493408
180,NEGATIVE,0.999739944934845
181,NEGATIVE,0.998924195766449
182,NEGATIVE,0.7738946080207825
183,NEGATIVE,0.9933213591575623
184,NEGATIVE,0.9993643164634705
185,NEGATIVE,0.9998026490211487
186,NEGATIVE,0.9995077848434448
187,NEGATIVE,0.9995288848876953
188,POSITIVE,0.9964163303375244
189,NEGATIVE,0.9995973706245422
190,NEGATIVE,0.9927815794944763
191,NEGATIVE,0.9937844276428223
192,NEGATIVE,0.9996691942214966
193,NEGATIVE,0.8943135142326355
194,NEGATIVE,0.9997618794441223
195,NEGATIVE,0.9978747367858887
196,NEGATIVE,0.9995997548103333
197,NEGATIVE,0.9994444251060486
198,NEGATIVE,0.9997261166572571
199,NEGATIVE,0.9974804520606995
200,NEGATIVE,0.9973668456077576
201,NEGATIVE,0.9504956603050232
202,NEGATIVE,0.898284375667572
203,POSITIVE,0.964015543460846
204,NEGATIVE,0.9996154308319092
205,NEGATIVE,0.9523321390151978
206,NEGATIVE,0.9979591369628906
207,NEGATIVE,0.9378219246864319
208,NEGATIVE,0.9994578957557678
209,NEGATIVE,0.8650359511375427
210,NEGATIVE,0.9989818930625916
211,NEGATIVE,0.9779941439628601
212,NEGATIVE,0.9788917303085327
213,NEGATIVE,0.9983345866203308
214,NEGATIVE,0.9997885823249817
215,NEGATIVE,0.9991998076438904
216,NEGATIVE,0.9996272325515747
217,NEGATIVE,0.9995740056037903
218,NEGATIVE,0.9973734617233276
219,NEGATIVE,0.9951489567756653
220,NEGATIVE,0.9918070435523987
221,NEGATIVE,0.9969446063041687
222,NEGATIVE,0.9990195035934448
223,POSITIVE,0.9915424585342407
224,NEGATIVE,0.9733438491821289
225,NEGATIVE,0.998734176158905
226,NEGATIVE,0.9904597997665405
227,NEGATIVE,0.9932106137275696
228,NEGATIVE,0.9997249245643616
229,NEGATIVE,0.9925123453140259
230,NEGATIVE,0.6746377944946289
231,NEGATIVE,0.9996521472930908
232,NEGATIVE,0.9988806843757629
233,NEGATIVE,0.9583218693733215
234,NEGATIVE,0.8810244202613831
235,NEGATIVE,0.9992343187332153
236,NEGATIVE,0.9985330104827881
237,NEGATIVE,0.9992913007736206
238,NEGATIVE,0.9914286732673645
239,NEGATIVE,0.9973419308662415
240,NEGATIVE,0.9997103810310364
241,NEGATIVE,0.9897149205207825
242,NEGATIVE,0.9985904097557068
243,NEGATIVE,0.9865363240242004
244,NEGATIVE,0.9995716214179993
245,NEGATIVE,0.8567304015159607
246,NEGATIVE,0.9984958171844482
247,POSITIVE,0.8339681625366211
248,NEGATIVE,0.9947163462638855
249,POSITIVE,0.6434751749038696
250,NEGATIVE,0.9976693987846375
251,NEGATIVE,0.9994231462478638
252,NEGATIVE,0.9916629791259766
253,NEGATIVE,0.999777615070343
254,NEGATIVE,0.9973537921905518
255,NEGATIVE,0.9986639022827148
256,NEGATIVE,0.9924401044845581
257,NEGATIVE,0.9931730628013611
258,NEGATIVE,0.9965898990631104
259,NEGATIVE,0.9997456669807434
260,NEGATIVE,0.9986143112182617
261,NEGATIVE,0.9944612979888916
262,NEGATIVE,0.9988183379173279
263,NEGATIVE,0.9994003772735596
264,NEGATIVE,0.997456967830658
265,NEGATIVE,0.9996343851089478
266,NEGATIVE,0.9988741278648376
267,NEGATIVE,0.9960629343986511
268,POSITIVE,0.9829110503196716
269,NEGATIVE,0.9993870258331299
270,POSITIVE,0.7295215129852295
271,NEGATIVE,0.9987021684646606
272,NEGATIVE,0.9992910623550415
273,NEGATIVE,0.9894463419914246
274,NEGATIVE,0.9926576018333435
275,NEGATIVE,0.9996739625930786
276,NEGATIVE,0.9994869232177734
277,NEGATIVE,0.9995447993278503
278,NEGATIVE,0.9991348385810852
279,POSITIVE,0.9479151368141174
280,NEGATIVE,0.9989749193191528
281,NEGATIVE,0.9971922039985657
282,NEGATIVE,0.9982399940490723
283,NEGATIVE,0.9985664486885071
284,NEGATIVE,0.999733030796051
285,NEGATIVE,0.9992203712463379
286,NEGATIVE,0.9860034584999084
287,NEGATIVE,0.9997079968452454
288,POSITIVE,0.9943787455558777
289,NEGATIVE,0.9759371280670166
290,NEGATIVE,0.9986233711242676
291,NEGATIVE,0.9949513673782349
292,POSITIVE,0.9961255192756653
293,NEGATIVE,0.999574601650238
294,NEGATIVE,0.9960320591926575
295,NEGATIVE,0.9838942885398865
296,NEGATIVE,0.9997408986091614
297,NEGATIVE,0.9967535138130188
298,NEGATIVE,0.9863130450248718
299,POSITIVE,0.9400911331176758
300,NEGATIVE,0.999784529209137
301,NEGATIVE,0.9991732239723206
302,NEGATIVE,0.9896154403686523
303,NEGATIVE,0.9987500905990601
304,NEGATIVE,0.9987142086029053
305,NEGATIVE,0.9996628761291504
306,NEGATIVE,0.9993985891342163
307,POSITIVE,0.838860809803009
308,NEGATIVE,0.9994373917579651
309,NEGATIVE,0.9964577555656433
310,POSITIVE,0.9915785789489746
311,NEGATIVE,0.9996414184570312
312,NEGATIVE,0.9780994057655334
313,NEGATIVE,0.9983853101730347
314,NEGATIVE,0.9995935559272766
315,POSITIVE,0.9721058011054993
316,NEGATIVE,0.9935644268989563
317,NEGATIVE,0.9986165761947632
318,NEGATIVE,0.9990074038505554
319,POSITIVE,0.9458719491958618
320,NEGATIVE,0.9997181296348572
321,NEGATIVE,0.9969438910484314
322,NEGATIVE,0.9739417433738708
323,NEGATIVE,0.9967796206474304
324,NEGATIVE,0.9921626448631287
325,NEGATIVE,0.9938979744911194
326,NEGATIVE,0.9923615455627441
327,NEGATIVE,0.9997531771659851
328,NEGATIVE,0.9532618522644043
329,NEGATIVE,0.9991487264633179
330,NEGATIVE,0.9525275230407715
331,NEGATIVE,0.9990779161453247
332,POSITIVE,0.8992065787315369
333,NEGATIVE,0.9656553864479065
334,NEGATIVE,0.9994673132896423
335,NEGATIVE,0.999580442905426
336,NEGATIVE,0.9989724159240723
337,POSITIVE,0.974079966545105
338,NEGATIVE,0.9995392560958862
339,NEGATIVE,0.9997287392616272
340,NEGATIVE,0.9993901252746582
341,NEGATIVE,0.9997420907020569
342,POSITIVE,0.9961025714874268
343,NEGATIVE,0.9963825941085815
344,NEGATIVE,0.9890953898429871
345,NEGATIVE,0.9883949756622314
346,NEGATIVE,0.9875640273094177
347,NEGATIVE,0.9834095239639282
348,POSITIVE,0.9957202076911926
349,NEGATIVE,0.9930699467658997
350,NEGATIVE,0.9996782541275024
351,NEGATIVE,0.9978460073471069
352,NEGATIVE,0.9995166063308716
353,NEGATIVE,0.9996508359909058
354,NEGATIVE,0.9996032118797302
355,NEGATIVE,0.9939321875572205
356,NEGATIVE,0.9966044425964355
357,NEGATIVE,0.9997324347496033
358,NEGATIVE,0.9992454051971436
359,NEGATIVE,0.9993502497673035
360,NEGATIVE,0.9988929629325867
361,NEGATIVE,0.9938538074493408
362,NEGATIVE,0.9841741323471069
363,NEGATIVE,0.9860122799873352
364,NEGATIVE,0.9985836744308472
365,NEGATIVE,0.9992097616195679
366,NEGATIVE,0.999377429485321
367,POSITIVE,0.9737076163291931
368,NEGATIVE,0.9323856830596924
369,NEGATIVE,0.999618649482727
370,POSITIVE,0.7525558471679688
371,NEGATIVE,0.9994231462478638
372,NEGATIVE,0.9916748404502869
373,NEGATIVE,0.996466875076294
374,NEGATIVE,0.9997808337211609
375,NEGATIVE,0.9976632595062256
376,NEGATIVE,0.9991981387138367
377,NEGATIVE,0.9982473850250244
378,NEGATIVE,0.9996968507766724
379,NEGATIVE,0.9941431879997253
380,NEGATIVE,0.9543895721435547
381,NEGATIVE,0.9884902238845825
382,NEGATIVE,0.9990518689155579
383,NEGATIVE,0.996986448764801
384,NEGATIVE,0.999804675579071
385,NEGATIVE,0.9987469911575317
386,NEGATIVE,0.9998084902763367
387,NEGATIVE,0.9997568726539612
388,NEGATIVE,0.9994595646858215
389,NEGATIVE,0.9941745400428772
390,NEGATIVE,0.9940459728240967
391,NEGATIVE,0.9996393918991089
392,NEGATIVE,0.9769753217697144
393,NEGATIVE,0.9996803998947144
394,NEGATIVE,0.9831068515777588
395,NEGATIVE,0.9998053908348083
396,NEGATIVE,0.999698281288147
397,NEGATIVE,0.9899049401283264
398,NEGATIVE,0.9976779818534851
399,NEGATIVE,0.9992875456809998
400,NEGATIVE,0.9996017813682556
401,NEGATIVE,0.9946789741516113
402,NEGATIVE,0.9995825886726379
403,NEGATIVE,0.9996104836463928
404,NEGATIVE,0.9992938041687012
405,NEGATIVE,0.9987999200820923
406,NEGATIVE,0.9986032843589783
407,NEGATIVE,0.9997976422309875
408,NEGATIVE,0.999413251876831
409,NEGATIVE,0.9986571073532104
410,NEGATIVE,0.9995892643928528
411,NEGATIVE,0.9996815919876099
412,NEGATIVE,0.9499858617782593
413,NEGATIVE,0.9980506896972656
414,NEGATIVE,0.9951079487800598
415,NEGATIVE,0.9985450506210327
416,NEGATIVE,0.9479494094848633
417,NEGATIVE,0.9981006979942322
418,NEGATIVE,0.9997856020927429
419,NEGATIVE,0.9996185302734375
420,NEGATIVE,0.9983755350112915
421,NEGATIVE,0.9950066804885864
422,NEGATIVE,0.9947657585144043
423,NEGATIVE,0.9837645888328552
424,POSITIVE,0.8211432099342346
425,NEGATIVE,0.9931550025939941
426,NEGATIVE,0.9992119073867798
427,NEGATIVE,0.9994737505912781
428,NEGATIVE,0.999784529209137
429,POSITIVE,0.9298220276832581
430,NEGATIVE,0.9828516244888306
431,NEGATIVE,0.9997096657752991
432,NEGATIVE,0.999651312828064
433,NEGATIVE,0.9997478127479553
434,NEGATIVE,0.9989100694656372
435,NEGATIVE,0.9995198249816895
436,NEGATIVE,0.9983227849006653
437,NEGATIVE,0.9992032647132874
438,NEGATIVE,0.9986133575439453
439,NEGATIVE,0.9868985414505005
440,NEGATIVE,0.9997627139091492
441,NEGATIVE,0.998651921749115
442,NEGATIVE,0.9989783763885498
443,NEGATIVE,0.9985983967781067
444,NEGATIVE,0.9997909665107727
445,NEGATIVE,0.9997647404670715
446,NEGATIVE,0.9987390637397766
447,NEGATIVE,0.9717992544174194
448,NEGATIVE,0.9995906949043274
449,NEGATIVE,0.9997698664665222
450,POSITIVE,0.9792337417602539
451,NEGATIVE,0.9994340538978577
452,NEGATIVE,0.9995893836021423
453,NEGATIVE,0.999212384223938
454,NEGATIVE,0.9816163778305054
455,NEGATIVE,0.9957049489021301
456,POSITIVE,0.8868648409843445
457,POSITIVE,0.5988478660583496
458,POSITIVE,0.9883240461349487
459,NEGATIVE,0.9996589422225952
460,NEGATIVE,0.9989880919456482
461,NEGATIVE,0.9996528625488281
462,NEGATIVE,0.9934629201889038
463,NEGATIVE,0.998903751373291
464,NEGATIVE,0.997114896774292
465,NEGATIVE,0.9988079071044922
466,NEGATIVE,0.9916871190071106
467,NEGATIVE,0.996057391166687
468,NEGATIVE,0.9996340274810791
469,NEGATIVE,0.9970300197601318
470,NEGATIVE,0.9998014569282532
471,POSITIVE,0.9986476302146912
472,NEGATIVE,0.9997655749320984
473,NEGATIVE,0.999721109867096
474,NEGATIVE,0.9990513920783997
475,NEGATIVE,0.9965535402297974
476,NEGATIVE,0.9995394945144653
477,NEGATIVE,0.988573431968689
478,POSITIVE,0.9902744293212891
479,NEGATIVE,0.9996052384376526
480,NEGATIVE,0.9949312806129456
481,POSITIVE,0.9975749850273132
482,POSITIVE,0.873389482498169
483,NEGATIVE,0.9996356964111328
484,NEGATIVE,0.9997828602790833
485,NEGATIVE,0.9985153079032898
486,NEGATIVE,0.996800422668457
487,NEGATIVE,0.991814911365509
488,NEGATIVE,0.9994113445281982
489,NEGATIVE,0.9986351132392883
490,NEGATIVE,0.9996135830879211
491,NEGATIVE,0.99907386302948
492,NEGATIVE,0.9724100232124329
493,NEGATIVE,0.9962749481201172
494,NEGATIVE,0.9985931515693665
495,NEGATIVE,0.9981451034545898
496,NEGATIVE,0.9851778149604797
497,NEGATIVE,0.9993917942047119
498,NEGATIVE,0.9990461468696594
499,NEGATIVE,0.995788037776947
500,NEGATIVE,0.9997962117195129
501,NEGATIVE,0.8099637031555176
502,NEGATIVE,0.9994656443595886
503,NEGATIVE,0.9984684586524963
504,NEGATIVE,0.684620201587677
505,NEGATIVE,0.9967769980430603
506,NEGATIVE,0.9995174407958984
507,NEGATIVE,0.9993997812271118
508,NEGATIVE,0.9982153177261353
509,NEGATIVE,0.9972283244132996
510,NEGATIVE,0.9959030747413635
511,NEGATIVE,0.999756395816803
512,NEGATIVE,0.9220523238182068
513,NEGATIVE,0.9729586243629456
514,NEGATIVE,0.9984708428382874
515,POSITIVE,0.9980850219726562
516,NEGATIVE,0.9997535347938538
517,NEGATIVE,0.9992889165878296
518,NEGATIVE,0.9994613528251648
519,NEGATIVE,0.9859634041786194
520,NEGATIVE,0.9995856881141663
521,NEGATIVE,0.9956159591674805
522,NEGATIVE,0.9997335076332092
523,NEGATIVE,0.9997230172157288
524,NEGATIVE,0.9997811913490295
525,NEGATIVE,0.9995288848876953
526,POSITIVE,0.9783275723457336
527,NEGATIVE,0.8008190393447876
528,NEGATIVE,0.996705949306488
529,NEGATIVE,0.9989914298057556
530,NEGATIVE,0.9994558691978455
531,POSITIVE,0.9922072291374207
532,NEGATIVE,0.9996048808097839
533,NEGATIVE,0.9997989535331726
534,NEGATIVE,0.9984922409057617
535,NEGATIVE,0.9990535378456116
536,NEGATIVE,0.9955974221229553
537,NEGATIVE,0.9867832660675049
538,NEGATIVE,0.9997097849845886
539,NEGATIVE,0.995807409286499
540,POSITIVE,0.5158115029335022
541,NEGATIVE,0.6510869264602661
542,NEGATIVE,0.9997288584709167
543,NEGATIVE,0.9987989664077759
544,NEGATIVE,0.9995157718658447
545,NEGATIVE,0.9964260458946228
546,NEGATIVE,0.9997981190681458
547,NEGATIVE,0.9843081831932068
548,NEGATIVE,0.9921420812606812
549,NEGATIVE,0.9996525049209595
550,NEGATIVE,0.9930680990219116
551,NEGATIVE,0.9997919201850891
552,NEGATIVE,0.9996429681777954
553,NEGATIVE,0.9925956130027771
554,NEGATIVE,0.9997488856315613
555,NEGATIVE,0.9997722506523132
556,POSITIVE,0.709722638130188
557,POSITIVE,0.8554861545562744
558,POSITIVE,0.9987930059432983
559,NEGATIVE,0.9991689920425415
560,NEGATIVE,0.9967862367630005
561,NEGATIVE,0.8678487539291382
562,NEGATIVE,0.9748677015304565
563,NEGATIVE,0.9996848106384277
564,NEGATIVE,0.9809467196464539
565,NEGATIVE,0.9356993436813354
566,NEGATIVE,0.906752347946167
567,NEGATIVE,0.9978443384170532
568,NEGATIVE,0.9994982481002808
569,NEGATIVE,0.9979453682899475
570,NEGATIVE,0.9990825653076172
571,NEGATIVE,0.9995294809341431
572,NEGATIVE,0.998794436454773
573,NEGATIVE,0.9966267347335815
574,NEGATIVE,0.9368653297424316
575,NEGATIVE,0.9997701048851013
576,NEGATIVE,0.6316930055618286
577,POSITIVE,0.865548312664032
578,NEGATIVE,0.9997709393501282
579,POSITIVE,0.9964854717254639
580,NEGATIVE,0.9996300935745239
581,NEGATIVE,0.9832383394241333
582,NEGATIVE,0.9997764229774475
583,NEGATIVE,0.9988194108009338
584,NEGATIVE,0.9713384509086609
585,NEGATIVE,0.5796396136283875
586,NEGATIVE,0.9996005892753601
587,NEGATIVE,0.9833757281303406
588,NEGATIVE,0.9890384674072266
589,NEGATIVE,0.78108149766922
590,NEGATIVE,0.9991138577461243
591,NEGATIVE,0.9993168115615845
592,NEGATIVE,0.9983298182487488
593,NEGATIVE,0.9970839619636536
594,NEGATIVE,0.7053372263908386
595,POSITIVE,0.9992765784263611
596,POSITIVE,0.9969004392623901
597,NEGATIVE,0.9994165897369385
598,NEGATIVE,0.9989978671073914
599,NEGATIVE,0.9993189573287964
600,NEGATIVE,0.996292233467102
601,NEGATIVE,0.9957927465438843
602,POSITIVE,0.5629091262817383
603,NEGATIVE,0.9984134435653687
604,NEGATIVE,0.9996896982192993
605,NEGATIVE,0.999671220779419
606,NEGATIVE,0.9976536631584167
607,NEGATIVE,0.9996507167816162
608,NEGATIVE,0.9997413754463196
609,NEGATIVE,0.999134361743927
610,NEGATIVE,0.9913008809089661
611,NEGATIVE,0.9964210987091064
612,NEGATIVE,0.9997767806053162
613,NEGATIVE,0.9996198415756226
614,NEGATIVE,0.9986438155174255
615,NEGATIVE,0.9982959628105164
616,NEGATIVE,0.9900923371315002
617,NEGATIVE,0.5105602145195007
618,NEGATIVE,0.9985462427139282
619,NEGATIVE,0.9994612336158752
620,NEGATIVE,0.9994598031044006
621,NEGATIVE,0.9990712404251099
622,NEGATIVE,0.9994571805000305
623,NEGATIVE,0.9579561948776245
624,NEGATIVE,0.9997988343238831
625,NEGATIVE,0.9989877343177795
626,NEGATIVE,0.9983432292938232
627,NEGATIVE,0.9982329607009888
628,NEGATIVE,0.9993977546691895
629,NEGATIVE,0.9975084066390991
630,POSITIVE,0.897614598274231
631,NEGATIVE,0.9997827410697937
632,NEGATIVE,0.9993622899055481
633,NEGATIVE,0.9976747632026672
634,NEGATIVE,0.9997444748878479
635,NEGATIVE,0.9995942711830139
636,NEGATIVE,0.9916764497756958
637,NEGATIVE,0.9995700716972351
638,NEGATIVE,0.9949925541877747
639,NEGATIVE,0.9981297850608826
640,NEGATIVE,0.9996678829193115
641,NEGATIVE,0.999748170375824
642,POSITIVE,0.9957407712936401
643,NEGATIVE,0.9942652583122253
644,NEGATIVE,0.9979926347732544
645,NEGATIVE,0.9994245767593384
646,NEGATIVE,0.9962345957756042
647,NEGATIVE,0.9963782429695129
648,NEGATIVE,0.9990689158439636
649,NEGATIVE,0.999422550201416
650,NEGATIVE,0.9990708827972412
651,POSITIVE,0.9843266606330872
652,NEGATIVE,0.9960673451423645
653,NEGATIVE,0.9937782287597656
654,NEGATIVE,0.9997698664665222
655,NEGATIVE,0.9996610879898071
656,NEGATIVE,0.9981794357299805
657,NEGATIVE,0.9965421557426453
658,NEGATIVE,0.9947450160980225
659,NEGATIVE,0.9995217323303223
660,NEGATIVE,0.9986238479614258
661,NEGATIVE,0.995898425579071
662,NEGATIVE,0.9947729706764221
663,NEGATIVE,0.9980964064598083
664,NEGATIVE,0.9985778331756592
665,NEGATIVE,0.9980144500732422
666,NEGATIVE,0.9621236324310303
667,NEGATIVE,0.995398223400116
668,NEGATIVE,0.9995573163032532
669,POSITIVE,0.585982084274292
670,NEGATIVE,0.999377429485321
671,NEGATIVE,0.9832893013954163
672,NEGATIVE,0.9996423721313477
673,NEGATIVE,0.9967825412750244
674,NEGATIVE,0.9985719919204712
675,NEGATIVE,0.9987885355949402
676,NEGATIVE,0.9993911981582642
677,NEGATIVE,0.9980171918869019
678,NEGATIVE,0.999670147895813
679,NEGATIVE,0.9951583743095398
680,NEGATIVE,0.9512078762054443
681,POSITIVE,0.9949182868003845
682,POSITIVE,0.988523006439209
683,NEGATIVE,0.9946700930595398
684,NEGATIVE,0.9962060451507568
685,NEGATIVE,0.9994611144065857
686,NEGATIVE,0.9987651109695435
687,NEGATIVE,0.9992875456809998
688,NEGATIVE,0.9956697225570679
689,NEGATIVE,0.9995226860046387
690,NEGATIVE,0.9996869564056396
691,NEGATIVE,0.9985746145248413
692,NEGATIVE,0.9961127638816833
693,POSITIVE,0.7634776830673218
694,NEGATIVE,0.9507027268409729
695,NEGATIVE,0.9620683789253235
696,NEGATIVE,0.9355372786521912
697,NEGATIVE,0.9996607303619385
698,POSITIVE,0.9852645993232727
699,NEGATIVE,0.9995408058166504
700,NEGATIVE,0.998387336730957
701,NEGATIVE,0.999517560005188
702,NEGATIVE,0.9995829463005066
703,NEGATIVE,0.9957323670387268
704,NEGATIVE,0.9997318387031555
705,NEGATIVE,0.9990027546882629
706,NEGATIVE,0.9997280240058899
707,NEGATIVE,0.9992721676826477
708,NEGATIVE,0.9017754197120667
709,NEGATIVE,0.999263346195221
710,NEGATIVE,0.99703049659729
711,NEGATIVE,0.99535071849823
712,NEGATIVE,0.9384939670562744
713,NEGATIVE,0.9983620047569275
714,NEGATIVE,0.9996263980865479
715,NEGATIVE,0.9772776365280151
716,NEGATIVE,0.9997051358222961
717,NEGATIVE,0.9987936019897461
718,NEGATIVE,0.9975827932357788
719,NEGATIVE,0.999648928642273
720,NEGATIVE,0.9971401691436768
721,NEGATIVE,0.9976119995117188
722,NEGATIVE,0.9969658255577087
723,POSITIVE,0.9927874207496643
724,NEGATIVE,0.9978492259979248
725,NEGATIVE,0.9933751225471497
726,NEGATIVE,0.9977611303329468
727,NEGATIVE,0.9996470212936401
728,NEGATIVE,0.9988743662834167
729,NEGATIVE,0.9987117052078247
730,NEGATIVE,0.9998069405555725
731,NEGATIVE,0.9974658489227295
732,NEGATIVE,0.9994710087776184
733,NEGATIVE,0.9984071850776672
734,NEGATIVE,0.9977947473526001
735,NEGATIVE,0.9883855581283569
736,NEGATIVE,0.9997383952140808
737,NEGATIVE,0.9984924793243408
738,NEGATIVE,0.959071695804596
739,NEGATIVE,0.9892327785491943
740,NEGATIVE,0.9995695948600769
741,NEGATIVE,0.9955552220344543
742,NEGATIVE,0.9990410208702087
743,NEGATIVE,0.9785687923431396
744,POSITIVE,0.817851722240448
745,NEGATIVE,0.9992256164550781
746,NEGATIVE,0.9967904686927795
747,NEGATIVE,0.9980188608169556
748,NEGATIVE,0.9966874718666077
749,NEGATIVE,0.9997859597206116
750,NEGATIVE,0.9993990659713745
751,NEGATIVE,0.992861807346344
752,NEGATIVE,0.9449489712715149
753,NEGATIVE,0.9946940541267395
754,NEGATIVE,0.997912585735321
755,NEGATIVE,0.9991036057472229
756,NEGATIVE,0.9986268281936646
757,NEGATIVE,0.9987886548042297
758,NEGATIVE,0.9977753758430481
759,NEGATIVE,0.9924343824386597
760,POSITIVE,0.9387664794921875
761,NEGATIVE,0.9988349080085754
762,NEGATIVE,0.9997058510780334
763,POSITIVE,0.5489393472671509
764,NEGATIVE,0.9989975094795227
765,NEGATIVE,0.7541361451148987
766,NEGATIVE,0.9951070547103882
767,NEGATIVE,0.9948969483375549
768,NEGATIVE,0.9989079236984253
769,NEGATIVE,0.9947295784950256
770,NEGATIVE,0.9991693496704102
771,NEGATIVE,0.989754855632782
772,NEGATIVE,0.9996201992034912
773,NEGATIVE,0.5765518546104431
774,NEGATIVE,0.9945839047431946
775,NEGATIVE,0.9990691542625427
776,NEGATIVE,0.9997900128364563
777,NEGATIVE,0.99678635597229
778,NEGATIVE,0.9953317046165466
779,NEGATIVE,0.9971646666526794
780,NEGATIVE,0.9992266893386841
781,NEGATIVE,0.985480010509491
782,NEGATIVE,0.9933574795722961
783,NEGATIVE,0.9978796243667603
784,NEGATIVE,0.9982509016990662
785,NEGATIVE,0.9997683167457581
786,NEGATIVE,0.7047325968742371
787,NEGATIVE,0.9980008006095886
788,NEGATIVE,0.9969384670257568
789,NEGATIVE,0.9997674822807312
790,NEGATIVE,0.999626874923706
791,NEGATIVE,0.9996424913406372
792,POSITIVE,0.6594210267066956
793,NEGATIVE,0.9968463778495789
794,NEGATIVE,0.9922388792037964
795,NEGATIVE,0.9957400560379028
796,NEGATIVE,0.9997065663337708
797,NEGATIVE,0.9992048144340515
798,NEGATIVE,0.9992883801460266
799,POSITIVE,0.8203266859054565
800,NEGATIVE,0.9997902512550354
801,NEGATIVE,0.9979439377784729
802,POSITIVE,0.940044641494751
803,NEGATIVE,0.9994157552719116
804,NEGATIVE,0.996847927570343
805,NEGATIVE,0.999645471572876
806,NEGATIVE,0.9995859265327454
807,NEGATIVE,0.9977660179138184
808,NEGATIVE,0.9997408986091614
809,NEGATIVE,0.9996693134307861
810,NEGATIVE,0.9717983603477478
811,NEGATIVE,0.9993495345115662
812,NEGATIVE,0.9608319997787476
813,NEGATIVE,0.9996434450149536
814,NEGATIVE,0.9968416690826416
815,NEGATIVE,0.9518232941627502
816,NEGATIVE,0.9968860745429993
817,NEGATIVE,0.7805095314979553
818,NEGATIVE,0.9984707236289978
819,NEGATIVE,0.9996317625045776
820,NEGATIVE,0.9952487349510193
821,NEGATIVE,0.9995966553688049
822,NEGATIVE,0.9982155561447144
823,NEGATIVE,0.999705970287323
824,NEGATIVE,0.9982660412788391
825,NEGATIVE,0.9934364557266235
826,NEGATIVE,0.9972051978111267
827,NEGATIVE,0.9998102784156799
828,NEGATIVE,0.9997833371162415
829,NEGATIVE,0.9947366118431091
830,NEGATIVE,0.9983353018760681
831,NEGATIVE,0.9925139546394348
832,POSITIVE,0.9958665370941162
833,NEGATIVE,0.9981057643890381
834,NEGATIVE,0.9997394680976868
835,POSITIVE,0.906899094581604
836,NEGATIVE,0.9592591524124146
837,POSITIVE,0.9438770413398743
838,NEGATIVE,0.9198676347732544
839,NEGATIVE,0.9993717074394226
840,NEGATIVE,0.9996750354766846
841,NEGATIVE,0.9937886595726013
842,NEGATIVE,0.9994571805000305
843,POSITIVE,0.5351291298866272
844,NEGATIVE,0.9288937449455261
845,NEGATIVE,0.9965183734893799
846,NEGATIVE,0.966715931892395
847,NEGATIVE,0.997626006603241
848,NEGATIVE,0.9995519518852234
849,NEGATIVE,0.8594347238540649
850,NEGATIVE,0.9993461966514587
851,NEGATIVE,0.9919354915618896
852,NEGATIVE,0.9979343414306641
853,NEGATIVE,0.9974494576454163
854,NEGATIVE,0.9976505637168884
855,NEGATIVE,0.9995750784873962
856,NEGATIVE,0.9980806112289429
857,NEGATIVE,0.9937513470649719
858,NEGATIVE,0.9993118047714233
859,NEGATIVE,0.9990761280059814
860,NEGATIVE,0.9937294721603394
861,NEGATIVE,0.9981023669242859
862,NEGATIVE,0.9966990351676941
863,NEGATIVE,0.9986640214920044
864,NEGATIVE,0.9980475902557373
865,NEGATIVE,0.964378833770752
866,NEGATIVE,0.9995095729827881
867,NEGATIVE,0.9969413876533508
868,NEGATIVE,0.9991369843482971
869,POSITIVE,0.996900200843811
870,NEGATIVE,0.9989715814590454
871,NEGATIVE,0.9993197917938232
872,NEGATIVE,0.996996283531189
873,NEGATIVE,0.9989533424377441
874,NEGATIVE,0.998082160949707
875,NEGATIVE,0.9514185786247253
876,NEGATIVE,0.9474053978919983
877,NEGATIVE,0.9995953440666199
878,NEGATIVE,0.9991719722747803
879,NEGATIVE,0.997178316116333
880,NEGATIVE,0.9993211030960083
881,NEGATIVE,0.9993995428085327
882,NEGATIVE,0.9967241883277893
883,NEGATIVE,0.9754915833473206
884,NEGATIVE,0.9997870326042175
885,NEGATIVE,0.9983293414115906
886,NEGATIVE,0.996266782283783
887,NEGATIVE,0.999015212059021
888,NEGATIVE,0.9903469681739807
889,NEGATIVE,0.9602809548377991
890,NEGATIVE,0.9996809959411621
891,POSITIVE,0.9981607794761658
892,NEGATIVE,0.9997419714927673
893,POSITIVE,0.650339663028717
894,NEGATIVE,0.9962448477745056
895,NEGATIVE,0.9840198755264282
896,NEGATIVE,0.9993357062339783
897,NEGATIVE,0.9997754693031311
898,NEGATIVE,0.9994925260543823
899,NEGATIVE,0.998516857624054
900,NEGATIVE,0.999504804611206
901,POSITIVE,0.6276587843894958
902,NEGATIVE,0.9891429543495178
903,NEGATIVE,0.9991462230682373
904,NEGATIVE,0.9997648596763611
905,NEGATIVE,0.9996721744537354
906,NEGATIVE,0.9996252059936523
907,NEGATIVE,0.9994733929634094
908,NEGATIVE,0.9995796084403992
909,NEGATIVE,0.9990653395652771
910,NEGATIVE,0.9995723366737366
911,NEGATIVE,0.9968056678771973
912,NEGATIVE,0.9997794032096863
913,POSITIVE,0.993334174156189
914,NEGATIVE,0.9925844073295593
915,NEGATIVE,0.9940091371536255
916,NEGATIVE,0.9985637068748474
917,NEGATIVE,0.9989558458328247
918,NEGATIVE,0.9996907711029053
919,NEGATIVE,0.9978873133659363
920,NEGATIVE,0.9947301149368286
921,NEGATIVE,0.9885901808738708
922,NEGATIVE,0.8715299367904663
923,NEGATIVE,0.9997157454490662
924,NEGATIVE,0.9717930555343628
925,NEGATIVE,0.9976304769515991
926,NEGATIVE,0.9997720122337341
927,NEGATIVE,0.9992374181747437
928,NEGATIVE,0.9843021631240845
929,NEGATIVE,0.6463465094566345
930,NEGATIVE,0.9993354678153992
931,NEGATIVE,0.9943683743476868
932,NEGATIVE,0.9951642751693726
933,NEGATIVE,0.9997076392173767
934,NEGATIVE,0.9997801184654236
935,NEGATIVE,0.9997966885566711
936,NEGATIVE,0.8665942549705505
937,NEGATIVE,0.9997654557228088
938,NEGATIVE,0.9996446371078491
939,NEGATIVE,0.9916344881057739
940,NEGATIVE,0.9997140765190125
941,NEGATIVE,0.9985741376876831
942,NEGATIVE,0.9994558691978455
943,NEGATIVE,0.9995864033699036
944,NEGATIVE,0.9992695450782776
945,NEGATIVE,0.9937267303466797
946,NEGATIVE,0.992100179195404
947,NEGATIVE,0.9776290059089661
948,NEGATIVE,0.9983950257301331
949,NEGATIVE,0.9925397038459778
950,NEGATIVE,0.9986565113067627
951,NEGATIVE,0.9774157404899597
952,POSITIVE,0.801695704460144
953,NEGATIVE,0.9962067604064941
954,NEGATIVE,0.9977248311042786
955,NEGATIVE,0.9991946816444397
956,NEGATIVE,0.9997286200523376
957,NEGATIVE,0.9995346069335938
958,NEGATIVE,0.9923200011253357
959,NEGATIVE,0.9997263550758362
960,NEGATIVE,0.9880759716033936
961,NEGATIVE,0.9764294624328613
962,NEGATIVE,0.977790355682373
963,POSITIVE,0.9886689782142639
964,POSITIVE,0.6862122416496277
965,NEGATIVE,0.9963030815124512
966,NEGATIVE,0.998223602771759
967,POSITIVE,0.845962643623352
968,NEGATIVE,0.9970017075538635
969,POSITIVE,0.9610500335693359
970,NEGATIVE,0.9995371103286743
971,NEGATIVE,0.9995892643928528
972,NEGATIVE,0.9997194409370422
973,NEGATIVE,0.9996647834777832
974,NEGATIVE,0.9994964599609375
975,NEGATIVE,0.9994331002235413
976,NEGATIVE,0.9997193217277527
977,NEGATIVE,0.9988242983818054
978,NEGATIVE,0.9928922653198242
979,NEGATIVE,0.9996739625930786
980,NEGATIVE,0.9990620017051697
981,NEGATIVE,0.9970526695251465
982,NEGATIVE,0.992139995098114
983,NEGATIVE,0.9707176685333252
984,NEGATIVE,0.9922462105751038
985,NEGATIVE,0.9992947578430176
986,NEGATIVE,0.9962309002876282
987,NEGATIVE,0.9963006973266602
988,NEGATIVE,0.8140422701835632
989,NEGATIVE,0.9997321963310242
990,NEGATIVE,0.9994833469390869
991,NEGATIVE,0.9981028437614441
992,NEGATIVE,0.9996737241744995
993,NEGATIVE,0.9996819496154785
994,POSITIVE,0.9803604483604431
995,NEGATIVE,0.9989013671875
996,NEGATIVE,0.9996187686920166
997,NEGATIVE,0.9964295029640198
998,NEGATIVE,0.9976291060447693
999,NEGATIVE,0.9997687935829163
1000,NEGATIVE,0.9993935823440552
1001,NEGATIVE,0.9997738003730774
1002,NEGATIVE,0.7496609091758728
1003,NEGATIVE,0.9987257122993469
1004,POSITIVE,0.9786214232444763
1005,NEGATIVE,0.9969456791877747
1006,NEGATIVE,0.9996821880340576
1007,NEGATIVE,0.9915629625320435
1008,NEGATIVE,0.8836468458175659
1009,NEGATIVE,0.889004647731781
1010,NEGATIVE,0.9998096823692322
1011,POSITIVE,0.9822052121162415
1012,NEGATIVE,0.9970955848693848
1013,NEGATIVE,0.99980229139328
1014,NEGATIVE,0.999761164188385
1015,NEGATIVE,0.9995176792144775
1016,NEGATIVE,0.9995330572128296
1017,NEGATIVE,0.999698281288147
1018,NEGATIVE,0.9945355653762817
1019,NEGATIVE,0.9997147917747498
1020,NEGATIVE,0.9994661211967468
1021,NEGATIVE,0.9963867664337158
1022,NEGATIVE,0.9997249245643616
1023,NEGATIVE,0.999679446220398
1024,NEGATIVE,0.9994233846664429
1025,NEGATIVE,0.9995688796043396
1026,NEGATIVE,0.9996862411499023
1027,POSITIVE,0.9943716526031494
1028,NEGATIVE,0.9997761845588684
1029,NEGATIVE,0.9997581839561462
1030,NEGATIVE,0.9959776997566223
1031,NEGATIVE,0.9988163709640503
1032,NEGATIVE,0.999484658241272
1033,NEGATIVE,0.9991759657859802
1034,NEGATIVE,0.9996935129165649
1035,NEGATIVE,0.9994838237762451
1036,POSITIVE,0.7858598232269287
1037,NEGATIVE,0.9973180890083313
1038,NEGATIVE,0.9998051524162292
1039,NEGATIVE,0.6852200627326965
1040,NEGATIVE,0.99835205078125
1041,NEGATIVE,0.9992080330848694
1042,NEGATIVE,0.9990628361701965
1043,NEGATIVE,0.983228862285614
1044,NEGATIVE,0.9995265007019043
1045,NEGATIVE,0.9998101592063904
1046,NEGATIVE,0.9996657371520996
1047,NEGATIVE,0.9997182488441467
1048,NEGATIVE,0.9992855191230774
1049,NEGATIVE,0.9950526356697083
1050,NEGATIVE,0.9981896281242371
1051,NEGATIVE,0.5851470828056335
1052,NEGATIVE,0.9980169534683228
1053,NEGATIVE,0.999735414981842
1054,NEGATIVE,0.9942346215248108
1055,NEGATIVE,0.9965447783470154
1056,NEGATIVE,0.9994530081748962
1057,NEGATIVE,0.9963416457176208
1058,NEGATIVE,0.9994039535522461
1059,NEGATIVE,0.7171815633773804
1060,NEGATIVE,0.9989418387413025
1061,NEGATIVE,0.9986681938171387
1062,NEGATIVE,0.9637253880500793
1063,NEGATIVE,0.9976404905319214
1064,NEGATIVE,0.9862272143363953
1065,NEGATIVE,0.9974852800369263
1066,NEGATIVE,0.9995611310005188
1067,POSITIVE,0.9995964169502258
1068,NEGATIVE,0.9981512427330017
1069,NEGATIVE,0.9995967745780945
1070,NEGATIVE,0.9996798038482666
1071,NEGATIVE,0.9969991445541382
1072,NEGATIVE,0.969710648059845
1073,NEGATIVE,0.9993144273757935
1074,NEGATIVE,0.9970901012420654
1075,NEGATIVE,0.9871186017990112
1076,NEGATIVE,0.9972226619720459
1077,NEGATIVE,0.9970933198928833
1078,NEGATIVE,0.9997639060020447
1079,NEGATIVE,0.9963312745094299
1080,NEGATIVE,0.9967318773269653
1081,NEGATIVE,0.9997487664222717
1082,NEGATIVE,0.9964407086372375
1083,NEGATIVE,0.9941301941871643
1084,NEGATIVE,0.9996229410171509
1085,POSITIVE,0.9985131621360779
1086,NEGATIVE,0.9994210004806519
1087,NEGATIVE,0.9925746917724609
1088,NEGATIVE,0.9992245435714722
1089,NEGATIVE,0.5280407667160034
1090,NEGATIVE,0.9994385838508606
1091,NEGATIVE,0.9998061060905457
1092,NEGATIVE,0.9985835552215576
1093,POSITIVE,0.9952983260154724
1094,NEGATIVE,0.9995915293693542
1095,NEGATIVE,0.9997058510780334
1096,NEGATIVE,0.9946286082267761
1097,NEGATIVE,0.9971524477005005
1098,NEGATIVE,0.9993053674697876
1099,NEGATIVE,0.9987398982048035
1100,POSITIVE,0.7771710753440857
1101,NEGATIVE,0.9980186223983765
1102,NEGATIVE,0.998762845993042
1103,NEGATIVE,0.9982376098632812
1104,NEGATIVE,0.9981778860092163
1105,NEGATIVE,0.8766816258430481
1106,NEGATIVE,0.8857840299606323
1107,POSITIVE,0.7500407099723816
1108,NEGATIVE,0.998006284236908
1109,POSITIVE,0.503339409828186
1110,NEGATIVE,0.9997186064720154
1111,NEGATIVE,0.991958737373352
1112,NEGATIVE,0.9996851682662964
1113,POSITIVE,0.9943274855613708
1114,NEGATIVE,0.9974023103713989
1115,NEGATIVE,0.999055802822113
1116,POSITIVE,0.6754025220870972
1117,NEGATIVE,0.9993425011634827
1118,NEGATIVE,0.9989374279975891
1119,NEGATIVE,0.9931453466415405
1120,NEGATIVE,0.9958034157752991
1121,NEGATIVE,0.9996707439422607
1122,POSITIVE,0.9392250776290894
1123,NEGATIVE,0.9997846484184265
1124,NEGATIVE,0.713180422782898
1125,NEGATIVE,0.9975637197494507
1126,NEGATIVE,0.9976722598075867
1127,POSITIVE,0.8544787764549255
1128,POSITIVE,0.6661546230316162
1129,NEGATIVE,0.999388575553894
1130,NEGATIVE,0.9996005892753601
1131,NEGATIVE,0.9996438026428223
1132,NEGATIVE,0.9819590449333191
1133,NEGATIVE,0.9844324588775635
1134,NEGATIVE,0.9987485408782959
1135,POSITIVE,0.9848398566246033
1136,NEGATIVE,0.9988341927528381
1137,NEGATIVE,0.9992582201957703
1138,NEGATIVE,0.9997218251228333
1139,NEGATIVE,0.9977769255638123
1140,NEGATIVE,0.9979777932167053
1141,NEGATIVE,0.9994910955429077
1142,NEGATIVE,0.9972583055496216
1143,NEGATIVE,0.9992666840553284
1144,NEGATIVE,0.9997615218162537
1145,NEGATIVE,0.9994401335716248
1146,NEGATIVE,0.9979066848754883
1147,NEGATIVE,0.8261700868606567
1148,NEGATIVE,0.8805025815963745
1149,NEGATIVE,0.9989639520645142
1150,NEGATIVE,0.9997202754020691
1151,NEGATIVE,0.9973256587982178
1152,NEGATIVE,0.9981246590614319
1153,NEGATIVE,0.997140645980835
1154,NEGATIVE,0.9703148603439331
1155,NEGATIVE,0.9973587393760681
1156,NEGATIVE,0.9964340925216675
1157,NEGATIVE,0.999677300453186
1158,NEGATIVE,0.9995042085647583
1159,NEGATIVE,0.6461610794067383
1160,NEGATIVE,0.9951843619346619
1161,NEGATIVE,0.9984879493713379
1162,NEGATIVE,0.999782383441925
1163,NEGATIVE,0.9949628114700317
1164,POSITIVE,0.9309747219085693
1165,NEGATIVE,0.9755688309669495
1166,NEGATIVE,0.9996739625930786
1167,NEGATIVE,0.9993984699249268
1168,NEGATIVE,0.9987263083457947
1169,NEGATIVE,0.998955488204956
1170,NEGATIVE,0.996404767036438
1171,NEGATIVE,0.7064371705055237
1172,NEGATIVE,0.9967029690742493
1173,NEGATIVE,0.9987183809280396
1174,NEGATIVE,0.999200165271759
1175,POSITIVE,0.8159399032592773
1176,NEGATIVE,0.9061642289161682
1177,NEGATIVE,0.9995773434638977
1178,NEGATIVE,0.990151047706604
1179,NEGATIVE,0.9987897276878357
1180,NEGATIVE,0.9986323714256287
1181,NEGATIVE,0.9982299208641052
1182,NEGATIVE,0.9978004097938538
1183,POSITIVE,0.9131243824958801
1184,NEGATIVE,0.9992170333862305
1185,NEGATIVE,0.9992510676383972
1186,NEGATIVE,0.999704897403717
1187,NEGATIVE,0.9997530579566956
1188,NEGATIVE,0.9818261861801147
1189,NEGATIVE,0.9997581839561462
1190,NEGATIVE,0.9993858337402344
1191,NEGATIVE,0.998551070690155
1192,NEGATIVE,0.9997445940971375
1193,NEGATIVE,0.9996966123580933
1194,NEGATIVE,0.9953138828277588
1195,NEGATIVE,0.9995465874671936
1196,NEGATIVE,0.9975922703742981
1197,NEGATIVE,0.9987867474555969
1198,NEGATIVE,0.9913903474807739
1199,NEGATIVE,0.999748170375824
1200,NEGATIVE,0.9979711174964905
1201,NEGATIVE,0.9992629885673523
1202,NEGATIVE,0.9913363456726074
1203,NEGATIVE,0.9962349534034729
1204,POSITIVE,0.9550564885139465
1205,NEGATIVE,0.9997155070304871
1206,NEGATIVE,0.9996365308761597
1207,NEGATIVE,0.9973760843276978
1208,NEGATIVE,0.9952267408370972
1209,NEGATIVE,0.9997841715812683
1210,POSITIVE,0.9952593445777893
1211,NEGATIVE,0.9990756511688232
1212,NEGATIVE,0.9969449639320374
1213,NEGATIVE,0.9996657371520996
1214,NEGATIVE,0.9950566291809082
1215,NEGATIVE,0.9727487564086914
1216,NEGATIVE,0.9921900629997253
1217,NEGATIVE,0.969282865524292
1218,NEGATIVE,0.9957228899002075
1219,POSITIVE,0.981819748878479
1220,NEGATIVE,0.9983332753181458
1221,NEGATIVE,0.9996292591094971
1222,NEGATIVE,0.9894890189170837
1223,POSITIVE,0.726328432559967
1224,NEGATIVE,0.9988279938697815
1225,POSITIVE,0.5811025500297546
1226,POSITIVE,0.6582745313644409
1227,POSITIVE,0.9068660736083984
1228,NEGATIVE,0.9975958466529846
1229,NEGATIVE,0.9995996356010437
1230,NEGATIVE,0.9996922016143799
1231,NEGATIVE,0.9937171936035156
1232,NEGATIVE,0.9968609809875488
1233,NEGATIVE,0.9919031262397766
1234,NEGATIVE,0.9996612071990967
1235,NEGATIVE,0.9987956285476685
1236,POSITIVE,0.6916507482528687
1237,NEGATIVE,0.9995324611663818
1238,NEGATIVE,0.9996138215065002
1239,NEGATIVE,0.9997959733009338
1240,NEGATIVE,0.9990359544754028
1241,NEGATIVE,0.9987241625785828
1242,NEGATIVE,0.8358858823776245
1243,NEGATIVE,0.9975372552871704
1244,NEGATIVE,0.9982401132583618
1245,NEGATIVE,0.9970675110816956
1246,NEGATIVE,0.9975186586380005
1247,NEGATIVE,0.9996451139450073
1248,NEGATIVE,0.9995649456977844
1249,NEGATIVE,0.9988314509391785
1250,NEGATIVE,0.9980942606925964
1251,NEGATIVE,0.9997952580451965
1252,NEGATIVE,0.9974338412284851
1253,POSITIVE,0.7197684049606323
1254,NEGATIVE,0.9943329095840454
1255,NEGATIVE,0.9989356398582458
1256,NEGATIVE,0.9932918548583984
1257,NEGATIVE,0.9836507439613342
1258,NEGATIVE,0.999609649181366
1259,NEGATIVE,0.9970876574516296
1260,NEGATIVE,0.9993059635162354
1261,NEGATIVE,0.9191545844078064
1262,NEGATIVE,0.9997873902320862
1263,NEGATIVE,0.9985418319702148
1264,NEGATIVE,0.9986935257911682
1265,NEGATIVE,0.9988036155700684
1266,NEGATIVE,0.9996446371078491
1267,NEGATIVE,0.9890544414520264
1268,POSITIVE,0.9896486401557922
1269,NEGATIVE,0.9993638396263123
1270,NEGATIVE,0.9848917722702026
1271,NEGATIVE,0.9997170567512512
1272,NEGATIVE,0.9949230551719666
1273,NEGATIVE,0.9997233748435974
1274,NEGATIVE,0.9829486012458801
1275,NEGATIVE,0.9997172951698303
1276,POSITIVE,0.9977346658706665
1277,NEGATIVE,0.5553164482116699
1278,NEGATIVE,0.9989155530929565
1279,NEGATIVE,0.9995600581169128
1280,NEGATIVE,0.9994428753852844
1281,NEGATIVE,0.9965749382972717
1282,POSITIVE,0.999138355255127
1283,NEGATIVE,0.9992839694023132
1284,NEGATIVE,0.9808807373046875
1285,NEGATIVE,0.999679684638977
1286,NEGATIVE,0.9997066855430603
1287,NEGATIVE,0.9958731532096863
1288,NEGATIVE,0.9968760013580322
1289,NEGATIVE,0.9874304533004761
1290,NEGATIVE,0.8739544153213501
1291,POSITIVE,0.7472345232963562
1292,POSITIVE,0.9972805976867676
1293,NEGATIVE,0.9488474130630493
1294,NEGATIVE,0.9991908669471741
1295,NEGATIVE,0.5301937460899353
1296,NEGATIVE,0.9997244477272034
1297,NEGATIVE,0.9979432225227356
1298,NEGATIVE,0.9991270899772644
1299,NEGATIVE,0.9995836615562439
1300,NEGATIVE,0.9981204867362976
1301,NEGATIVE,0.999259889125824
1302,NEGATIVE,0.9963825941085815
1303,NEGATIVE,0.9963852167129517
1304,NEGATIVE,0.7603970170021057
1305,NEGATIVE,0.9989672899246216
1306,NEGATIVE,0.999754011631012
1307,NEGATIVE,0.9996689558029175
1308,NEGATIVE,0.9997225403785706
1309,NEGATIVE,0.9952150583267212
1310,NEGATIVE,0.9973756074905396
1311,NEGATIVE,0.992159366607666
1312,NEGATIVE,0.9992054104804993
1313,NEGATIVE,0.9923821091651917
1314,NEGATIVE,0.9997726082801819
1315,NEGATIVE,0.9982708692550659
1316,NEGATIVE,0.9991028308868408
1317,NEGATIVE,0.9972739815711975
1318,NEGATIVE,0.9984632730484009
1319,NEGATIVE,0.9997959733009338
1320,POSITIVE,0.9920935034751892
1321,NEGATIVE,0.9996086955070496
1322,NEGATIVE,0.9995600581169128
1323,NEGATIVE,0.9995108842849731
1324,NEGATIVE,0.9995697140693665
1325,POSITIVE,0.6342244744300842
1326,NEGATIVE,0.9997745156288147
1327,NEGATIVE,0.9550667405128479
1328,NEGATIVE,0.9966172575950623
1329,NEGATIVE,0.9970746040344238
1330,POSITIVE,0.9888098835945129
1331,NEGATIVE,0.9997791647911072
1332,NEGATIVE,0.999581515789032
1333,NEGATIVE,0.9984291195869446
1334,NEGATIVE,0.9993425011634827
1335,NEGATIVE,0.9894927740097046
1336,NEGATIVE,0.9969618916511536
1337,NEGATIVE,0.9996252059936523
1338,NEGATIVE,0.9877340793609619
1339,NEGATIVE,0.9995546936988831
1340,NEGATIVE,0.9976871013641357
1341,NEGATIVE,0.9994090795516968
1342,NEGATIVE,0.9997380375862122
1343,NEGATIVE,0.9994858503341675
1344,NEGATIVE,0.9992467164993286
1345,NEGATIVE,0.9988402724266052
1346,NEGATIVE,0.9926912188529968
1347,NEGATIVE,0.928726077079773
1348,NEGATIVE,0.9988105297088623
1349,NEGATIVE,0.9986097812652588
1350,NEGATIVE,0.9979846477508545
1351,NEGATIVE,0.994125247001648
1352,NEGATIVE,0.9984394907951355
1353,POSITIVE,0.9873926043510437
1354,NEGATIVE,0.8839977383613586
1355,NEGATIVE,0.9995805621147156
1356,NEGATIVE,0.9997021555900574
1357,POSITIVE,0.6850821375846863
1358,POSITIVE,0.5028759837150574
1359,NEGATIVE,0.9932337403297424
1360,NEGATIVE,0.9950842261314392
1361,NEGATIVE,0.9997442364692688
1362,POSITIVE,0.9910234212875366
1363,NEGATIVE,0.999373733997345
1364,NEGATIVE,0.9982913136482239
1365,NEGATIVE,0.9981889128684998
1366,NEGATIVE,0.9991928935050964
1367,NEGATIVE,0.9926839470863342
1368,NEGATIVE,0.9887635707855225
1369,NEGATIVE,0.9962873458862305
1370,NEGATIVE,0.998665452003479
1371,NEGATIVE,0.9986172914505005
1372,NEGATIVE,0.9994565844535828
1373,NEGATIVE,0.9997918009757996
1374,NEGATIVE,0.9995777010917664
1375,NEGATIVE,0.9995323419570923
1376,NEGATIVE,0.9991644620895386
1377,NEGATIVE,0.9997087121009827
1378,NEGATIVE,0.999466598033905
1379,NEGATIVE,0.9985163807868958
1380,POSITIVE,0.9650465250015259
1381,NEGATIVE,0.9985703229904175
1382,NEGATIVE,0.9968972206115723
1383,NEGATIVE,0.9992119073867798
1384,NEGATIVE,0.9988558292388916
1385,NEGATIVE,0.999790608882904
1386,NEGATIVE,0.9902706146240234
1387,NEGATIVE,0.9951961636543274
1388,NEGATIVE,0.9993671774864197
1389,NEGATIVE,0.998854398727417
1390,NEGATIVE,0.9988077878952026
1391,NEGATIVE,0.9998025298118591
1392,NEGATIVE,0.9975405931472778
1393,NEGATIVE,0.9993945360183716
1394,NEGATIVE,0.9982566237449646
1395,NEGATIVE,0.9896104335784912
1396,POSITIVE,0.7963054180145264
1397,NEGATIVE,0.999692440032959
1398,NEGATIVE,0.9990370273590088
1399,NEGATIVE,0.9998000264167786
1400,POSITIVE,0.9994471669197083
1401,NEGATIVE,0.9980202913284302
1402,NEGATIVE,0.9990823268890381
1403,NEGATIVE,0.9993101358413696
1404,NEGATIVE,0.9995373487472534
1405,NEGATIVE,0.998184859752655
1406,NEGATIVE,0.9960744380950928
1407,NEGATIVE,0.9982910752296448
1408,POSITIVE,0.7642859220504761
1409,NEGATIVE,0.9924894571304321
1410,NEGATIVE,0.9199597835540771
1411,NEGATIVE,0.9971471428871155
1412,NEGATIVE,0.9942169189453125
1413,NEGATIVE,0.995999813079834
1414,NEGATIVE,0.9986110925674438
1415,POSITIVE,0.9070100784301758
1416,NEGATIVE,0.9987044334411621
1417,NEGATIVE,0.9964085221290588
1418,NEGATIVE,0.998482882976532
1419,POSITIVE,0.8339188098907471
1420,NEGATIVE,0.8925608992576599
1421,NEGATIVE,0.9972472786903381
1422,NEGATIVE,0.9990254640579224
1423,NEGATIVE,0.9997678399085999
1424,NEGATIVE,0.9993646740913391
1425,NEGATIVE,0.9985780715942383
1426,POSITIVE,0.8277807831764221
1427,NEGATIVE,0.9975306391716003
1428,NEGATIVE,0.9974573254585266
1429,NEGATIVE,0.9982722997665405
1430,NEGATIVE,0.9990493655204773
1431,NEGATIVE,0.9992740750312805
1432,NEGATIVE,0.8217369318008423
1433,NEGATIVE,0.9811415076255798
1434,NEGATIVE,0.9946607947349548
1435,NEGATIVE,0.9985527396202087
1436,NEGATIVE,0.9980937838554382
1437,NEGATIVE,0.9930475354194641
1438,NEGATIVE,0.9903426170349121
1439,NEGATIVE,0.9996527433395386
1440,NEGATIVE,0.9987745881080627
1441,NEGATIVE,0.9996706247329712
1442,NEGATIVE,0.9997996687889099
1443,NEGATIVE,0.9961038827896118
1444,NEGATIVE,0.9979841709136963
1445,NEGATIVE,0.9717096090316772
1446,NEGATIVE,0.9991679191589355
1447,NEGATIVE,0.9997416138648987
1448,POSITIVE,0.9973450303077698
1449,NEGATIVE,0.9982399940490723
1450,POSITIVE,0.9994640946388245
1451,NEGATIVE,0.9990955591201782
1452,NEGATIVE,0.9996802806854248
1453,NEGATIVE,0.9996657371520996
1454,NEGATIVE,0.9921535849571228
1455,NEGATIVE,0.9309642314910889
1456,POSITIVE,0.8620745539665222
1457,NEGATIVE,0.9772583842277527
1458,NEGATIVE,0.9996799230575562
1459,NEGATIVE,0.9983206391334534
1460,NEGATIVE,0.9910171031951904
1461,NEGATIVE,0.9997697472572327
1462,NEGATIVE,0.9995750784873962
1463,NEGATIVE,0.9983841180801392
1464,NEGATIVE,0.9760386347770691
1465,NEGATIVE,0.9881290793418884
1466,NEGATIVE,0.9986883997917175
1467,NEGATIVE,0.9993143081665039
1468,NEGATIVE,0.9997712969779968
1469,POSITIVE,0.988821268081665
1470,NEGATIVE,0.9996497631072998
1471,NEGATIVE,0.9997089505195618
1472,NEGATIVE,0.9995439648628235
1473,NEGATIVE,0.9993858337402344
1474,NEGATIVE,0.997919499874115
1475,NEGATIVE,0.9941839575767517
1476,NEGATIVE,0.9989953637123108
1477,NEGATIVE,0.9987514019012451
1478,NEGATIVE,0.9995785355567932
1479,NEGATIVE,0.9997521042823792
1480,NEGATIVE,0.9997606873512268
1481,NEGATIVE,0.9994810223579407
1482,NEGATIVE,0.9997827410697937
1483,NEGATIVE,0.987933337688446
1484,NEGATIVE,0.9935412406921387
1485,NEGATIVE,0.9975572824478149
1486,NEGATIVE,0.9985552430152893
1487,NEGATIVE,0.9654347896575928
1488,NEGATIVE,0.9937764406204224
1489,NEGATIVE,0.993983805179596
1490,NEGATIVE,0.9900009632110596
1491,NEGATIVE,0.9976805448532104
1492,POSITIVE,0.8803627490997314
1493,NEGATIVE,0.9961899518966675
1494,NEGATIVE,0.9807207584381104
1495,NEGATIVE,0.9843445420265198
1496,NEGATIVE,0.997536301612854
1497,NEGATIVE,0.9966738224029541
1498,NEGATIVE,0.9993910789489746
1499,NEGATIVE,0.9995341300964355
1500,NEGATIVE,0.9780029654502869
1501,NEGATIVE,0.9988052845001221
1502,NEGATIVE,0.9921028017997742
1503,NEGATIVE,0.9902353882789612
1504,NEGATIVE,0.9933505654335022
1505,NEGATIVE,0.9990065693855286
1506,NEGATIVE,0.9945363998413086
1507,NEGATIVE,0.9960785508155823
1508,NEGATIVE,0.9995156526565552
1509,NEGATIVE,0.9997913241386414
1510,NEGATIVE,0.9969087243080139
1511,NEGATIVE,0.9978435039520264
1512,NEGATIVE,0.9996652603149414
1513,NEGATIVE,0.9993880987167358
1514,NEGATIVE,0.999657392501831
1515,NEGATIVE,0.9869232773780823
1516,NEGATIVE,0.9988334774971008
1517,NEGATIVE,0.9982923865318298
1518,NEGATIVE,0.9997262358665466
1519,NEGATIVE,0.9996695518493652
1520,NEGATIVE,0.9993282556533813
1521,NEGATIVE,0.946673572063446
1522,NEGATIVE,0.9995817542076111
1523,NEGATIVE,0.9361840486526489
1524,NEGATIVE,0.9954671859741211
1525,NEGATIVE,0.9978888630867004
1526,NEGATIVE,0.9516865611076355
1527,NEGATIVE,0.9983240962028503
1528,NEGATIVE,0.9992375373840332
1529,NEGATIVE,0.9997075200080872
1530,NEGATIVE,0.9996945858001709
1531,NEGATIVE,0.9950711727142334
1532,NEGATIVE,0.8767760992050171
1533,NEGATIVE,0.9980395436286926
1534,NEGATIVE,0.9996801614761353
1535,NEGATIVE,0.960462212562561
1536,NEGATIVE,0.9997859597206116
1537,NEGATIVE,0.9981999397277832
1538,NEGATIVE,0.9997270703315735
1539,NEGATIVE,0.9995750784873962
1540,NEGATIVE,0.9996504783630371
1541,NEGATIVE,0.9990052580833435
1542,NEGATIVE,0.9904852509498596
1543,NEGATIVE,0.9899139404296875
1544,NEGATIVE,0.999618649482727
1545,POSITIVE,0.9436966180801392
1546,NEGATIVE,0.9991238713264465
1547,NEGATIVE,0.9997524619102478
1548,NEGATIVE,0.9997290968894958
1549,NEGATIVE,0.999422550201416
1550,NEGATIVE,0.999562680721283
1551,NEGATIVE,0.9998195767402649
1552,NEGATIVE,0.9982696771621704
1553,NEGATIVE,0.9963669776916504
1554,NEGATIVE,0.9997407793998718
1555,NEGATIVE,0.9985342025756836
1556,NEGATIVE,0.9360055327415466
1557,POSITIVE,0.9690781831741333
1558,POSITIVE,0.5980061888694763
1559,NEGATIVE,0.6997654438018799
1560,POSITIVE,0.9812185168266296
1561,NEGATIVE,0.9995627999305725
1562,NEGATIVE,0.9997256398200989
1563,NEGATIVE,0.9989179372787476
1564,NEGATIVE,0.9988093376159668
1565,NEGATIVE,0.9996511936187744
1566,NEGATIVE,0.9953746199607849
1567,POSITIVE,0.9975211024284363
1568,NEGATIVE,0.9958047270774841
1569,NEGATIVE,0.9923261404037476
1570,NEGATIVE,0.9985489249229431
1571,NEGATIVE,0.9995020627975464
1572,NEGATIVE,0.964504599571228
1573,NEGATIVE,0.9956375956535339
1574,POSITIVE,0.9893179535865784
1575,POSITIVE,0.991844117641449
1576,POSITIVE,0.9986043572425842
1577,POSITIVE,0.97088223695755
1578,POSITIVE,0.9615552425384521
1579,POSITIVE,0.9997493624687195
1580,NEGATIVE,0.9996696710586548
1581,NEGATIVE,0.9996024966239929
1582,NEGATIVE,0.812593936920166
1583,NEGATIVE,0.9985281229019165
1584,NEGATIVE,0.9995125532150269
1585,NEGATIVE,0.9997541308403015
1586,NEGATIVE,0.9976288676261902
1587,NEGATIVE,0.9983599781990051
1588,POSITIVE,0.8012773394584656
1589,NEGATIVE,0.997711181640625
1590,NEGATIVE,0.9994983673095703
1591,NEGATIVE,0.9994640946388245
1592,NEGATIVE,0.9972469806671143
1593,NEGATIVE,0.9991292357444763
1594,NEGATIVE,0.9997856020927429
1595,POSITIVE,0.9981765747070312
1596,NEGATIVE,0.9991599321365356
1597,NEGATIVE,0.9997102618217468
1598,NEGATIVE,0.9880192875862122
1599,NEGATIVE,0.9992690682411194
1600,NEGATIVE,0.9962694644927979
1601,POSITIVE,0.9465999603271484
1602,NEGATIVE,0.9608751535415649
1603,NEGATIVE,0.996948778629303
1604,NEGATIVE,0.9984632730484009
1605,NEGATIVE,0.9996861219406128
1606,NEGATIVE,0.9888161420822144
1607,NEGATIVE,0.9784318804740906
1608,NEGATIVE,0.9998152852058411
1609,POSITIVE,0.9181894063949585
1610,NEGATIVE,0.9994275569915771
1611,NEGATIVE,0.9597738981246948
1612,NEGATIVE,0.9964032173156738
1613,POSITIVE,0.9930959343910217
1614,POSITIVE,0.6377646923065186
1615,NEGATIVE,0.9961530566215515
1616,NEGATIVE,0.9967731833457947
1617,NEGATIVE,0.9991626739501953
1618,NEGATIVE,0.978327214717865
1619,NEGATIVE,0.9998136162757874
1620,NEGATIVE,0.9966259002685547
1621,NEGATIVE,0.999100923538208
1622,NEGATIVE,0.9972720742225647
1623,NEGATIVE,0.9952232241630554
1624,NEGATIVE,0.9969719648361206
1625,POSITIVE,0.9263965487480164
1626,NEGATIVE,0.9967266321182251
1627,NEGATIVE,0.9629141688346863
1628,NEGATIVE,0.9986030459403992
1629,NEGATIVE,0.9946392178535461
1630,NEGATIVE,0.9985702037811279
1631,NEGATIVE,0.9996325969696045
1632,NEGATIVE,0.9980341792106628
1633,NEGATIVE,0.995010256767273
1634,NEGATIVE,0.9963059425354004
1635,NEGATIVE,0.9990505576133728
1636,NEGATIVE,0.9966957569122314
1637,NEGATIVE,0.7896120548248291
1638,NEGATIVE,0.9992434978485107
1639,NEGATIVE,0.9997524619102478
1640,NEGATIVE,0.9982302784919739
1641,NEGATIVE,0.9970812201499939
1642,NEGATIVE,0.997275173664093
1643,NEGATIVE,0.9972831010818481
1644,NEGATIVE,0.9997567534446716
1645,NEGATIVE,0.9984650611877441
1646,NEGATIVE,0.9982585310935974
1647,NEGATIVE,0.9941468238830566
1648,NEGATIVE,0.6669079065322876
1649,NEGATIVE,0.9997162222862244
1650,NEGATIVE,0.9994840621948242
1651,NEGATIVE,0.9989808201789856
1652,NEGATIVE,0.6564589738845825
1653,POSITIVE,0.9480684399604797
1654,NEGATIVE,0.9997336268424988
1655,NEGATIVE,0.9994701743125916
1656,NEGATIVE,0.9746272563934326
1657,NEGATIVE,0.9978563189506531
1658,NEGATIVE,0.994948148727417
1659,POSITIVE,0.9997358918190002
1660,NEGATIVE,0.848942220211029
1661,NEGATIVE,0.999535083770752
1662,NEGATIVE,0.9876277446746826
1663,NEGATIVE,0.9995796084403992
1664,NEGATIVE,0.9971543550491333
1665,NEGATIVE,0.9989232420921326
1666,NEGATIVE,0.9982055425643921
1667,NEGATIVE,0.9995238780975342
1668,NEGATIVE,0.9996602535247803
1669,NEGATIVE,0.9997729659080505
1670,NEGATIVE,0.9944359064102173
1671,NEGATIVE,0.9988272786140442
1672,NEGATIVE,0.9996287822723389
1673,NEGATIVE,0.9990918636322021
1674,NEGATIVE,0.9987699389457703
1675,NEGATIVE,0.997605562210083
1676,NEGATIVE,0.9987229704856873
1677,NEGATIVE,0.9997753500938416
1678,NEGATIVE,0.9976510405540466
1679,NEGATIVE,0.9995850920677185
1680,NEGATIVE,0.9963030815124512
1681,NEGATIVE,0.996359646320343
1682,NEGATIVE,0.9976230263710022
1683,NEGATIVE,0.996681272983551
1684,NEGATIVE,0.9979185461997986
1685,NEGATIVE,0.9896734952926636
1686,POSITIVE,0.8788051009178162
1687,NEGATIVE,0.5844332575798035
1688,NEGATIVE,0.9996755123138428
1689,NEGATIVE,0.9997400641441345
1690,NEGATIVE,0.9993578791618347
1691,NEGATIVE,0.9976033568382263
1692,NEGATIVE,0.992409348487854
1693,NEGATIVE,0.9997827410697937
1694,NEGATIVE,0.9921425580978394
1695,POSITIVE,0.9705177545547485
1696,NEGATIVE,0.6816984415054321
1697,NEGATIVE,0.9992595314979553
1698,NEGATIVE,0.9890899062156677
1699,NEGATIVE,0.9974913597106934
1700,POSITIVE,0.9927626252174377
1701,NEGATIVE,0.9986883997917175
1702,NEGATIVE,0.9984275102615356
1703,NEGATIVE,0.9974410533905029
1704,NEGATIVE,0.9991133809089661
1705,NEGATIVE,0.9978244304656982
1706,NEGATIVE,0.97897869348526
1707,NEGATIVE,0.8679688572883606
1708,POSITIVE,0.7922833561897278
1709,NEGATIVE,0.9981390237808228
1710,NEGATIVE,0.9993215799331665
1711,NEGATIVE,0.9995494484901428
1712,NEGATIVE,0.9967599511146545
1713,NEGATIVE,0.9995827078819275
1714,NEGATIVE,0.9998049139976501
1715,NEGATIVE,0.9981821775436401
1716,NEGATIVE,0.9454649090766907
1717,NEGATIVE,0.999806821346283
1718,POSITIVE,0.871595561504364
1719,NEGATIVE,0.9997908473014832
1720,NEGATIVE,0.9995692372322083
1721,NEGATIVE,0.9996935129165649
1722,NEGATIVE,0.9997768998146057
1723,NEGATIVE,0.9994955062866211
1724,NEGATIVE,0.9990918636322021
1725,POSITIVE,0.9644556641578674
1726,NEGATIVE,0.9954379200935364
1727,NEGATIVE,0.9946643114089966
1728,NEGATIVE,0.9942973256111145
1729,NEGATIVE,0.9946883916854858
1730,POSITIVE,0.8862805366516113
1731,NEGATIVE,0.9994729161262512
1732,NEGATIVE,0.9693772792816162
1733,NEGATIVE,0.988681435585022
1734,NEGATIVE,0.9983863830566406
1735,NEGATIVE,0.9919523596763611
1736,POSITIVE,0.7231370806694031
1737,NEGATIVE,0.9912675023078918
1738,NEGATIVE,0.9988178610801697
1739,NEGATIVE,0.9934095144271851
1740,NEGATIVE,0.9990315437316895
1741,NEGATIVE,0.9995220899581909
1742,NEGATIVE,0.9989652633666992
1743,NEGATIVE,0.9988524913787842
1744,NEGATIVE,0.9995040893554688
1745,NEGATIVE,0.9949513673782349
1746,NEGATIVE,0.9991242289543152
1747,NEGATIVE,0.9850340485572815
1748,NEGATIVE,0.9996953010559082
1749,NEGATIVE,0.9996345043182373
1750,NEGATIVE,0.9904651641845703
1751,NEGATIVE,0.9967226386070251
1752,NEGATIVE,0.9997811913490295
1753,NEGATIVE,0.9982448816299438
1754,NEGATIVE,0.9912866950035095
1755,NEGATIVE,0.9997819066047668
1756,NEGATIVE,0.999112069606781
1757,NEGATIVE,0.9993129968643188
1758,NEGATIVE,0.8888869285583496
1759,NEGATIVE,0.999699592590332
1760,NEGATIVE,0.9994094371795654
1761,NEGATIVE,0.9978692531585693
1762,NEGATIVE,0.9992586970329285
1763,NEGATIVE,0.9994794726371765
1764,POSITIVE,0.519925594329834
1765,NEGATIVE,0.9997661709785461
1766,NEGATIVE,0.9991661310195923
1767,NEGATIVE,0.9955106973648071
1768,NEGATIVE,0.9987518787384033
1769,NEGATIVE,0.9984909296035767
1770,NEGATIVE,0.9975069165229797
1771,NEGATIVE,0.999101996421814
1772,NEGATIVE,0.9994359612464905
1773,NEGATIVE,0.9966300129890442
1774,NEGATIVE,0.9996463060379028
1775,NEGATIVE,0.9996253252029419
1776,NEGATIVE,0.9871812462806702
1777,NEGATIVE,0.9990672469139099
1778,NEGATIVE,0.9964224696159363
1779,NEGATIVE,0.9986165761947632
1780,NEGATIVE,0.9997788071632385
1781,NEGATIVE,0.994780957698822
1782,NEGATIVE,0.9967790246009827
1783,NEGATIVE,0.9953809976577759
1784,NEGATIVE,0.9974579215049744
1785,NEGATIVE,0.9564775824546814
1786,NEGATIVE,0.9989455342292786
1787,NEGATIVE,0.9991771578788757
1788,NEGATIVE,0.9979485869407654
1789,NEGATIVE,0.9997043013572693
1790,NEGATIVE,0.9979900121688843
1791,POSITIVE,0.9563868641853333
1792,NEGATIVE,0.9996969699859619
1793,NEGATIVE,0.9975789189338684
1794,POSITIVE,0.9982802867889404
1795,NEGATIVE,0.9995725750923157
1796,NEGATIVE,0.9988045692443848
1797,NEGATIVE,0.9989584684371948
1798,NEGATIVE,0.9990769624710083
1799,NEGATIVE,0.8736222386360168
1800,POSITIVE,0.5902523398399353
1801,NEGATIVE,0.9993231296539307
1802,NEGATIVE,0.9853644967079163
1803,NEGATIVE,0.9856262803077698
1804,NEGATIVE,0.99908447265625
1805,NEGATIVE,0.9996253252029419
1806,NEGATIVE,0.9902414679527283
1807,NEGATIVE,0.9992697834968567
1808,NEGATIVE,0.9985059499740601
1809,NEGATIVE,0.9987571239471436
1810,NEGATIVE,0.9912113547325134
1811,NEGATIVE,0.9997933506965637
1812,NEGATIVE,0.9913028478622437
1813,NEGATIVE,0.9969658255577087
1814,NEGATIVE,0.9996640682220459
1815,NEGATIVE,0.9997488856315613
1816,NEGATIVE,0.999743640422821
1817,NEGATIVE,0.9984582662582397
1818,NEGATIVE,0.9933106899261475
1819,POSITIVE,0.9921707510948181
1820,POSITIVE,0.9572641253471375
1821,NEGATIVE,0.8304664492607117
1822,NEGATIVE,0.9985467791557312
1823,NEGATIVE,0.9992054104804993
1824,NEGATIVE,0.9938096404075623
1825,NEGATIVE,0.9962749481201172
1826,POSITIVE,0.9952768087387085
1827,NEGATIVE,0.9985139966011047
1828,NEGATIVE,0.99973064661026
1829,NEGATIVE,0.9994674324989319
1830,NEGATIVE,0.9650442004203796
1831,NEGATIVE,0.9994320273399353
1832,NEGATIVE,0.9984387755393982
1833,POSITIVE,0.795336127281189
1834,NEGATIVE,0.9997512698173523
1835,NEGATIVE,0.9996417760848999
1836,NEGATIVE,0.9993813037872314
1837,NEGATIVE,0.9997208714485168
1838,NEGATIVE,0.9977220892906189
1839,NEGATIVE,0.9967024922370911
1840,NEGATIVE,0.9990116357803345
1841,NEGATIVE,0.9997885823249817
1842,NEGATIVE,0.9992953538894653
1843,NEGATIVE,0.9996998310089111
1844,NEGATIVE,0.9995477795600891
1845,NEGATIVE,0.9885687828063965
1846,NEGATIVE,0.9997938275337219
1847,NEGATIVE,0.9895958304405212
1848,NEGATIVE,0.9991538524627686
1849,NEGATIVE,0.9985085129737854
1850,NEGATIVE,0.9996283054351807
1851,POSITIVE,0.9606866240501404
1852,NEGATIVE,0.9996175765991211
1853,NEGATIVE,0.9993077516555786
1854,NEGATIVE,0.99958735704422
1855,NEGATIVE,0.9994776844978333
1856,NEGATIVE,0.9991188645362854
1857,NEGATIVE,0.9988184571266174
1858,NEGATIVE,0.9964147806167603
1859,NEGATIVE,0.9997585415840149
1860,NEGATIVE,0.9985899329185486
1861,NEGATIVE,0.9988663196563721
1862,NEGATIVE,0.9991829991340637
1863,NEGATIVE,0.9993970394134521
1864,NEGATIVE,0.9920097589492798
1865,NEGATIVE,0.9991275668144226
1866,NEGATIVE,0.9997764229774475
1867,NEGATIVE,0.9981990456581116
1868,NEGATIVE,0.9996633529663086
1869,NEGATIVE,0.9810242652893066
1870,NEGATIVE,0.9834309816360474
1871,NEGATIVE,0.9984682202339172
1872,POSITIVE,0.7156769037246704
1873,NEGATIVE,0.9981086254119873
1874,NEGATIVE,0.999768078327179
1875,POSITIVE,0.9777805209159851
1876,NEGATIVE,0.9983293414115906
1877,NEGATIVE,0.9989221096038818
1878,NEGATIVE,0.9976978898048401
1879,NEGATIVE,0.9994812607765198
1880,NEGATIVE,0.9997829794883728
1881,NEGATIVE,0.9996438026428223
1882,NEGATIVE,0.9976016879081726
1883,NEGATIVE,0.9978297352790833
1884,NEGATIVE,0.9990842342376709
1885,NEGATIVE,0.9996724128723145
1886,NEGATIVE,0.9988732933998108
1887,NEGATIVE,0.999387264251709
1888,NEGATIVE,0.9986245632171631
1889,NEGATIVE,0.9976791739463806
1890,NEGATIVE,0.9901906251907349
1891,NEGATIVE,0.9970797896385193
1892,NEGATIVE,0.9911296367645264
1893,NEGATIVE,0.906753420829773
1894,NEGATIVE,0.9967261552810669
1895,NEGATIVE,0.9979010820388794
1896,POSITIVE,0.6570809483528137
1897,NEGATIVE,0.9946881532669067
1898,NEGATIVE,0.9997650980949402
1899,NEGATIVE,0.9968606233596802
1900,NEGATIVE,0.9394295811653137
1901,POSITIVE,0.9904484152793884
1902,NEGATIVE,0.998023271560669
1903,NEGATIVE,0.8968550562858582
1904,NEGATIVE,0.9997337460517883
1905,NEGATIVE,0.9994310736656189
1906,NEGATIVE,0.9995883107185364
1907,NEGATIVE,0.9983421564102173
1908,NEGATIVE,0.9788438081741333
1909,NEGATIVE,0.9996912479400635
1910,NEGATIVE,0.9973614811897278
1911,NEGATIVE,0.9997914433479309
1912,NEGATIVE,0.999081015586853
1913,NEGATIVE,0.9996706247329712
1914,NEGATIVE,0.9952784776687622
1915,POSITIVE,0.9134834408760071
1916,NEGATIVE,0.9995920062065125
1917,NEGATIVE,0.9988515377044678
1918,NEGATIVE,0.9976657629013062
1919,NEGATIVE,0.6955770254135132
1920,NEGATIVE,0.9994540810585022
1921,NEGATIVE,0.9987558126449585
1922,NEGATIVE,0.9991772770881653
1923,NEGATIVE,0.9997535347938538
1924,POSITIVE,0.8903563618659973
1925,NEGATIVE,0.9977988600730896
1926,NEGATIVE,0.9974187612533569
1927,NEGATIVE,0.9947252869606018
1928,NEGATIVE,0.9981903433799744
1929,NEGATIVE,0.9992450475692749
1930,NEGATIVE,0.9997932314872742
1931,NEGATIVE,0.9986467957496643
1932,NEGATIVE,0.9995115995407104
1933,NEGATIVE,0.9997952580451965
1934,NEGATIVE,0.9997319579124451
1935,NEGATIVE,0.9955908060073853
1936,NEGATIVE,0.9984728693962097
1937,NEGATIVE,0.8012648224830627
1938,NEGATIVE,0.9902861714363098
1939,NEGATIVE,0.9958807229995728
1940,NEGATIVE,0.9996262788772583
1941,NEGATIVE,0.9977797865867615
1942,NEGATIVE,0.9994410872459412
1943,POSITIVE,0.9984793066978455
1944,NEGATIVE,0.9980182647705078
1945,POSITIVE,0.9011125564575195
1946,NEGATIVE,0.9995953440666199
1947,NEGATIVE,0.9984394907951355
1948,NEGATIVE,0.9988716244697571
1949,NEGATIVE,0.998046875
1950,NEGATIVE,0.999796450138092
1951,NEGATIVE,0.9953529834747314
1952,NEGATIVE,0.9997833371162415
1953,NEGATIVE,0.99946528673172
1954,NEGATIVE,0.9987308382987976
1955,NEGATIVE,0.9986685514450073
1956,NEGATIVE,0.9983586668968201
1957,NEGATIVE,0.99837327003479
1958,NEGATIVE,0.9997655749320984
1959,NEGATIVE,0.9933074116706848
1960,NEGATIVE,0.9905825853347778
1961,NEGATIVE,0.9977338314056396
1962,NEGATIVE,0.998700737953186
1963,NEGATIVE,0.9987151622772217
1964,NEGATIVE,0.9978054165840149
1965,NEGATIVE,0.998304009437561
1966,POSITIVE,0.9477150440216064
1967,NEGATIVE,0.9759719967842102
1968,NEGATIVE,0.9994831085205078
1969,NEGATIVE,0.9794906973838806
1970,NEGATIVE,0.9991629123687744
1971,NEGATIVE,0.9588318467140198
1972,NEGATIVE,0.9997460246086121
1973,NEGATIVE,0.9992566704750061
1974,NEGATIVE,0.9974269270896912
1975,NEGATIVE,0.9992609620094299
1976,NEGATIVE,0.9977656602859497
1977,NEGATIVE,0.9391700625419617
1978,NEGATIVE,0.9997820258140564
1979,NEGATIVE,0.9977239966392517
1980,NEGATIVE,0.9996832609176636
1981,NEGATIVE,0.9997461438179016
1982,NEGATIVE,0.9996864795684814
1983,NEGATIVE,0.9988264441490173
1984,NEGATIVE,0.9982343912124634
1985,POSITIVE,0.9956063628196716
1986,NEGATIVE,0.999427080154419
1987,NEGATIVE,0.9997244477272034
1988,NEGATIVE,0.9994511008262634
1989,NEGATIVE,0.9980891346931458
1990,NEGATIVE,0.9996615648269653
1991,NEGATIVE,0.9851186871528625
1992,NEGATIVE,0.9343048930168152
1993,NEGATIVE,0.9931744933128357
1994,NEGATIVE,0.9975395202636719
1995,NEGATIVE,0.9882948398590088
1996,NEGATIVE,0.9947347640991211
1997,NEGATIVE,0.9991349577903748
1998,NEGATIVE,0.9993845224380493
1999,NEGATIVE,0.9932315349578857
2000,NEGATIVE,0.984872579574585
2001,NEGATIVE,0.9985260367393494
2002,NEGATIVE,0.9973631501197815
2003,NEGATIVE,0.867974579334259
2004,NEGATIVE,0.9997681975364685
2005,NEGATIVE,0.9991451501846313
2006,NEGATIVE,0.9996474981307983
2007,NEGATIVE,0.9979208111763
2008,POSITIVE,0.5980061888694763
2009,NEGATIVE,0.9993898868560791
2010,NEGATIVE,0.9940139651298523
2011,POSITIVE,0.9849784970283508
2012,NEGATIVE,0.997809112071991
2013,NEGATIVE,0.9996895790100098
2014,NEGATIVE,0.9996935129165649
2015,NEGATIVE,0.9994999170303345
2016,NEGATIVE,0.9968495965003967
2017,NEGATIVE,0.9989038705825806
2018,NEGATIVE,0.9891716837882996
2019,NEGATIVE,0.9991750121116638
2020,NEGATIVE,0.6890023946762085
2021,NEGATIVE,0.6020196676254272
2022,NEGATIVE,0.9973405003547668
2023,NEGATIVE,0.9975979924201965
2024,NEGATIVE,0.9997219443321228
2025,NEGATIVE,0.9976255297660828
2026,NEGATIVE,0.9966873526573181
2027,NEGATIVE,0.9980559349060059
2028,POSITIVE,0.9939550757408142
2029,NEGATIVE,0.9992108345031738
2030,NEGATIVE,0.9997934699058533
2031,NEGATIVE,0.9982571005821228
2032,NEGATIVE,0.5391300320625305
2033,NEGATIVE,0.9923231601715088
2034,NEGATIVE,0.9977191090583801
2035,NEGATIVE,0.989080011844635
2036,POSITIVE,0.9913546442985535
2037,NEGATIVE,0.9994633793830872
2038,NEGATIVE,0.9971798658370972
2039,NEGATIVE,0.9997233748435974
2040,NEGATIVE,0.9752181172370911
2041,NEGATIVE,0.9636580944061279
2042,NEGATIVE,0.9916751384735107
2043,NEGATIVE,0.9654228091239929
2044,NEGATIVE,0.9998075366020203
2045,NEGATIVE,0.9928556680679321
2046,POSITIVE,0.9958058595657349
2047,NEGATIVE,0.9997630715370178
2048,NEGATIVE,0.999713122844696
2049,NEGATIVE,0.9220263957977295
2050,NEGATIVE,0.9981676340103149
2051,NEGATIVE,0.9988419413566589
2052,NEGATIVE,0.9977865219116211
2053,NEGATIVE,0.9912077188491821
2054,NEGATIVE,0.999733030796051
2055,POSITIVE,0.9989784955978394
2056,NEGATIVE,0.9968016147613525
2057,NEGATIVE,0.9986771941184998
2058,NEGATIVE,0.9972123503684998
2059,NEGATIVE,0.9917105436325073
2060,NEGATIVE,0.9956960678100586
2061,NEGATIVE,0.9961276650428772
2062,NEGATIVE,0.9966065883636475
2063,NEGATIVE,0.9978986978530884
2064,NEGATIVE,0.927751362323761
2065,NEGATIVE,0.9972981810569763
2066,NEGATIVE,0.9988454580307007
2067,NEGATIVE,0.9995624423027039
2068,NEGATIVE,0.9974517226219177
2069,NEGATIVE,0.9954530000686646
2070,NEGATIVE,0.9985048770904541
2071,NEGATIVE,0.9996527433395386
2072,NEGATIVE,0.9985176920890808
2073,NEGATIVE,0.9995112419128418
2074,NEGATIVE,0.9980964064598083
2075,NEGATIVE,0.9659715294837952
2076,NEGATIVE,0.9957895874977112
2077,NEGATIVE,0.9997901320457458
2078,POSITIVE,0.7862780094146729
2079,NEGATIVE,0.9996033310890198
2080,NEGATIVE,0.9961276650428772
2081,NEGATIVE,0.9995197057723999
2082,NEGATIVE,0.9993084669113159
2083,NEGATIVE,0.9996939897537231
2084,POSITIVE,0.8514479994773865
2085,NEGATIVE,0.9981208443641663
2086,NEGATIVE,0.9932577610015869
2087,NEGATIVE,0.9894624352455139
2088,NEGATIVE,0.9976436495780945
2089,NEGATIVE,0.9997233748435974
2090,NEGATIVE,0.9989909529685974
2091,NEGATIVE,0.9992433786392212
2092,NEGATIVE,0.9125990867614746
2093,NEGATIVE,0.9972496628761292
2094,NEGATIVE,0.9954988360404968
2095,NEGATIVE,0.9977312684059143
2096,NEGATIVE,0.9981532692909241
2097,NEGATIVE,0.9986826777458191
2098,NEGATIVE,0.9973933696746826
2099,NEGATIVE,0.9994621872901917
2100,NEGATIVE,0.9936350584030151
2101,NEGATIVE,0.9998099207878113
2102,NEGATIVE,0.9996957778930664
2103,NEGATIVE,0.9990890026092529
2104,NEGATIVE,0.9971802234649658
2105,NEGATIVE,0.8165410757064819
2106,NEGATIVE,0.9985886216163635
2107,POSITIVE,0.8857975006103516
2108,NEGATIVE,0.9996122717857361
2109,NEGATIVE,0.9887902736663818
2110,POSITIVE,0.9955892562866211
2111,NEGATIVE,0.9989308714866638
2112,NEGATIVE,0.9994487166404724
2113,POSITIVE,0.998166561126709
2114,NEGATIVE,0.9922814965248108
2115,NEGATIVE,0.999796450138092
2116,NEGATIVE,0.9996367692947388
2117,NEGATIVE,0.9917506575584412
2118,POSITIVE,0.9497014284133911
2119,NEGATIVE,0.9970011115074158
2120,NEGATIVE,0.9990346431732178
2121,NEGATIVE,0.9245964288711548
2122,NEGATIVE,0.993884265422821
2123,NEGATIVE,0.9997920393943787
2124,NEGATIVE,0.9950306415557861
2125,NEGATIVE,0.9993257522583008
2126,NEGATIVE,0.9993733763694763
2127,NEGATIVE,0.9856451153755188
2128,NEGATIVE,0.9990014433860779
2129,NEGATIVE,0.99831223487854
2130,NEGATIVE,0.9987892508506775
2131,NEGATIVE,0.9978371262550354
2132,NEGATIVE,0.9957011342048645
2133,NEGATIVE,0.9996923208236694
2134,NEGATIVE,0.9997290968894958
2135,NEGATIVE,0.8135915398597717
2136,NEGATIVE,0.993823766708374
2137,NEGATIVE,0.916847288608551
2138,NEGATIVE,0.9840096831321716
2139,NEGATIVE,0.9982426166534424
2140,NEGATIVE,0.9970698356628418
2141,NEGATIVE,0.9988784193992615
2142,NEGATIVE,0.8123086094856262
2143,NEGATIVE,0.9996706247329712
2144,NEGATIVE,0.991001307964325
2145,NEGATIVE,0.9996638298034668
2146,NEGATIVE,0.9978634715080261
2147,NEGATIVE,0.9997331500053406
2148,NEGATIVE,0.9994935989379883
2149,NEGATIVE,0.9997925162315369
2150,NEGATIVE,0.9997735619544983
2151,NEGATIVE,0.9997588992118835
2152,NEGATIVE,0.9997690320014954
2153,NEGATIVE,0.9979896545410156
2154,NEGATIVE,0.9994885921478271
2155,POSITIVE,0.9880701899528503
2156,NEGATIVE,0.9964953064918518
2157,NEGATIVE,0.9995170831680298
2158,NEGATIVE,0.9970851540565491
2159,NEGATIVE,0.9890889525413513
2160,POSITIVE,0.9914690256118774
2161,POSITIVE,0.9137120842933655
2162,NEGATIVE,0.9995506405830383
2163,NEGATIVE,0.999711811542511
2164,NEGATIVE,0.993158757686615
2165,NEGATIVE,0.9857675433158875
2166,NEGATIVE,0.9997215867042542
2167,NEGATIVE,0.997722327709198
2168,NEGATIVE,0.9980853796005249
2169,NEGATIVE,0.9982399940490723
2170,NEGATIVE,0.9977436065673828
2171,NEGATIVE,0.9997639060020447
2172,POSITIVE,0.9961255192756653
2173,NEGATIVE,0.993188738822937
2174,POSITIVE,0.935152530670166
2175,NEGATIVE,0.9997031092643738
2176,NEGATIVE,0.9916364550590515
2177,NEGATIVE,0.999626874923706
2178,NEGATIVE,0.9982215762138367
2179,POSITIVE,0.8919166326522827
2180,NEGATIVE,0.9938809871673584
2181,NEGATIVE,0.9998020529747009
2182,NEGATIVE,0.9996438026428223
2183,NEGATIVE,0.9604480266571045
2184,NEGATIVE,0.9923895001411438
2185,NEGATIVE,0.9993659853935242
2186,NEGATIVE,0.9991970658302307
2187,NEGATIVE,0.9974477291107178
2188,NEGATIVE,0.9980036616325378
2189,NEGATIVE,0.9885651469230652
2190,NEGATIVE,0.9996724128723145
2191,NEGATIVE,0.9996019005775452
2192,NEGATIVE,0.9976596832275391
2193,NEGATIVE,0.9997135996818542
2194,NEGATIVE,0.9998065829277039
2195,NEGATIVE,0.9996541738510132
2196,NEGATIVE,0.999594509601593
2197,NEGATIVE,0.9982194304466248
2198,POSITIVE,0.6532145738601685
2199,NEGATIVE,0.9995318651199341
2200,NEGATIVE,0.9987781643867493
2201,NEGATIVE,0.9692826271057129
2202,NEGATIVE,0.9706773161888123
2203,NEGATIVE,0.9966666102409363
2204,NEGATIVE,0.9785217046737671
2205,NEGATIVE,0.9973914623260498
2206,NEGATIVE,0.999618649482727
2207,NEGATIVE,0.9912817478179932
2208,POSITIVE,0.9895776510238647
2209,NEGATIVE,0.9996446371078491
2210,NEGATIVE,0.9888394474983215
2211,NEGATIVE,0.9975549578666687
2212,NEGATIVE,0.9960455298423767
2213,POSITIVE,0.980719268321991
2214,NEGATIVE,0.9997130036354065
2215,POSITIVE,0.9912029504776001
2216,NEGATIVE,0.996526300907135
2217,POSITIVE,0.5350604057312012
2218,NEGATIVE,0.9995608925819397
2219,NEGATIVE,0.9996505975723267
2220,NEGATIVE,0.9994308352470398
2221,POSITIVE,0.9939061999320984
2222,NEGATIVE,0.9995112419128418
2223,NEGATIVE,0.98084557056427
2224,NEGATIVE,0.9996975660324097
2225,NEGATIVE,0.9925413131713867
2226,POSITIVE,0.9991563558578491
2227,NEGATIVE,0.9995917677879333
2228,NEGATIVE,0.9997811913490295
2229,NEGATIVE,0.9978659749031067
2230,NEGATIVE,0.9996139407157898
2231,NEGATIVE,0.9974073767662048
2232,NEGATIVE,0.9996237754821777
2233,NEGATIVE,0.9911545515060425
2234,NEGATIVE,0.9996579885482788
2235,NEGATIVE,0.999737560749054
2236,NEGATIVE,0.9775240421295166
2237,NEGATIVE,0.9995631575584412
2238,NEGATIVE,0.9995654225349426
2239,NEGATIVE,0.9912823438644409
2240,NEGATIVE,0.9985588192939758
2241,NEGATIVE,0.9959530830383301
2242,NEGATIVE,0.9996405839920044
2243,NEGATIVE,0.9984756112098694
2244,NEGATIVE,0.9996421337127686
2245,NEGATIVE,0.9998003840446472
2246,NEGATIVE,0.9984725117683411
2247,NEGATIVE,0.996953010559082
2248,NEGATIVE,0.9996994733810425
2249,NEGATIVE,0.9951321482658386
2250,NEGATIVE,0.9972111582756042
2251,NEGATIVE,0.9972579479217529
2252,NEGATIVE,0.999779999256134
2253,NEGATIVE,0.998995840549469
2254,NEGATIVE,0.9297475218772888
2255,NEGATIVE,0.9989392161369324
2256,NEGATIVE,0.9941489696502686
2257,NEGATIVE,0.9888723492622375
2258,NEGATIVE,0.9988498687744141
2259,NEGATIVE,0.9971356391906738
2260,NEGATIVE,0.9989820122718811
2261,NEGATIVE,0.984700083732605
2262,NEGATIVE,0.986012876033783
2263,NEGATIVE,0.9993016719818115
2264,POSITIVE,0.6928107142448425
2265,NEGATIVE,0.9980667233467102
2266,NEGATIVE,0.9957877993583679
2267,NEGATIVE,0.9951555728912354
2268,NEGATIVE,0.9391418099403381
2269,NEGATIVE,0.9989306330680847
2270,NEGATIVE,0.9993671774864197
2271,NEGATIVE,0.8560494184494019
2272,NEGATIVE,0.9044494032859802
2273,NEGATIVE,0.9997699856758118
2274,NEGATIVE,0.995568573474884
2275,NEGATIVE,0.9923072457313538
2276,NEGATIVE,0.9995933175086975
2277,NEGATIVE,0.8323498368263245
2278,NEGATIVE,0.9450001120567322
2279,NEGATIVE,0.9994208812713623
2280,POSITIVE,0.9605334997177124
2281,POSITIVE,0.7120474576950073
2282,NEGATIVE,0.9992387294769287
2283,NEGATIVE,0.9997400641441345
2284,NEGATIVE,0.9997377991676331
2285,NEGATIVE,0.9997214674949646
2286,NEGATIVE,0.9962162375450134
2287,NEGATIVE,0.9996589422225952
2288,NEGATIVE,0.9940154552459717
2289,NEGATIVE,0.9983476400375366
2290,POSITIVE,0.9962269067764282
2291,NEGATIVE,0.9994955062866211
2292,POSITIVE,0.930477499961853
2293,NEGATIVE,0.997093915939331
2294,NEGATIVE,0.9800951480865479
2295,NEGATIVE,0.9762730002403259
2296,NEGATIVE,0.9235835075378418
2297,NEGATIVE,0.997675359249115
2298,NEGATIVE,0.6147896647453308
2299,NEGATIVE,0.9994210004806519
2300,POSITIVE,0.9756819605827332
2301,NEGATIVE,0.9709697961807251
2302,NEGATIVE,0.9997772574424744
2303,NEGATIVE,0.8287290334701538
2304,NEGATIVE,0.9997664093971252
2305,POSITIVE,0.6292034983634949
2306,NEGATIVE,0.9992221593856812
2307,NEGATIVE,0.9996515512466431
2308,NEGATIVE,0.9997707009315491
2309,NEGATIVE,0.9990854263305664
2310,NEGATIVE,0.9487900733947754
2311,NEGATIVE,0.9997460246086121
2312,NEGATIVE,0.9871869087219238
2313,NEGATIVE,0.999582827091217
2314,NEGATIVE,0.9997708201408386
2315,NEGATIVE,0.9997603297233582
2316,NEGATIVE,0.9997166991233826
2317,NEGATIVE,0.9974718689918518
2318,NEGATIVE,0.9997765421867371
2319,NEGATIVE,0.9985664486885071
2320,NEGATIVE,0.9995263814926147
2321,NEGATIVE,0.9948728680610657
2322,NEGATIVE,0.9979567527770996
2323,NEGATIVE,0.9976636171340942
2324,NEGATIVE,0.9986205101013184
2325,NEGATIVE,0.861282229423523
2326,NEGATIVE,0.9985911250114441
2327,NEGATIVE,0.9984197616577148
2328,POSITIVE,0.9835926294326782
2329,NEGATIVE,0.7161684632301331
2330,NEGATIVE,0.9996092915534973
2331,NEGATIVE,0.9954818487167358
2332,NEGATIVE,0.9961372017860413
2333,NEGATIVE,0.6437712907791138
2334,NEGATIVE,0.9996342658996582
2335,NEGATIVE,0.9983731508255005
2336,NEGATIVE,0.9993495345115662
2337,NEGATIVE,0.9988964796066284
2338,NEGATIVE,0.9985370635986328
2339,NEGATIVE,0.9909263849258423
2340,NEGATIVE,0.9952888488769531
2341,NEGATIVE,0.9952102303504944
2342,NEGATIVE,0.9995743632316589
2343,NEGATIVE,0.9984226226806641
2344,NEGATIVE,0.9994640946388245
2345,NEGATIVE,0.9771534204483032
2346,NEGATIVE,0.9997918009757996
2347,NEGATIVE,0.9978081583976746
2348,NEGATIVE,0.9996858835220337
2349,NEGATIVE,0.9998109936714172
2350,NEGATIVE,0.9996881484985352
2351,NEGATIVE,0.9997683167457581
2352,NEGATIVE,0.9972242116928101
2353,NEGATIVE,0.9977473616600037
2354,NEGATIVE,0.9991047978401184
2355,NEGATIVE,0.9997195601463318
2356,NEGATIVE,0.9988293051719666
2357,NEGATIVE,0.9704087376594543
2358,NEGATIVE,0.9924650192260742
2359,NEGATIVE,0.9995868802070618
2360,NEGATIVE,0.996758759021759
2361,NEGATIVE,0.9836485385894775
2362,NEGATIVE,0.9822072982788086
2363,NEGATIVE,0.9984884262084961
2364,NEGATIVE,0.9996682405471802
2365,NEGATIVE,0.9979655742645264
2366,NEGATIVE,0.9041240811347961
2367,NEGATIVE,0.9968584775924683
2368,NEGATIVE,0.9426263570785522
2369,NEGATIVE,0.9998148083686829
2370,NEGATIVE,0.9996411800384521
2371,NEGATIVE,0.9993255138397217
2372,NEGATIVE,0.9989269375801086
2373,NEGATIVE,0.9604059457778931
2374,NEGATIVE,0.9989332556724548
2375,NEGATIVE,0.9996017813682556
2376,POSITIVE,0.9932019114494324
2377,NEGATIVE,0.9934266805648804
2378,NEGATIVE,0.999657154083252
2379,NEGATIVE,0.9997139573097229
2380,NEGATIVE,0.9988883137702942
2381,NEGATIVE,0.9986125230789185
2382,NEGATIVE,0.998970627784729
2383,NEGATIVE,0.9953775405883789
2384,NEGATIVE,0.9996281862258911
2385,NEGATIVE,0.7616430521011353
2386,NEGATIVE,0.9285406470298767
2387,POSITIVE,0.9742684364318848
2388,NEGATIVE,0.9997623562812805
2389,NEGATIVE,0.9968359470367432
2390,NEGATIVE,0.9951968789100647
2391,NEGATIVE,0.9954627156257629
2392,NEGATIVE,0.9966957569122314
2393,NEGATIVE,0.9876222014427185
2394,NEGATIVE,0.9996776580810547
2395,NEGATIVE,0.9973620772361755
2396,POSITIVE,0.9567899703979492
2397,NEGATIVE,0.9997259974479675
2398,NEGATIVE,0.9940245747566223
2399,NEGATIVE,0.9994761347770691
2400,NEGATIVE,0.9951639175415039
2401,NEGATIVE,0.9609194993972778
2402,NEGATIVE,0.9996739625930786
2403,NEGATIVE,0.9880684018135071
2404,NEGATIVE,0.9992628693580627
2405,NEGATIVE,0.9987712502479553
2406,NEGATIVE,0.8771883249282837
2407,NEGATIVE,0.998596727848053
2408,NEGATIVE,0.9996939897537231
2409,NEGATIVE,0.9885587692260742
2410,NEGATIVE,0.999721109867096
2411,NEGATIVE,0.9997147917747498
2412,NEGATIVE,0.9996461868286133
2413,NEGATIVE,0.9993124008178711
2414,NEGATIVE,0.9983569979667664
2415,NEGATIVE,0.9997773766517639
2416,NEGATIVE,0.9993910789489746
2417,NEGATIVE,0.9965381622314453
2418,POSITIVE,0.9721357226371765
2419,NEGATIVE,0.9975607395172119
2420,NEGATIVE,0.522312343120575
2421,POSITIVE,0.990511953830719
2422,NEGATIVE,0.9997937083244324
2423,NEGATIVE,0.9997231364250183
2424,NEGATIVE,0.9992238283157349
2425,POSITIVE,0.9833391904830933
2426,NEGATIVE,0.9995536208152771
2427,NEGATIVE,0.9993122816085815
2428,NEGATIVE,0.998382568359375
2429,NEGATIVE,0.9983775615692139
2430,NEGATIVE,0.9990604519844055
2431,NEGATIVE,0.9997163414955139
2432,NEGATIVE,0.9967718720436096
2433,NEGATIVE,0.9958187937736511
2434,NEGATIVE,0.9997616410255432
2435,NEGATIVE,0.9880968332290649
2436,NEGATIVE,0.9990957975387573
2437,NEGATIVE,0.9997238516807556
2438,NEGATIVE,0.9995629191398621
2439,NEGATIVE,0.9994667172431946
2440,NEGATIVE,0.9971006512641907
2441,NEGATIVE,0.995785653591156
2442,NEGATIVE,0.9990969896316528
2443,NEGATIVE,0.9995500445365906
2444,NEGATIVE,0.9984599351882935
2445,NEGATIVE,0.9541633129119873
2446,NEGATIVE,0.9976862668991089
2447,POSITIVE,0.8779710531234741
2448,POSITIVE,0.997787356376648
2449,NEGATIVE,0.9998056292533875
2450,NEGATIVE,0.9884219765663147
2451,NEGATIVE,0.9990313053131104
2452,NEGATIVE,0.9998038411140442
2453,NEGATIVE,0.9935113787651062
2454,NEGATIVE,0.9996172189712524
2455,NEGATIVE,0.9900088310241699
2456,NEGATIVE,0.9927175045013428
2457,NEGATIVE,0.9681218266487122
2458,POSITIVE,0.708886981010437
2459,NEGATIVE,0.9973735809326172
2460,NEGATIVE,0.9979962110519409
2461,NEGATIVE,0.9971869587898254
2462,NEGATIVE,0.9996165037155151
2463,NEGATIVE,0.9947156310081482
2464,NEGATIVE,0.9996612071990967
2465,POSITIVE,0.7576112151145935
2466,NEGATIVE,0.9931841492652893
2467,NEGATIVE,0.9989604949951172
2468,NEGATIVE,0.9991105198860168
2469,NEGATIVE,0.9847833514213562
2470,NEGATIVE,0.9930023550987244
2471,NEGATIVE,0.9997090697288513
2472,NEGATIVE,0.9984325766563416
2473,NEGATIVE,0.974648654460907
2474,NEGATIVE,0.9996438026428223
2475,NEGATIVE,0.9996267557144165
2476,NEGATIVE,0.9952477812767029
2477,NEGATIVE,0.9986587762832642
2478,NEGATIVE,0.9973875880241394
2479,NEGATIVE,0.9994977712631226
2480,NEGATIVE,0.9310070276260376
2481,NEGATIVE,0.9796836376190186
2482,NEGATIVE,0.9995912909507751
2483,NEGATIVE,0.9984625577926636
2484,NEGATIVE,0.9986461997032166
2485,NEGATIVE,0.9995280504226685
2486,NEGATIVE,0.9798296689987183
2487,NEGATIVE,0.9975520968437195
2488,NEGATIVE,0.9978616833686829
2489,NEGATIVE,0.9976563453674316
2490,NEGATIVE,0.9994242191314697
2491,NEGATIVE,0.9991604089736938
2492,NEGATIVE,0.9903779029846191
2493,NEGATIVE,0.9978118538856506
2494,NEGATIVE,0.99554044008255
2495,NEGATIVE,0.998297393321991
2496,NEGATIVE,0.9995304346084595
2497,NEGATIVE,0.9969601631164551
2498,NEGATIVE,0.9992972612380981
2499,NEGATIVE,0.9992374181747437
2500,NEGATIVE,0.9996888637542725
2501,NEGATIVE,0.999725878238678
2502,POSITIVE,0.7711954712867737
2503,NEGATIVE,0.9985731840133667
2504,NEGATIVE,0.9980271458625793
2505,POSITIVE,0.9854260683059692
2506,NEGATIVE,0.9998049139976501
2507,NEGATIVE,0.9674530029296875
2508,NEGATIVE,0.9993778467178345
2509,NEGATIVE,0.9995506405830383
2510,NEGATIVE,0.9992935657501221
2511,POSITIVE,0.9759318828582764
2512,NEGATIVE,0.9242812991142273
2513,NEGATIVE,0.5645973682403564
2514,NEGATIVE,0.9996199607849121
2515,NEGATIVE,0.9633139371871948
2516,NEGATIVE,0.9987509250640869
2517,NEGATIVE,0.9997294545173645
2518,NEGATIVE,0.9996455907821655
2519,NEGATIVE,0.999755322933197
2520,NEGATIVE,0.9984380602836609
2521,NEGATIVE,0.9986397624015808
2522,NEGATIVE,0.9982193112373352
2523,NEGATIVE,0.9977061748504639
2524,NEGATIVE,0.9985431432723999
2525,NEGATIVE,0.9997666478157043
2526,NEGATIVE,0.9979331493377686
2527,NEGATIVE,0.9842930436134338
2528,NEGATIVE,0.9969092011451721
2529,POSITIVE,0.9869046807289124
2530,NEGATIVE,0.9991157650947571
2531,NEGATIVE,0.99952232837677
2532,POSITIVE,0.9676638245582581
2533,NEGATIVE,0.9996997117996216
2534,NEGATIVE,0.9860115647315979
2535,NEGATIVE,0.9997957348823547
2536,NEGATIVE,0.9971987009048462
2537,NEGATIVE,0.999492883682251
2538,NEGATIVE,0.9968607425689697
2539,NEGATIVE,0.8294407725334167
2540,NEGATIVE,0.999599277973175
2541,NEGATIVE,0.9996015429496765
2542,NEGATIVE,0.9992865920066833
2543,NEGATIVE,0.999372661113739
2544,NEGATIVE,0.9993963241577148
2545,NEGATIVE,0.9988559484481812
2546,POSITIVE,0.9859759211540222
2547,NEGATIVE,0.9985780715942383
2548,POSITIVE,0.8084518313407898
2549,NEGATIVE,0.995083749294281
2550,NEGATIVE,0.9936650991439819
2551,NEGATIVE,0.9915140271186829
2552,NEGATIVE,0.8146997094154358
2553,NEGATIVE,0.9995538592338562
2554,NEGATIVE,0.9998014569282532
2555,NEGATIVE,0.9994845390319824
2556,NEGATIVE,0.9921768307685852
2557,NEGATIVE,0.9982749223709106
2558,NEGATIVE,0.9952648878097534
2559,NEGATIVE,0.9925427436828613
2560,NEGATIVE,0.9995137453079224
2561,NEGATIVE,0.9992959499359131
2562,NEGATIVE,0.9992761015892029
2563,NEGATIVE,0.9787881374359131
2564,NEGATIVE,0.9981071949005127
2565,NEGATIVE,0.9997218251228333
2566,NEGATIVE,0.9772258996963501
2567,POSITIVE,0.5788822174072266
2568,NEGATIVE,0.9944762587547302
2569,NEGATIVE,0.9970182180404663
2570,NEGATIVE,0.9978712797164917
2571,NEGATIVE,0.9885175228118896
2572,NEGATIVE,0.9991279244422913
2573,NEGATIVE,0.999728262424469
2574,POSITIVE,0.9977132081985474
2575,NEGATIVE,0.9997829794883728
2576,NEGATIVE,0.5722534656524658
2577,NEGATIVE,0.999528169631958
2578,NEGATIVE,0.9998010993003845
2579,NEGATIVE,0.9994906187057495
2580,NEGATIVE,0.9995076656341553
2581,NEGATIVE,0.9997372031211853
2582,NEGATIVE,0.9986128807067871
2583,NEGATIVE,0.9989508390426636
2584,NEGATIVE,0.9995777010917664
2585,NEGATIVE,0.9940444827079773
2586,POSITIVE,0.8974772095680237
2587,NEGATIVE,0.9961732029914856
2588,NEGATIVE,0.998207688331604
2589,NEGATIVE,0.9986841082572937
2590,NEGATIVE,0.9967712759971619
2591,NEGATIVE,0.9997236132621765
2592,NEGATIVE,0.9984707236289978
2593,NEGATIVE,0.9995152950286865
2594,NEGATIVE,0.999677300453186
2595,NEGATIVE,0.9967424273490906
2596,NEGATIVE,0.9977760910987854
2597,NEGATIVE,0.9996750354766846
2598,NEGATIVE,0.9987307190895081
2599,NEGATIVE,0.9997544884681702
2600,NEGATIVE,0.9995507597923279
2601,NEGATIVE,0.9997183680534363
2602,NEGATIVE,0.9966675639152527
2603,NEGATIVE,0.999358594417572
2604,POSITIVE,0.9595714211463928
2605,NEGATIVE,0.9996277093887329
2606,NEGATIVE,0.999321699142456
2607,NEGATIVE,0.979354739189148
2608,NEGATIVE,0.9953020811080933
2609,NEGATIVE,0.9997791647911072
2610,NEGATIVE,0.9911251664161682
2611,NEGATIVE,0.999764621257782
2612,NEGATIVE,0.8919052481651306
2613,NEGATIVE,0.9997703433036804
2614,NEGATIVE,0.9981864094734192
2615,NEGATIVE,0.9984458088874817
2616,POSITIVE,0.9926497340202332
2617,NEGATIVE,0.993066668510437
2618,NEGATIVE,0.9964863061904907
2619,NEGATIVE,0.8891608119010925
2620,NEGATIVE,0.9970135688781738
2621,NEGATIVE,0.9989929795265198
2622,NEGATIVE,0.9975429773330688
2623,NEGATIVE,0.9661694765090942
2624,NEGATIVE,0.9995753169059753
2625,NEGATIVE,0.7847026586532593
2626,NEGATIVE,0.9997920393943787
2627,NEGATIVE,0.9985957741737366
2628,NEGATIVE,0.9641646146774292
2629,NEGATIVE,0.9988738894462585
2630,NEGATIVE,0.6198851466178894
2631,NEGATIVE,0.9983620047569275
2632,NEGATIVE,0.9944341778755188
2633,NEGATIVE,0.9997846484184265
2634,NEGATIVE,0.9995324611663818
2635,NEGATIVE,0.7620972990989685
2636,NEGATIVE,0.9997428059577942
2637,NEGATIVE,0.9946120977401733
2638,NEGATIVE,0.9995157718658447
2639,NEGATIVE,0.99972003698349
2640,NEGATIVE,0.987704873085022
2641,NEGATIVE,0.9983612895011902
2642,NEGATIVE,0.7026950716972351
2643,NEGATIVE,0.9975233674049377
2644,NEGATIVE,0.9975870847702026
2645,NEGATIVE,0.9991196990013123
2646,NEGATIVE,0.9988576173782349
2647,NEGATIVE,0.9995189905166626
2648,NEGATIVE,0.9990044236183167
2649,NEGATIVE,0.9997096657752991
2650,NEGATIVE,0.9960669875144958
2651,NEGATIVE,0.9848432540893555
2652,NEGATIVE,0.9928228855133057
2653,NEGATIVE,0.99819415807724
2654,NEGATIVE,0.998715877532959
2655,NEGATIVE,0.9978989362716675
2656,NEGATIVE,0.9993185997009277
2657,NEGATIVE,0.9996806383132935
2658,NEGATIVE,0.9896738529205322
2659,NEGATIVE,0.9869120121002197
2660,NEGATIVE,0.9997212290763855
2661,NEGATIVE,0.9998137354850769
2662,NEGATIVE,0.9994857311248779
2663,NEGATIVE,0.9806360602378845
2664,NEGATIVE,0.9996423721313477
2665,POSITIVE,0.9968200922012329
2666,NEGATIVE,0.9985097050666809
2667,NEGATIVE,0.9984844326972961
2668,NEGATIVE,0.9990845918655396
2669,NEGATIVE,0.9973198771476746
2670,NEGATIVE,0.999297022819519
2671,NEGATIVE,0.998924195766449
2672,NEGATIVE,0.9669450521469116
2673,NEGATIVE,0.9983565211296082
2674,NEGATIVE,0.9985896944999695
2675,NEGATIVE,0.997490406036377
2676,NEGATIVE,0.9992660880088806
2677,NEGATIVE,0.9992861151695251
2678,NEGATIVE,0.9871386885643005
2679,NEGATIVE,0.9994237422943115
2680,NEGATIVE,0.9997169375419617
2681,NEGATIVE,0.9962309002876282
2682,NEGATIVE,0.9989834427833557
2683,NEGATIVE,0.9975702166557312
2684,NEGATIVE,0.9751467108726501
2685,NEGATIVE,0.9995309114456177
2686,NEGATIVE,0.9989275336265564
2687,NEGATIVE,0.9959149956703186
2688,NEGATIVE,0.9993385672569275
2689,POSITIVE,0.9964130520820618
2690,NEGATIVE,0.9930406808853149
2691,NEGATIVE,0.9928528666496277
2692,NEGATIVE,0.9967659711837769
2693,NEGATIVE,0.9995785355567932
2694,POSITIVE,0.9973616003990173
2695,NEGATIVE,0.9995027780532837
2696,NEGATIVE,0.9729031324386597
2697,NEGATIVE,0.981968343257904
2698,NEGATIVE,0.9996210336685181
2699,NEGATIVE,0.9997451901435852
2700,POSITIVE,0.9861049056053162
2701,NEGATIVE,0.9575974345207214
2702,NEGATIVE,0.9994264841079712
2703,NEGATIVE,0.9925767779350281
2704,NEGATIVE,0.9997280240058899
2705,POSITIVE,0.5978550314903259
2706,POSITIVE,0.7521904706954956
2707,NEGATIVE,0.998813271522522
2708,NEGATIVE,0.9997403025627136
2709,NEGATIVE,0.9899125695228577
2710,NEGATIVE,0.9960498213768005
2711,NEGATIVE,0.9987718462944031
2712,NEGATIVE,0.8654403686523438
2713,NEGATIVE,0.9994557499885559
2714,NEGATIVE,0.9967854022979736
2715,NEGATIVE,0.9888486862182617
2716,NEGATIVE,0.9749996066093445
2717,NEGATIVE,0.9988269209861755
2718,NEGATIVE,0.9996687173843384
2719,NEGATIVE,0.999653697013855
2720,NEGATIVE,0.9997696280479431
2721,NEGATIVE,0.9980006814002991
2722,POSITIVE,0.5427481532096863
2723,NEGATIVE,0.9997996687889099
2724,NEGATIVE,0.9995309114456177
2725,NEGATIVE,0.9846423268318176
2726,NEGATIVE,0.986518919467926
2727,NEGATIVE,0.9992259740829468
2728,NEGATIVE,0.999717652797699
2729,NEGATIVE,0.9995052814483643
2730,NEGATIVE,0.9932373762130737
2731,NEGATIVE,0.9992044568061829
2732,NEGATIVE,0.9955750703811646
2733,NEGATIVE,0.9995005130767822
2734,NEGATIVE,0.9996819496154785
2735,NEGATIVE,0.9991164803504944
2736,NEGATIVE,0.9996933937072754
2737,NEGATIVE,0.9951738715171814
2738,NEGATIVE,0.9997881054878235
2739,NEGATIVE,0.9997108578681946
2740,NEGATIVE,0.9996212720870972
2741,NEGATIVE,0.9967047572135925
2742,NEGATIVE,0.9996001124382019
2743,NEGATIVE,0.9946427345275879
2744,NEGATIVE,0.9969112277030945
2745,NEGATIVE,0.9935093522071838
2746,NEGATIVE,0.711205005645752
2747,NEGATIVE,0.9965214729309082
2748,NEGATIVE,0.994556188583374
2749,NEGATIVE,0.999413013458252
2750,NEGATIVE,0.9997081160545349
2751,POSITIVE,0.9087544679641724
2752,NEGATIVE,0.9992796778678894
2753,NEGATIVE,0.9991753697395325
2754,NEGATIVE,0.9986698627471924
2755,NEGATIVE,0.991663932800293
2756,NEGATIVE,0.9990348815917969
2757,NEGATIVE,0.9884363412857056
2758,NEGATIVE,0.9994432330131531
2759,NEGATIVE,0.9867656230926514
2760,NEGATIVE,0.9996300935745239
2761,NEGATIVE,0.9970894455909729
2762,NEGATIVE,0.9990872144699097
2763,NEGATIVE,0.9995806813240051
2764,NEGATIVE,0.9929214119911194
2765,NEGATIVE,0.9954227805137634
2766,NEGATIVE,0.9996840953826904
2767,POSITIVE,0.732923686504364
2768,NEGATIVE,0.9992581009864807
2769,NEGATIVE,0.9998109936714172
2770,NEGATIVE,0.9875524044036865
2771,NEGATIVE,0.9997712969779968
2772,POSITIVE,0.9777889847755432
2773,NEGATIVE,0.9997238516807556
2774,NEGATIVE,0.9997745156288147
2775,NEGATIVE,0.9997082352638245
2776,NEGATIVE,0.9991441965103149
2777,NEGATIVE,0.9802917242050171
2778,POSITIVE,0.9740551710128784
2779,NEGATIVE,0.9992200136184692
2780,POSITIVE,0.9986737966537476
2781,NEGATIVE,0.9712709784507751
2782,NEGATIVE,0.9977612495422363
2783,NEGATIVE,0.995194137096405
2784,NEGATIVE,0.9997623562812805
2785,NEGATIVE,0.9988980293273926
2786,NEGATIVE,0.9945283532142639
2787,NEGATIVE,0.9967501163482666
2788,NEGATIVE,0.9875384569168091
2789,NEGATIVE,0.9990488886833191
2790,NEGATIVE,0.9977879524230957
2791,NEGATIVE,0.9909137487411499
2792,NEGATIVE,0.9997627139091492
2793,NEGATIVE,0.9975513815879822
2794,NEGATIVE,0.8562546968460083
2795,NEGATIVE,0.9988189339637756
2796,NEGATIVE,0.9662847518920898
2797,NEGATIVE,0.9980847835540771
2798,NEGATIVE,0.9995655417442322
2799,NEGATIVE,0.9997815489768982
2800,NEGATIVE,0.9329179525375366
2801,NEGATIVE,0.999786913394928
2802,NEGATIVE,0.996042013168335
2803,NEGATIVE,0.997326135635376
2804,NEGATIVE,0.9968737363815308
2805,NEGATIVE,0.535126805305481
2806,NEGATIVE,0.9989799857139587
2807,NEGATIVE,0.996705949306488
2808,NEGATIVE,0.9996867179870605
2809,NEGATIVE,0.9987633228302002
2810,NEGATIVE,0.9976354837417603
2811,NEGATIVE,0.9604566097259521
2812,NEGATIVE,0.999725878238678
2813,NEGATIVE,0.9920898675918579
2814,NEGATIVE,0.999601423740387
2815,NEGATIVE,0.9969814419746399
2816,NEGATIVE,0.6532621383666992
2817,NEGATIVE,0.9987878203392029
2818,NEGATIVE,0.9975252747535706
2819,NEGATIVE,0.9957956075668335
2820,NEGATIVE,0.9984157085418701
2821,NEGATIVE,0.9890778064727783
2822,NEGATIVE,0.9996792078018188
2823,NEGATIVE,0.9330554604530334
2824,NEGATIVE,0.9991154074668884
2825,NEGATIVE,0.986474335193634
2826,NEGATIVE,0.9157897233963013
2827,NEGATIVE,0.987966001033783
2828,NEGATIVE,0.9973142743110657
2829,NEGATIVE,0.999610960483551
2830,NEGATIVE,0.9990680813789368
2831,NEGATIVE,0.9972479939460754
2832,NEGATIVE,0.9984651803970337
2833,NEGATIVE,0.9994896650314331
2834,NEGATIVE,0.995731770992279
2835,NEGATIVE,0.9650610685348511
2836,NEGATIVE,0.9903586506843567
2837,NEGATIVE,0.9997063279151917
2838,NEGATIVE,0.9991889595985413
2839,NEGATIVE,0.999444305896759
2840,NEGATIVE,0.9995918869972229
2841,NEGATIVE,0.9993568062782288
2842,NEGATIVE,0.9969755411148071
2843,NEGATIVE,0.9993324875831604
2844,NEGATIVE,0.9985103011131287
2845,NEGATIVE,0.7668256163597107
2846,NEGATIVE,0.998489260673523
2847,NEGATIVE,0.9991543292999268
2848,NEGATIVE,0.9986673593521118
2849,NEGATIVE,0.9993752837181091
2850,NEGATIVE,0.9989033937454224
2851,NEGATIVE,0.9997289776802063
2852,NEGATIVE,0.9971053004264832
2853,NEGATIVE,0.9998095631599426
2854,NEGATIVE,0.9892874956130981
2855,NEGATIVE,0.982001781463623
2856,POSITIVE,0.9894947409629822
2857,NEGATIVE,0.9983628392219543
2858,NEGATIVE,0.9974871873855591
2859,NEGATIVE,0.9944078922271729
2860,NEGATIVE,0.9986346364021301
2861,NEGATIVE,0.9342070817947388
2862,NEGATIVE,0.9995703101158142
2863,NEGATIVE,0.9964274764060974
2864,NEGATIVE,0.9471152424812317
2865,POSITIVE,0.9989480376243591
2866,NEGATIVE,0.9871145486831665
2867,NEGATIVE,0.9889428615570068
2868,NEGATIVE,0.9968515038490295
2869,NEGATIVE,0.9914308190345764
2870,NEGATIVE,0.9988933205604553
2871,NEGATIVE,0.9990236759185791
2872,NEGATIVE,0.9828741550445557
2873,NEGATIVE,0.9996134638786316
2874,NEGATIVE,0.9985417127609253
2875,NEGATIVE,0.9992110729217529
2876,NEGATIVE,0.998039186000824
2877,NEGATIVE,0.9991486072540283
2878,NEGATIVE,0.9997289776802063
2879,POSITIVE,0.9991530179977417
2880,POSITIVE,0.5455434918403625
2881,NEGATIVE,0.9988131523132324
2882,NEGATIVE,0.9934996366500854
2883,NEGATIVE,0.9978260397911072
2884,NEGATIVE,0.9926918148994446
2885,NEGATIVE,0.9990828037261963
2886,NEGATIVE,0.9984707236289978
2887,NEGATIVE,0.9996259212493896
2888,NEGATIVE,0.9830937385559082
2889,NEGATIVE,0.9979336261749268
2890,NEGATIVE,0.9985355138778687
2891,NEGATIVE,0.9996625185012817
2892,NEGATIVE,0.9923422932624817
2893,NEGATIVE,0.9972086548805237
2894,NEGATIVE,0.9987407326698303
2895,NEGATIVE,0.9705694913864136
2896,NEGATIVE,0.9975983500480652
2897,NEGATIVE,0.9982035160064697
2898,NEGATIVE,0.9975680708885193
2899,NEGATIVE,0.9980652928352356
2900,NEGATIVE,0.9895861744880676
2901,NEGATIVE,0.9916000366210938
2902,NEGATIVE,0.9941955208778381
2903,POSITIVE,0.9943787455558777
2904,NEGATIVE,0.9994383454322815
2905,NEGATIVE,0.998734176158905
2906,NEGATIVE,0.9993448853492737
2907,NEGATIVE,0.9987493753433228
2908,NEGATIVE,0.9982232451438904
2909,POSITIVE,0.9985040426254272
2910,NEGATIVE,0.9583785533905029
2911,NEGATIVE,0.9985186457633972
2912,NEGATIVE,0.9985703229904175
2913,NEGATIVE,0.996613085269928
2914,NEGATIVE,0.9895519614219666
2915,POSITIVE,0.7102242708206177
2916,NEGATIVE,0.9994195699691772
2917,NEGATIVE,0.9994668364524841
2918,NEGATIVE,0.9973599314689636
2919,NEGATIVE,0.9990317821502686
2920,NEGATIVE,0.9920112490653992
2921,NEGATIVE,0.9988299012184143
2922,POSITIVE,0.7464988231658936
2923,NEGATIVE,0.9754822850227356
2924,NEGATIVE,0.9983722567558289
2925,NEGATIVE,0.999695897102356
2926,NEGATIVE,0.9993191957473755
2927,NEGATIVE,0.9376808404922485
2928,NEGATIVE,0.9947079420089722
2929,NEGATIVE,0.9602866172790527
2930,NEGATIVE,0.9929443001747131
2931,NEGATIVE,0.9982012510299683
2932,NEGATIVE,0.9856188297271729
2933,NEGATIVE,0.99662184715271
2934,POSITIVE,0.9295766949653625
2935,NEGATIVE,0.9992982149124146
2936,POSITIVE,0.8786556124687195
2937,NEGATIVE,0.9996190071105957
2938,NEGATIVE,0.9997715353965759
2939,NEGATIVE,0.9982566237449646
2940,NEGATIVE,0.9995774626731873
2941,NEGATIVE,0.9997792840003967
2942,NEGATIVE,0.988824188709259
2943,NEGATIVE,0.9981306195259094
2944,NEGATIVE,0.9977154731750488
2945,NEGATIVE,0.9993835687637329
2946,POSITIVE,0.6772803664207458
2947,NEGATIVE,0.9994137287139893
2948,NEGATIVE,0.9995352029800415
2949,NEGATIVE,0.9981643557548523
2950,POSITIVE,0.9705216884613037
2951,NEGATIVE,0.9699546098709106
2952,POSITIVE,0.9556424021720886
2953,NEGATIVE,0.6548177003860474
2954,NEGATIVE,0.9982306361198425
2955,NEGATIVE,0.9463258385658264
2956,NEGATIVE,0.9976053237915039
2957,NEGATIVE,0.9991999268531799
2958,NEGATIVE,0.997020423412323
2959,NEGATIVE,0.9997112154960632
2960,NEGATIVE,0.9951072931289673
2961,NEGATIVE,0.9995991587638855
2962,NEGATIVE,0.9967074394226074
2963,NEGATIVE,0.9996503591537476
2964,NEGATIVE,0.999790608882904
2965,NEGATIVE,0.9996299743652344
2966,NEGATIVE,0.9990001320838928
2967,NEGATIVE,0.9961896538734436
2968,NEGATIVE,0.9987853169441223
2969,NEGATIVE,0.9993712306022644
2970,NEGATIVE,0.9975675344467163
2971,NEGATIVE,0.9993785619735718
2972,NEGATIVE,0.9934076070785522
2973,NEGATIVE,0.9992761015892029
2974,NEGATIVE,0.9990776777267456
2975,NEGATIVE,0.9988119602203369
2976,NEGATIVE,0.9997394680976868
2977,NEGATIVE,0.99972003698349
2978,NEGATIVE,0.9992502331733704
2979,NEGATIVE,0.7054851651191711
2980,NEGATIVE,0.9928897619247437
2981,NEGATIVE,0.9987066984176636
2982,NEGATIVE,0.9994499087333679
2983,NEGATIVE,0.9955618381500244
2984,NEGATIVE,0.9995623230934143
2985,NEGATIVE,0.9993264675140381
2986,NEGATIVE,0.9995593428611755
2987,NEGATIVE,0.9981514811515808
2988,NEGATIVE,0.9997369647026062
2989,NEGATIVE,0.9992918968200684
2990,POSITIVE,0.9222107529640198
2991,NEGATIVE,0.9996194839477539
2992,NEGATIVE,0.924448549747467
2993,NEGATIVE,0.9961347579956055
2994,NEGATIVE,0.9921379685401917
2995,NEGATIVE,0.9762182235717773
2996,NEGATIVE,0.9964941143989563
2997,NEGATIVE,0.9994437098503113
2998,NEGATIVE,0.9867401123046875
2999,NEGATIVE,0.9972155094146729
3000,NEGATIVE,0.9969164133071899
3001,NEGATIVE,0.9997276663780212
3002,NEGATIVE,0.9985161423683167
3003,NEGATIVE,0.9770954847335815
3004,NEGATIVE,0.9996738433837891
3005,NEGATIVE,0.9996209144592285
3006,NEGATIVE,0.9996302127838135
3007,NEGATIVE,0.9361099004745483
3008,NEGATIVE,0.9756954312324524
3009,POSITIVE,0.7133306860923767
3010,NEGATIVE,0.9992204904556274
3011,NEGATIVE,0.9987795948982239
3012,NEGATIVE,0.9698208570480347
3013,NEGATIVE,0.9930782914161682
3014,NEGATIVE,0.9992426633834839
3015,NEGATIVE,0.9988465309143066
3016,NEGATIVE,0.9997864365577698
3017,NEGATIVE,0.9974786639213562
3018,NEGATIVE,0.9964807629585266
3019,NEGATIVE,0.9991891980171204
3020,NEGATIVE,0.9984470009803772
3021,NEGATIVE,0.9972320199012756
3022,NEGATIVE,0.9988223910331726
3023,NEGATIVE,0.9946051239967346
3024,NEGATIVE,0.9997804760932922
3025,POSITIVE,0.9934324026107788
3026,NEGATIVE,0.9988059997558594
3027,NEGATIVE,0.9940209984779358
3028,NEGATIVE,0.6272701621055603
3029,NEGATIVE,0.9811637997627258
3030,NEGATIVE,0.9929800629615784
3031,NEGATIVE,0.9997493624687195
3032,NEGATIVE,0.9921597838401794
3033,NEGATIVE,0.9974278807640076
3034,NEGATIVE,0.999409556388855
3035,NEGATIVE,0.9994663596153259
3036,NEGATIVE,0.9650547504425049
3037,NEGATIVE,0.999784529209137
3038,NEGATIVE,0.9997630715370178
3039,NEGATIVE,0.9984844326972961
3040,NEGATIVE,0.99915611743927
3041,NEGATIVE,0.9981626868247986
3042,NEGATIVE,0.9990379810333252
3043,NEGATIVE,0.9829466342926025
3044,NEGATIVE,0.9995239973068237
3045,NEGATIVE,0.9998120665550232
3046,NEGATIVE,0.9988629817962646
3047,NEGATIVE,0.9832005500793457
3048,NEGATIVE,0.8982598781585693
3049,NEGATIVE,0.9997624754905701
3050,NEGATIVE,0.9993265867233276
3051,NEGATIVE,0.9967079162597656
3052,NEGATIVE,0.9968660473823547
3053,NEGATIVE,0.9996620416641235
3054,NEGATIVE,0.9983445405960083
3055,NEGATIVE,0.998339056968689
3056,NEGATIVE,0.9992188215255737
3057,NEGATIVE,0.9982268214225769
3058,NEGATIVE,0.997984766960144
3059,NEGATIVE,0.999038577079773
3060,NEGATIVE,0.7402735948562622
3061,NEGATIVE,0.9979875087738037
3062,NEGATIVE,0.9993096590042114
3063,POSITIVE,0.9980182647705078
3064,NEGATIVE,0.9966750144958496
3065,NEGATIVE,0.9980973601341248
3066,NEGATIVE,0.9916644096374512
3067,NEGATIVE,0.9980864524841309
3068,NEGATIVE,0.9995514750480652
3069,NEGATIVE,0.9981828331947327
3070,NEGATIVE,0.9994872808456421
3071,POSITIVE,0.9365680813789368
3072,NEGATIVE,0.9970710277557373
3073,NEGATIVE,0.9588108062744141
3074,NEGATIVE,0.9958863854408264
3075,NEGATIVE,0.9990712404251099
3076,NEGATIVE,0.9980599284172058
3077,NEGATIVE,0.9983147382736206
3078,NEGATIVE,0.9997255206108093
3079,NEGATIVE,0.9980307221412659
3080,NEGATIVE,0.9976048469543457
3081,NEGATIVE,0.9985573887825012
3082,NEGATIVE,0.9867950081825256
3083,NEGATIVE,0.991144597530365
3084,NEGATIVE,0.9978245496749878
3085,NEGATIVE,0.9978729486465454
3086,NEGATIVE,0.9979898929595947
3087,NEGATIVE,0.995570719242096
3088,POSITIVE,0.9990026354789734
3089,NEGATIVE,0.9963867664337158
3090,NEGATIVE,0.999721348285675
3091,NEGATIVE,0.9805168509483337
3092,NEGATIVE,0.9964382648468018
3093,NEGATIVE,0.9982908368110657
3094,NEGATIVE,0.9962828755378723
3095,NEGATIVE,0.9993107318878174
3096,NEGATIVE,0.9942001104354858
3097,NEGATIVE,0.9992949962615967
3098,NEGATIVE,0.9976658821105957
3099,NEGATIVE,0.9919988512992859
3100,NEGATIVE,0.9997331500053406
3101,NEGATIVE,0.9900357127189636
3102,NEGATIVE,0.9996104836463928
3103,POSITIVE,0.9509479999542236
3104,NEGATIVE,0.9992209672927856
3105,NEGATIVE,0.9468237161636353
3106,NEGATIVE,0.9986979961395264
3107,NEGATIVE,0.9991150498390198
3108,NEGATIVE,0.9984622001647949
3109,NEGATIVE,0.9975736737251282
3110,NEGATIVE,0.9990241527557373
3111,NEGATIVE,0.9940442442893982
3112,POSITIVE,0.997350811958313
3113,NEGATIVE,0.9987232089042664
3114,NEGATIVE,0.999687671661377
3115,NEGATIVE,0.9974736571311951
3116,NEGATIVE,0.9997405409812927
3117,NEGATIVE,0.9974952936172485
3118,NEGATIVE,0.9993844032287598
3119,NEGATIVE,0.9993533492088318
3120,NEGATIVE,0.9853496551513672
3121,NEGATIVE,0.999658465385437
3122,POSITIVE,0.9242233633995056
3123,NEGATIVE,0.9995456337928772
3124,NEGATIVE,0.9976142644882202
3125,NEGATIVE,0.9927322268486023
3126,NEGATIVE,0.998473584651947
3127,NEGATIVE,0.9977658987045288
3128,NEGATIVE,0.9950123429298401
3129,NEGATIVE,0.8372761011123657
3130,NEGATIVE,0.9972641468048096
3131,NEGATIVE,0.999543309211731
3132,NEGATIVE,0.9997490048408508
3133,NEGATIVE,0.9993274211883545
3134,NEGATIVE,0.998753547668457
3135,NEGATIVE,0.9985678195953369
3136,NEGATIVE,0.9997586607933044
3137,POSITIVE,0.9881004095077515
3138,NEGATIVE,0.9993188381195068
3139,NEGATIVE,0.9997023940086365
3140,NEGATIVE,0.9996267557144165
3141,NEGATIVE,0.9994163513183594
3142,NEGATIVE,0.9986816048622131
3143,NEGATIVE,0.9995593428611755
3144,NEGATIVE,0.9971304535865784
3145,NEGATIVE,0.9973796606063843
3146,NEGATIVE,0.9818679094314575
3147,POSITIVE,0.9954196214675903
3148,POSITIVE,0.6445742845535278
3149,NEGATIVE,0.9995290040969849
3150,NEGATIVE,0.9968986511230469
3151,NEGATIVE,0.9985185265541077
3152,NEGATIVE,0.9928533434867859
3153,NEGATIVE,0.8215678930282593
3154,NEGATIVE,0.9953546524047852
3155,NEGATIVE,0.9921914935112
3156,NEGATIVE,0.9996813535690308
3157,NEGATIVE,0.9983810186386108
3158,NEGATIVE,0.9984656572341919
3159,POSITIVE,0.9768093228340149
3160,NEGATIVE,0.959672749042511
3161,NEGATIVE,0.999816358089447
3162,POSITIVE,0.501142680644989
3163,NEGATIVE,0.9978798627853394
3164,NEGATIVE,0.9979749321937561
3165,NEGATIVE,0.7658488750457764
3166,NEGATIVE,0.9987040758132935
3167,NEGATIVE,0.999701201915741
3168,NEGATIVE,0.9997652173042297
3169,NEGATIVE,0.9985106587409973
3170,NEGATIVE,0.9929239749908447
3171,NEGATIVE,0.9996315240859985
3172,NEGATIVE,0.9994256496429443
3173,NEGATIVE,0.9996336698532104
3174,NEGATIVE,0.9884816408157349
3175,NEGATIVE,0.9978150129318237
3176,NEGATIVE,0.9990509152412415
3177,NEGATIVE,0.9894199371337891
3178,POSITIVE,0.8904606103897095
3179,NEGATIVE,0.9775623083114624
3180,POSITIVE,0.5201650857925415
3181,NEGATIVE,0.9983215928077698
3182,NEGATIVE,0.9967202544212341
3183,NEGATIVE,0.9997616410255432
3184,NEGATIVE,0.9988282322883606
3185,NEGATIVE,0.9974175691604614
3186,NEGATIVE,0.998315691947937
3187,NEGATIVE,0.999402642250061
3188,NEGATIVE,0.967692494392395
3189,NEGATIVE,0.9995085000991821
3190,NEGATIVE,0.9997133612632751
3191,NEGATIVE,0.9997484087944031
3192,NEGATIVE,0.9987102746963501
3193,NEGATIVE,0.9970890879631042
3194,NEGATIVE,0.9983077049255371
3195,NEGATIVE,0.9959813356399536
3196,NEGATIVE,0.9994966983795166
3197,NEGATIVE,0.99832683801651
3198,POSITIVE,0.942646324634552
3199,NEGATIVE,0.9907506108283997
3200,NEGATIVE,0.9990623593330383
3201,NEGATIVE,0.9953160285949707
3202,NEGATIVE,0.99647057056427
3203,NEGATIVE,0.9979274272918701
3204,NEGATIVE,0.9984220266342163
3205,POSITIVE,0.9858425259590149
3206,POSITIVE,0.899875819683075
3207,NEGATIVE,0.9827513098716736
3208,NEGATIVE,0.9937631487846375
3209,NEGATIVE,0.9996647834777832
3210,NEGATIVE,0.9995660185813904
3211,NEGATIVE,0.9996585845947266
3212,NEGATIVE,0.5919029712677002
3213,NEGATIVE,0.9981790781021118
3214,NEGATIVE,0.9995949864387512
3215,NEGATIVE,0.9997162222862244
3216,NEGATIVE,0.9997432827949524
3217,NEGATIVE,0.9977729916572571
3218,NEGATIVE,0.9942874312400818
3219,POSITIVE,0.9945716261863708
3220,POSITIVE,0.9494239687919617
3221,NEGATIVE,0.9986263513565063
3222,NEGATIVE,0.9997714161872864
3223,NEGATIVE,0.9980311989784241
3224,NEGATIVE,0.9339380264282227
3225,NEGATIVE,0.9964337348937988
3226,NEGATIVE,0.9991258978843689
3227,NEGATIVE,0.8895809054374695
3228,NEGATIVE,0.8787275552749634
3229,NEGATIVE,0.9966236352920532
3230,NEGATIVE,0.9996719360351562
3231,NEGATIVE,0.9960610270500183
3232,NEGATIVE,0.984703779220581
3233,POSITIVE,0.9638224840164185
3234,NEGATIVE,0.9987302422523499
3235,NEGATIVE,0.9989833235740662
3236,NEGATIVE,0.9993665814399719
3237,NEGATIVE,0.9950836896896362
3238,NEGATIVE,0.8940656185150146
3239,POSITIVE,0.9962620139122009
3240,NEGATIVE,0.999403715133667
3241,POSITIVE,0.9931398034095764
3242,NEGATIVE,0.9973837733268738
3243,NEGATIVE,0.9932988882064819
3244,NEGATIVE,0.9978715181350708
3245,NEGATIVE,0.9996492862701416
3246,NEGATIVE,0.9972925782203674
3247,NEGATIVE,0.999040424823761
3248,NEGATIVE,0.999313473701477
3249,NEGATIVE,0.9993982315063477
3250,NEGATIVE,0.9991387128829956
3251,NEGATIVE,0.9993795156478882
3252,NEGATIVE,0.9986938834190369
3253,NEGATIVE,0.9981282353401184
3254,NEGATIVE,0.9973920583724976
3255,POSITIVE,0.860312283039093
3256,POSITIVE,0.9994741082191467
3257,NEGATIVE,0.9997380375862122
3258,NEGATIVE,0.9997350573539734
3259,NEGATIVE,0.9965597987174988
3260,NEGATIVE,0.9969396591186523
3261,NEGATIVE,0.8562101721763611
3262,NEGATIVE,0.8521669507026672
3263,NEGATIVE,0.9996440410614014
3264,NEGATIVE,0.9923847913742065
3265,NEGATIVE,0.9980880618095398
3266,NEGATIVE,0.9991747736930847
3267,POSITIVE,0.9590596556663513
3268,NEGATIVE,0.9993870258331299
3269,NEGATIVE,0.9992842078208923
3270,NEGATIVE,0.9995555281639099
3271,NEGATIVE,0.9997801184654236
3272,NEGATIVE,0.9995299577713013
3273,NEGATIVE,0.9997054934501648
3274,NEGATIVE,0.9980065226554871
3275,NEGATIVE,0.9989872574806213
3276,NEGATIVE,0.9862378835678101
3277,NEGATIVE,0.8507677912712097
3278,NEGATIVE,0.98365318775177
3279,NEGATIVE,0.999686598777771
3280,NEGATIVE,0.9820166230201721
3281,NEGATIVE,0.9967310428619385
3282,NEGATIVE,0.970752477645874
3283,NEGATIVE,0.9940686225891113
3284,NEGATIVE,0.9995445609092712
3285,NEGATIVE,0.9955090284347534
3286,NEGATIVE,0.9751898050308228
3287,NEGATIVE,0.9997928738594055
3288,NEGATIVE,0.9965335130691528
3289,NEGATIVE,0.997969925403595
3290,NEGATIVE,0.9991881251335144
3291,NEGATIVE,0.9989759922027588
3292,NEGATIVE,0.9997143149375916
3293,NEGATIVE,0.9946396946907043
3294,NEGATIVE,0.9941529631614685
3295,NEGATIVE,0.9997689127922058
3296,NEGATIVE,0.9918083548545837
3297,NEGATIVE,0.9949986934661865
3298,NEGATIVE,0.998824417591095
3299,NEGATIVE,0.9997091889381409
3300,NEGATIVE,0.994482159614563
3301,NEGATIVE,0.9978702068328857
3302,NEGATIVE,0.9997290968894958
3303,NEGATIVE,0.999749481678009
3304,NEGATIVE,0.9844374656677246
3305,NEGATIVE,0.9987956285476685
3306,NEGATIVE,0.9994194507598877
3307,NEGATIVE,0.9575798511505127
3308,POSITIVE,0.5651818513870239
3309,NEGATIVE,0.9997256398200989
3310,NEGATIVE,0.9994282126426697
3311,NEGATIVE,0.9983223080635071
3312,NEGATIVE,0.9954472184181213
3313,NEGATIVE,0.9998188614845276
3314,NEGATIVE,0.9913614392280579
3315,NEGATIVE,0.9996647834777832
3316,NEGATIVE,0.995100200176239
3317,NEGATIVE,0.9978380799293518
3318,NEGATIVE,0.9967535138130188
3319,NEGATIVE,0.999350368976593
3320,NEGATIVE,0.9971377849578857
3321,NEGATIVE,0.999136745929718
3322,NEGATIVE,0.9987989664077759
3323,NEGATIVE,0.9997859597206116
3324,NEGATIVE,0.9997568726539612
3325,NEGATIVE,0.9984651803970337
3326,NEGATIVE,0.9980617165565491
3327,NEGATIVE,0.8366174697875977
3328,POSITIVE,0.9905930161476135
3329,NEGATIVE,0.9995854496955872
3330,NEGATIVE,0.9990943670272827
3331,NEGATIVE,0.9998050332069397
3332,POSITIVE,0.8899722695350647
3333,NEGATIVE,0.9668084383010864
3334,NEGATIVE,0.9956048727035522
3335,NEGATIVE,0.9967579245567322
3336,NEGATIVE,0.9983904361724854
3337,NEGATIVE,0.9997500777244568
3338,NEGATIVE,0.9978492259979248
3339,POSITIVE,0.7492769360542297
3340,NEGATIVE,0.9956055283546448
3341,NEGATIVE,0.9921903014183044
3342,NEGATIVE,0.9913662075996399
3343,NEGATIVE,0.9943055510520935
3344,NEGATIVE,0.999600350856781
3345,NEGATIVE,0.9995799660682678
3346,NEGATIVE,0.9989345669746399
3347,NEGATIVE,0.9991514682769775
3348,NEGATIVE,0.9982514977455139
3349,NEGATIVE,0.9990805387496948
3350,NEGATIVE,0.9981765747070312
3351,NEGATIVE,0.9994106292724609
3352,NEGATIVE,0.9984064698219299
3353,NEGATIVE,0.9978874325752258
3354,NEGATIVE,0.9996398687362671
3355,NEGATIVE,0.9914930462837219
3356,NEGATIVE,0.999197781085968
3357,NEGATIVE,0.9993452429771423
3358,NEGATIVE,0.9928399324417114
3359,NEGATIVE,0.9858314990997314
3360,NEGATIVE,0.9960149526596069
3361,NEGATIVE,0.9976344108581543
3362,NEGATIVE,0.9983483552932739
3363,POSITIVE,0.5439841151237488
3364,NEGATIVE,0.9852365255355835
3365,NEGATIVE,0.9996604919433594
3366,NEGATIVE,0.5051860213279724
3367,NEGATIVE,0.9996030926704407
3368,NEGATIVE,0.997307538986206
3369,NEGATIVE,0.9997084736824036
3370,POSITIVE,0.9970384836196899
3371,NEGATIVE,0.9954670667648315
3372,NEGATIVE,0.9992116689682007
3373,NEGATIVE,0.9992696642875671
3374,NEGATIVE,0.9998133778572083
3375,NEGATIVE,0.9994580149650574
3376,NEGATIVE,0.9997783303260803
3377,NEGATIVE,0.9903990030288696
3378,NEGATIVE,0.9988351464271545
3379,NEGATIVE,0.999259889125824
3380,NEGATIVE,0.9860557317733765
3381,NEGATIVE,0.9995729327201843
3382,NEGATIVE,0.9987809062004089
3383,NEGATIVE,0.9975505471229553
3384,NEGATIVE,0.9996297359466553
3385,NEGATIVE,0.9992075562477112
3386,NEGATIVE,0.9997001886367798
3387,NEGATIVE,0.9973098039627075
3388,NEGATIVE,0.9944443106651306
3389,NEGATIVE,0.9972307085990906
3390,POSITIVE,0.6828530430793762
3391,NEGATIVE,0.9948344230651855
3392,NEGATIVE,0.9961907863616943
3393,NEGATIVE,0.9940014481544495
3394,NEGATIVE,0.9988334774971008
3395,NEGATIVE,0.9980783462524414
3396,NEGATIVE,0.9978839755058289
3397,NEGATIVE,0.9997424483299255
3398,NEGATIVE,0.9967228770256042
3399,NEGATIVE,0.9996565580368042
3400,NEGATIVE,0.9988812804222107
3401,NEGATIVE,0.8492092490196228
3402,NEGATIVE,0.8524926900863647
3403,NEGATIVE,0.9981346130371094
3404,NEGATIVE,0.9983646273612976
3405,NEGATIVE,0.9974243640899658
3406,NEGATIVE,0.9995399713516235
3407,NEGATIVE,0.9982775449752808
3408,NEGATIVE,0.9987673759460449
3409,NEGATIVE,0.9997465014457703
3410,NEGATIVE,0.9995505213737488
3411,NEGATIVE,0.9996460676193237
3412,NEGATIVE,0.9968088269233704
3413,NEGATIVE,0.999772846698761
3414,NEGATIVE,0.9963394403457642
3415,NEGATIVE,0.995064914226532
3416,NEGATIVE,0.9996102452278137
3417,NEGATIVE,0.9979766011238098
3418,NEGATIVE,0.9991663694381714
3419,NEGATIVE,0.9634572863578796
3420,NEGATIVE,0.9997621178627014
3421,NEGATIVE,0.9994677901268005
3422,NEGATIVE,0.9991401433944702
3423,NEGATIVE,0.9983168840408325
3424,POSITIVE,0.8238157629966736
3425,NEGATIVE,0.9996091723442078
3426,NEGATIVE,0.9968716502189636
3427,NEGATIVE,0.9989659786224365
3428,NEGATIVE,0.9904786348342896
3429,POSITIVE,0.9990569949150085
3430,NEGATIVE,0.9970492720603943
3431,NEGATIVE,0.9995583891868591
3432,POSITIVE,0.9988126754760742
3433,NEGATIVE,0.996427595615387
3434,NEGATIVE,0.9887793064117432
3435,NEGATIVE,0.94707190990448
3436,NEGATIVE,0.9996805191040039
3437,NEGATIVE,0.9976291060447693
3438,NEGATIVE,0.9997043013572693
3439,NEGATIVE,0.9992595314979553
3440,NEGATIVE,0.9980033040046692
3441,NEGATIVE,0.9983886480331421
3442,NEGATIVE,0.9996071457862854
3443,NEGATIVE,0.9989351630210876
3444,NEGATIVE,0.9995618462562561
3445,NEGATIVE,0.9917182922363281
3446,POSITIVE,0.9790188074111938
3447,POSITIVE,0.7365819215774536
3448,NEGATIVE,0.9686501622200012
3449,NEGATIVE,0.9997082352638245
3450,NEGATIVE,0.6534296274185181
3451,NEGATIVE,0.9888002872467041
3452,POSITIVE,0.9960446357727051
3453,NEGATIVE,0.9891231656074524
3454,NEGATIVE,0.9995243549346924
3455,NEGATIVE,0.8429882526397705
3456,NEGATIVE,0.9972156286239624
3457,NEGATIVE,0.9981434345245361
3458,NEGATIVE,0.9924173355102539
3459,NEGATIVE,0.9994503855705261
3460,NEGATIVE,0.998257577419281
3461,NEGATIVE,0.9966631531715393
3462,NEGATIVE,0.9547389149665833
3463,NEGATIVE,0.9878019690513611
3464,NEGATIVE,0.9953293800354004
3465,NEGATIVE,0.9993877410888672
3466,NEGATIVE,0.9991636276245117
3467,NEGATIVE,0.9997766613960266
3468,NEGATIVE,0.9517255425453186
3469,NEGATIVE,0.9994945526123047
3470,NEGATIVE,0.9848651885986328
3471,NEGATIVE,0.9987592697143555
3472,NEGATIVE,0.9991627931594849
3473,NEGATIVE,0.9994988441467285
3474,NEGATIVE,0.9967305660247803
3475,NEGATIVE,0.9997455477714539
3476,NEGATIVE,0.9736630916595459
3477,NEGATIVE,0.9832174777984619
3478,NEGATIVE,0.9997487664222717
3479,POSITIVE,0.9898659586906433
3480,NEGATIVE,0.9993042945861816
3481,NEGATIVE,0.996894359588623
3482,NEGATIVE,0.9797561168670654
3483,NEGATIVE,0.994519054889679
3484,POSITIVE,0.559777557849884
3485,NEGATIVE,0.9956873059272766
3486,NEGATIVE,0.9992074370384216
3487,NEGATIVE,0.9117789268493652
3488,NEGATIVE,0.9516416788101196
3489,POSITIVE,0.9942007064819336
3490,NEGATIVE,0.9975649118423462
3491,POSITIVE,0.9857960939407349
3492,NEGATIVE,0.9832794666290283
3493,NEGATIVE,0.9991408586502075
3494,POSITIVE,0.9171496033668518
3495,NEGATIVE,0.9995181560516357
3496,NEGATIVE,0.9997417330741882
3497,NEGATIVE,0.8161574006080627
3498,NEGATIVE,0.9996067881584167
3499,NEGATIVE,0.9972310662269592
3500,NEGATIVE,0.998969316482544
3501,NEGATIVE,0.9987632036209106
3502,NEGATIVE,0.9920181632041931
3503,NEGATIVE,0.9995861649513245
3504,NEGATIVE,0.99580979347229
3505,NEGATIVE,0.9949986934661865
3506,NEGATIVE,0.9968388080596924
3507,NEGATIVE,0.9995193481445312
3508,NEGATIVE,0.975176215171814
3509,NEGATIVE,0.9950253367424011
3510,NEGATIVE,0.9997231364250183
3511,NEGATIVE,0.9995405673980713
3512,NEGATIVE,0.9994736313819885
3513,NEGATIVE,0.9995322227478027
3514,NEGATIVE,0.9976702332496643
3515,NEGATIVE,0.9993102550506592
3516,NEGATIVE,0.9951049089431763
3517,NEGATIVE,0.999177873134613
3518,NEGATIVE,0.9962571859359741
3519,NEGATIVE,0.9986940026283264
3520,NEGATIVE,0.9927880167961121
3521,NEGATIVE,0.9988779425621033
3522,NEGATIVE,0.9980311989784241
3523,NEGATIVE,0.9978328347206116
3524,NEGATIVE,0.9968042373657227
3525,NEGATIVE,0.5041899681091309
3526,NEGATIVE,0.9996546506881714
3527,NEGATIVE,0.9997919201850891
3528,NEGATIVE,0.9991852641105652
3529,NEGATIVE,0.9996906518936157
3530,NEGATIVE,0.9971944093704224
3531,NEGATIVE,0.9997918009757996
3532,NEGATIVE,0.9971523284912109
3533,NEGATIVE,0.9976533055305481
3534,NEGATIVE,0.9956936836242676
3535,NEGATIVE,0.9974933862686157
3536,NEGATIVE,0.9996510744094849
3537,NEGATIVE,0.9941074848175049
3538,NEGATIVE,0.9983587861061096
3539,NEGATIVE,0.9994418025016785
3540,NEGATIVE,0.9953885078430176
3541,NEGATIVE,0.9997652173042297
3542,NEGATIVE,0.9993576407432556
3543,NEGATIVE,0.999777615070343
3544,NEGATIVE,0.9994251728057861
3545,NEGATIVE,0.9990752935409546
3546,POSITIVE,0.8588375449180603
3547,NEGATIVE,0.9994520545005798
3548,NEGATIVE,0.9964381456375122
3549,NEGATIVE,0.9977052807807922
3550,NEGATIVE,0.9952133893966675
3551,NEGATIVE,0.9994972944259644
3552,NEGATIVE,0.9995575547218323
3553,NEGATIVE,0.9982216954231262
3554,NEGATIVE,0.9991286396980286
3555,NEGATIVE,0.9995661377906799
3556,NEGATIVE,0.9714213609695435
3557,NEGATIVE,0.9965065121650696
3558,NEGATIVE,0.9811005592346191
3559,NEGATIVE,0.9997100234031677
3560,NEGATIVE,0.9986134767532349
3561,NEGATIVE,0.9973192811012268
3562,NEGATIVE,0.9994989633560181
3563,NEGATIVE,0.9974532723426819
3564,NEGATIVE,0.999653697013855
3565,NEGATIVE,0.9997501969337463
3566,NEGATIVE,0.5721744894981384
3567,NEGATIVE,0.9974198341369629
3568,NEGATIVE,0.9997417330741882
3569,NEGATIVE,0.9965245127677917
3570,POSITIVE,0.961480975151062
3571,NEGATIVE,0.9933559894561768
3572,NEGATIVE,0.999671459197998
3573,NEGATIVE,0.9980515241622925
3574,NEGATIVE,0.9997437596321106
3575,NEGATIVE,0.9982865452766418
3576,NEGATIVE,0.999047577381134
3577,NEGATIVE,0.9508877396583557
3578,NEGATIVE,0.9964624047279358
3579,NEGATIVE,0.9965277314186096
3580,NEGATIVE,0.9538643956184387
3581,NEGATIVE,0.9978129863739014
3582,NEGATIVE,0.9980471134185791
3583,NEGATIVE,0.984423816204071
3584,NEGATIVE,0.9992801547050476
3585,NEGATIVE,0.9968891739845276
3586,POSITIVE,0.9866618514060974
3587,NEGATIVE,0.9987685084342957
3588,NEGATIVE,0.9983081817626953
3589,NEGATIVE,0.9992037415504456
3590,NEGATIVE,0.8619130253791809
3591,NEGATIVE,0.9974135756492615
3592,NEGATIVE,0.9981970191001892
3593,NEGATIVE,0.9997571110725403
3594,NEGATIVE,0.981813907623291
3595,NEGATIVE,0.9995036125183105
3596,NEGATIVE,0.9992088675498962
3597,NEGATIVE,0.9928677082061768
3598,NEGATIVE,0.9954540729522705
3599,NEGATIVE,0.9893192648887634
3600,NEGATIVE,0.9991992115974426
3601,NEGATIVE,0.9989290833473206
3602,NEGATIVE,0.9988278746604919
3603,NEGATIVE,0.9985539317131042
3604,NEGATIVE,0.9996024966239929
3605,NEGATIVE,0.9965721368789673
3606,NEGATIVE,0.9762559533119202
3607,NEGATIVE,0.999716579914093
3608,NEGATIVE,0.9990538954734802
3609,NEGATIVE,0.9322012662887573
3610,POSITIVE,0.9735307693481445
3611,NEGATIVE,0.9757606983184814
3612,NEGATIVE,0.9186356663703918
3613,NEGATIVE,0.998842179775238
3614,NEGATIVE,0.9995125532150269
3615,NEGATIVE,0.9996353387832642
3616,NEGATIVE,0.9997778534889221
3617,NEGATIVE,0.9997476935386658
3618,NEGATIVE,0.9986479878425598
3619,NEGATIVE,0.9966589212417603
3620,NEGATIVE,0.9997873902320862
3621,NEGATIVE,0.9996720552444458
3622,NEGATIVE,0.9996101260185242
3623,NEGATIVE,0.9971585273742676
3624,NEGATIVE,0.9994990825653076
3625,NEGATIVE,0.997501790523529
3626,NEGATIVE,0.9796339869499207
3627,NEGATIVE,0.9978491067886353
3628,NEGATIVE,0.9997426867485046
3629,NEGATIVE,0.9997283816337585
3630,NEGATIVE,0.9997418522834778
3631,NEGATIVE,0.9969172477722168
3632,NEGATIVE,0.9981769323348999
3633,NEGATIVE,0.9913409352302551
3634,NEGATIVE,0.9975736737251282
3635,NEGATIVE,0.9995775818824768
3636,NEGATIVE,0.9977272152900696
3637,NEGATIVE,0.9926201701164246
3638,NEGATIVE,0.9994668364524841
3639,NEGATIVE,0.9765733480453491
3640,NEGATIVE,0.9960350394248962
3641,NEGATIVE,0.9977779984474182
3642,NEGATIVE,0.997160792350769
3643,NEGATIVE,0.9989680051803589
3644,NEGATIVE,0.9967138767242432
3645,NEGATIVE,0.9986298084259033
3646,NEGATIVE,0.9984893798828125
3647,NEGATIVE,0.9996776580810547
3648,NEGATIVE,0.999761164188385
3649,NEGATIVE,0.998298704624176
3650,POSITIVE,0.9065808653831482
3651,NEGATIVE,0.623795211315155
3652,NEGATIVE,0.9995962977409363
3653,NEGATIVE,0.993995726108551
3654,NEGATIVE,0.999312162399292
3655,NEGATIVE,0.9992939233779907
3656,NEGATIVE,0.9978204965591431
3657,NEGATIVE,0.9993582367897034
3658,NEGATIVE,0.9246164560317993
3659,NEGATIVE,0.9996401071548462
3660,NEGATIVE,0.9997702240943909
3661,NEGATIVE,0.999595582485199
3662,NEGATIVE,0.9981677532196045
3663,NEGATIVE,0.987628698348999
3664,POSITIVE,0.993198812007904
3665,POSITIVE,0.9526090025901794
3666,NEGATIVE,0.856325626373291
3667,NEGATIVE,0.9997492432594299
3668,NEGATIVE,0.9949042797088623
3669,POSITIVE,0.9810940027236938
3670,POSITIVE,0.9672638177871704
3671,NEGATIVE,0.9895596504211426
3672,NEGATIVE,0.9995086193084717
3673,NEGATIVE,0.9855188131332397
3674,NEGATIVE,0.9994010925292969
3675,NEGATIVE,0.8837648034095764
3676,NEGATIVE,0.9972111582756042
3677,POSITIVE,0.9261389374732971
3678,NEGATIVE,0.9993823766708374
3679,NEGATIVE,0.9995980858802795
3680,NEGATIVE,0.9940201044082642
3681,NEGATIVE,0.9819403290748596
3682,POSITIVE,0.9923834204673767
3683,POSITIVE,0.9859461188316345
3684,NEGATIVE,0.9955497980117798
3685,NEGATIVE,0.9983850717544556
3686,NEGATIVE,0.9994608759880066
3687,NEGATIVE,0.9982994198799133
3688,NEGATIVE,0.9993645548820496
3689,NEGATIVE,0.9995577931404114
3690,NEGATIVE,0.9992014765739441
3691,NEGATIVE,0.9997739195823669
3692,NEGATIVE,0.998369038105011
3693,NEGATIVE,0.996183454990387
3694,NEGATIVE,0.9957323670387268
3695,NEGATIVE,0.9936217665672302
3696,NEGATIVE,0.9991869330406189
3697,NEGATIVE,0.9990854263305664
3698,NEGATIVE,0.9993435740470886
3699,NEGATIVE,0.99713134765625
3700,NEGATIVE,0.9821876287460327
3701,NEGATIVE,0.9996837377548218
3702,NEGATIVE,0.998275637626648
3703,NEGATIVE,0.8150109052658081
3704,NEGATIVE,0.9990887641906738
3705,NEGATIVE,0.9974404573440552
3706,NEGATIVE,0.9996839761734009
3707,NEGATIVE,0.9984984397888184
3708,POSITIVE,0.9810284972190857
3709,NEGATIVE,0.9978011250495911
3710,NEGATIVE,0.9997139573097229
3711,NEGATIVE,0.9997206330299377
3712,NEGATIVE,0.9995797276496887
3713,NEGATIVE,0.9965593218803406
3714,NEGATIVE,0.9966751337051392
3715,NEGATIVE,0.999761164188385
3716,NEGATIVE,0.9991632699966431
3717,NEGATIVE,0.9922188520431519
3718,NEGATIVE,0.9974709749221802
3719,NEGATIVE,0.9978519678115845
3720,NEGATIVE,0.9997089505195618
3721,NEGATIVE,0.9996161460876465
3722,NEGATIVE,0.9976781010627747
3723,NEGATIVE,0.9965571165084839
3724,POSITIVE,0.928081750869751
3725,NEGATIVE,0.9984101057052612
3726,POSITIVE,0.5515163540840149
3727,NEGATIVE,0.9862279295921326
3728,POSITIVE,0.9949520826339722
3729,NEGATIVE,0.9602791666984558
3730,NEGATIVE,0.9982303977012634
3731,POSITIVE,0.9867442846298218
3732,NEGATIVE,0.9981200098991394
3733,NEGATIVE,0.9945000410079956
3734,NEGATIVE,0.9912844896316528
3735,NEGATIVE,0.9953688979148865
3736,NEGATIVE,0.9968902468681335
3737,NEGATIVE,0.9884373545646667
3738,NEGATIVE,0.9916585087776184
3739,NEGATIVE,0.9997225403785706
3740,NEGATIVE,0.9749644994735718
3741,NEGATIVE,0.9991815686225891
3742,NEGATIVE,0.9885528087615967
3743,NEGATIVE,0.9997677206993103
3744,NEGATIVE,0.9997715353965759
3745,NEGATIVE,0.9996534585952759
3746,NEGATIVE,0.9979093670845032
3747,NEGATIVE,0.9985906481742859
3748,POSITIVE,0.562828540802002
3749,NEGATIVE,0.9989262223243713
3750,NEGATIVE,0.9983068704605103
3751,NEGATIVE,0.9988389611244202
3752,NEGATIVE,0.9932071566581726
3753,NEGATIVE,0.999657154083252
3754,NEGATIVE,0.9996974468231201
3755,NEGATIVE,0.9957777261734009
3756,NEGATIVE,0.9957375526428223
3757,NEGATIVE,0.9974057078361511
3758,NEGATIVE,0.9983304142951965
3759,NEGATIVE,0.9988282322883606
3760,NEGATIVE,0.9988929629325867
3761,NEGATIVE,0.999669075012207
3762,NEGATIVE,0.997016191482544
3763,NEGATIVE,0.9799563884735107
3764,NEGATIVE,0.9969484210014343
3765,NEGATIVE,0.9994239807128906
3766,NEGATIVE,0.9618141055107117
3767,NEGATIVE,0.9995163679122925
3768,NEGATIVE,0.9970946311950684
3769,NEGATIVE,0.9930025935173035
3770,NEGATIVE,0.9987427592277527
3771,NEGATIVE,0.9974205493927002
3772,NEGATIVE,0.9988608360290527
3773,NEGATIVE,0.9996705055236816
3774,NEGATIVE,0.9965565204620361
3775,NEGATIVE,0.9997807145118713
3776,NEGATIVE,0.9939631819725037
3777,NEGATIVE,0.9995065927505493
3778,NEGATIVE,0.9981629252433777
3779,NEGATIVE,0.999028205871582
3780,NEGATIVE,0.9987431168556213
3781,NEGATIVE,0.9989732503890991
3782,NEGATIVE,0.9365640878677368
3783,NEGATIVE,0.9996894598007202
3784,POSITIVE,0.8303259015083313
3785,NEGATIVE,0.9956740736961365
3786,NEGATIVE,0.9970898032188416
3787,NEGATIVE,0.9989261031150818
3788,NEGATIVE,0.9983910322189331
3789,NEGATIVE,0.9986211061477661
3790,NEGATIVE,0.9956626296043396
3791,POSITIVE,0.925607442855835
3792,NEGATIVE,0.9983602166175842
3793,POSITIVE,0.9799420833587646
3794,NEGATIVE,0.9986345171928406
3795,NEGATIVE,0.9976975321769714
3796,NEGATIVE,0.5013043880462646
3797,POSITIVE,0.9945132732391357
3798,NEGATIVE,0.998713493347168
3799,POSITIVE,0.9994068145751953
3800,NEGATIVE,0.9987695813179016
3801,NEGATIVE,0.9989728927612305
3802,NEGATIVE,0.9889740943908691
3803,NEGATIVE,0.9996541738510132
3804,NEGATIVE,0.9416164755821228
3805,NEGATIVE,0.9988192915916443
3806,NEGATIVE,0.9998123049736023
3807,NEGATIVE,0.9987649917602539
3808,NEGATIVE,0.9997015595436096
3809,NEGATIVE,0.9985632300376892
3810,NEGATIVE,0.9985321760177612
3811,NEGATIVE,0.9960861206054688
3812,POSITIVE,0.9804518818855286
3813,NEGATIVE,0.9895574450492859
3814,NEGATIVE,0.9965877532958984
3815,NEGATIVE,0.9938363432884216
3816,NEGATIVE,0.9998152852058411
3817,NEGATIVE,0.9962217807769775
3818,NEGATIVE,0.9995730519294739
3819,NEGATIVE,0.999693751335144
3820,NEGATIVE,0.9962802529335022
3821,NEGATIVE,0.9996927976608276
3822,NEGATIVE,0.9900497198104858
3823,NEGATIVE,0.9997097849845886
3824,NEGATIVE,0.9996474981307983
3825,NEGATIVE,0.9914241433143616
3826,NEGATIVE,0.9991740584373474
3827,POSITIVE,0.6029201149940491
3828,POSITIVE,0.9844567179679871
3829,NEGATIVE,0.9997372031211853
3830,NEGATIVE,0.9817042946815491
3831,NEGATIVE,0.9985454082489014
3832,NEGATIVE,0.9997043013572693
3833,POSITIVE,0.7978554964065552
3834,NEGATIVE,0.9849991202354431
3835,NEGATIVE,0.9997804760932922
3836,NEGATIVE,0.9996139407157898
3837,NEGATIVE,0.9997422099113464
3838,NEGATIVE,0.9988885521888733
3839,NEGATIVE,0.9996927976608276
3840,POSITIVE,0.8039805889129639
3841,NEGATIVE,0.9997023940086365
3842,NEGATIVE,0.9607999324798584
3843,NEGATIVE,0.995320737361908
3844,NEGATIVE,0.9987064599990845
3845,NEGATIVE,0.9908074736595154
3846,NEGATIVE,0.9997653365135193
3847,POSITIVE,0.9863970875740051
3848,NEGATIVE,0.9877106547355652
3849,NEGATIVE,0.9894295334815979
3850,POSITIVE,0.9865515232086182
3851,NEGATIVE,0.993695080280304
3852,NEGATIVE,0.9963022470474243
3853,NEGATIVE,0.9997062087059021
3854,NEGATIVE,0.9995446801185608
3855,NEGATIVE,0.9996178150177002
3856,NEGATIVE,0.9959465861320496
3857,NEGATIVE,0.9997071623802185
3858,NEGATIVE,0.9899969100952148
3859,NEGATIVE,0.9988324046134949
3860,NEGATIVE,0.7920425534248352
3861,NEGATIVE,0.997364342212677
3862,NEGATIVE,0.9898905754089355
3863,NEGATIVE,0.9994051456451416
3864,NEGATIVE,0.9996705055236816
3865,NEGATIVE,0.998033344745636
3866,NEGATIVE,0.9995152950286865
3867,NEGATIVE,0.8346205353736877
3868,NEGATIVE,0.9978517293930054
3869,NEGATIVE,0.9996678829193115
3870,NEGATIVE,0.9902642965316772
3871,NEGATIVE,0.998630702495575
3872,NEGATIVE,0.9766321778297424
3873,NEGATIVE,0.9970489144325256
3874,NEGATIVE,0.9992998838424683
3875,POSITIVE,0.9118101596832275
3876,NEGATIVE,0.999651312828064
3877,NEGATIVE,0.9993239641189575
3878,NEGATIVE,0.9996080994606018
3879,NEGATIVE,0.9784597158432007
3880,NEGATIVE,0.9997212290763855
3881,NEGATIVE,0.9995818734169006
3882,NEGATIVE,0.9702666401863098
3883,NEGATIVE,0.9942713975906372
3884,NEGATIVE,0.9974658489227295
3885,NEGATIVE,0.9996606111526489
3886,NEGATIVE,0.9998136162757874
3887,NEGATIVE,0.9836515784263611
3888,POSITIVE,0.9547513723373413
3889,NEGATIVE,0.9952840209007263
3890,NEGATIVE,0.997258186340332
3891,NEGATIVE,0.9997574687004089
3892,NEGATIVE,0.9985573887825012
3893,NEGATIVE,0.9996651411056519
3894,NEGATIVE,0.9945577383041382
3895,NEGATIVE,0.9679783582687378
3896,NEGATIVE,0.9996880292892456
3897,NEGATIVE,0.9956641793251038
3898,NEGATIVE,0.9976654052734375
3899,POSITIVE,0.9194987416267395
3900,NEGATIVE,0.9934483170509338
3901,NEGATIVE,0.9984558820724487
3902,NEGATIVE,0.9923064112663269
3903,NEGATIVE,0.999783456325531
3904,POSITIVE,0.9919261336326599
3905,NEGATIVE,0.9772738814353943
3906,NEGATIVE,0.9978493452072144
3907,NEGATIVE,0.9988732933998108
3908,NEGATIVE,0.9988399147987366
3909,POSITIVE,0.8940664529800415
3910,NEGATIVE,0.9977282881736755
3911,NEGATIVE,0.9962210059165955
3912,NEGATIVE,0.997238278388977
3913,POSITIVE,0.9969927072525024
3914,NEGATIVE,0.9997736811637878
3915,POSITIVE,0.963483452796936
3916,NEGATIVE,0.9980891346931458
3917,NEGATIVE,0.9990944862365723
3918,NEGATIVE,0.9996609687805176
3919,NEGATIVE,0.9734742641448975
3920,POSITIVE,0.9635134339332581
3921,NEGATIVE,0.999090313911438
3922,NEGATIVE,0.9990524649620056
3923,NEGATIVE,0.9997554421424866
3924,NEGATIVE,0.9983300566673279
3925,NEGATIVE,0.993759036064148
3926,NEGATIVE,0.9982959628105164
3927,NEGATIVE,0.9997430443763733
3928,NEGATIVE,0.9991521835327148
3929,NEGATIVE,0.9849690198898315
3930,NEGATIVE,0.9996612071990967
3931,NEGATIVE,0.9904689192771912
3932,NEGATIVE,0.9997356534004211
3933,NEGATIVE,0.9974753260612488
3934,NEGATIVE,0.9996758699417114
3935,NEGATIVE,0.9997509121894836
3936,NEGATIVE,0.9710342884063721
3937,NEGATIVE,0.9765949845314026
3938,NEGATIVE,0.9997393488883972
3939,NEGATIVE,0.9977586269378662
3940,NEGATIVE,0.9840759634971619
3941,NEGATIVE,0.995995283126831
3942,NEGATIVE,0.9997425675392151
3943,NEGATIVE,0.9980034232139587
3944,POSITIVE,0.7675912976264954
3945,NEGATIVE,0.9991670846939087
3946,NEGATIVE,0.9966431856155396
3947,NEGATIVE,0.996759831905365
3948,NEGATIVE,0.957930862903595
3949,NEGATIVE,0.9992257356643677
3950,NEGATIVE,0.9878117442131042
3951,NEGATIVE,0.9997933506965637
3952,NEGATIVE,0.9995114803314209
3953,NEGATIVE,0.9994547963142395
3954,NEGATIVE,0.9912773370742798
3955,NEGATIVE,0.9997830986976624
3956,NEGATIVE,0.9973936080932617
3957,NEGATIVE,0.9991064667701721
3958,NEGATIVE,0.9895328283309937
3959,POSITIVE,0.9609133005142212
3960,NEGATIVE,0.9918497800827026
3961,NEGATIVE,0.9987840056419373
3962,NEGATIVE,0.6714338064193726
3963,NEGATIVE,0.9954859614372253
3964,NEGATIVE,0.9920626282691956
3965,POSITIVE,0.7309530973434448
3966,NEGATIVE,0.9993541836738586
3967,NEGATIVE,0.9982971549034119
3968,NEGATIVE,0.9616931676864624
3969,NEGATIVE,0.9997392296791077
3970,NEGATIVE,0.9996331930160522
3971,POSITIVE,0.9456191062927246
3972,NEGATIVE,0.9779671430587769
3973,NEGATIVE,0.9993589520454407
3974,POSITIVE,0.6086423993110657
3975,NEGATIVE,0.983234167098999
3976,NEGATIVE,0.9970223307609558
3977,NEGATIVE,0.9960435628890991
3978,NEGATIVE,0.8955544829368591
3979,POSITIVE,0.8410703539848328
3980,NEGATIVE,0.9996507167816162
3981,POSITIVE,0.9583643078804016
3982,NEGATIVE,0.9990014433860779
3983,NEGATIVE,0.9667760133743286
3984,NEGATIVE,0.9993417859077454
3985,NEGATIVE,0.9974302649497986
3986,NEGATIVE,0.9989540576934814
3987,NEGATIVE,0.997418999671936
3988,NEGATIVE,0.9926347136497498
3989,NEGATIVE,0.999055802822113
3990,NEGATIVE,0.9995728135108948
3991,NEGATIVE,0.9717885255813599
3992,NEGATIVE,0.9996529817581177
3993,NEGATIVE,0.9981537461280823
3994,NEGATIVE,0.998846173286438
3995,NEGATIVE,0.9962912797927856
3996,NEGATIVE,0.9997486472129822
3997,NEGATIVE,0.998768150806427
3998,NEGATIVE,0.9951607584953308
3999,NEGATIVE,0.9985401630401611
4000,NEGATIVE,0.9921665191650391
4001,POSITIVE,0.99782794713974
4002,NEGATIVE,0.9991869330406189
4003,NEGATIVE,0.9952888488769531
4004,NEGATIVE,0.9996384382247925
4005,NEGATIVE,0.9994494318962097
4006,NEGATIVE,0.9995999932289124
4007,NEGATIVE,0.9996812343597412
4008,NEGATIVE,0.9986224174499512
4009,NEGATIVE,0.995070219039917
4010,NEGATIVE,0.9993996620178223
4011,POSITIVE,0.6206161975860596
4012,NEGATIVE,0.9977814555168152
4013,NEGATIVE,0.9978834986686707
4014,NEGATIVE,0.999367892742157
4015,NEGATIVE,0.9997469782829285
4016,NEGATIVE,0.9981343150138855
4017,NEGATIVE,0.9997120499610901
4018,NEGATIVE,0.9956362843513489
4019,NEGATIVE,0.9979836940765381
4020,NEGATIVE,0.9995197057723999
4021,NEGATIVE,0.9995637536048889
4022,NEGATIVE,0.9982337951660156
4023,NEGATIVE,0.9997075200080872
4024,NEGATIVE,0.9997009038925171
4025,NEGATIVE,0.9992614388465881
4026,NEGATIVE,0.9960076808929443
4027,NEGATIVE,0.9974983334541321
4028,NEGATIVE,0.9997751116752625
4029,NEGATIVE,0.9768590331077576
4030,POSITIVE,0.9763715267181396
4031,NEGATIVE,0.9978355765342712
4032,NEGATIVE,0.9996116757392883
4033,NEGATIVE,0.9991236329078674
4034,NEGATIVE,0.9989200830459595
4035,NEGATIVE,0.9912876486778259
4036,NEGATIVE,0.9994243383407593
4037,NEGATIVE,0.9996033310890198
4038,NEGATIVE,0.9996753931045532
4039,NEGATIVE,0.9995797276496887
4040,NEGATIVE,0.996227502822876
4041,NEGATIVE,0.9997356534004211
4042,NEGATIVE,0.9994661211967468
4043,NEGATIVE,0.9967976212501526
4044,NEGATIVE,0.999357283115387
4045,NEGATIVE,0.9962924122810364
4046,NEGATIVE,0.9897388815879822
4047,NEGATIVE,0.9997852444648743
4048,NEGATIVE,0.999427318572998
4049,NEGATIVE,0.9985051155090332
4050,NEGATIVE,0.9989330172538757
4051,POSITIVE,0.978386640548706
4052,NEGATIVE,0.9998015761375427
4053,NEGATIVE,0.9995408058166504
4054,NEGATIVE,0.5236982107162476
4055,NEGATIVE,0.9994242191314697
4056,NEGATIVE,0.9996740818023682
4057,NEGATIVE,0.9991063475608826
4058,NEGATIVE,0.9959683418273926
4059,NEGATIVE,0.998859167098999
4060,NEGATIVE,0.9997337460517883
4061,NEGATIVE,0.9961801767349243
4062,NEGATIVE,0.9973752498626709
4063,NEGATIVE,0.9993597865104675
4064,NEGATIVE,0.9982232451438904
4065,NEGATIVE,0.9987441301345825
4066,NEGATIVE,0.9992638230323792
4067,POSITIVE,0.8302478194236755
4068,POSITIVE,0.5575831532478333
4069,POSITIVE,0.714838445186615
4070,NEGATIVE,0.9941838383674622
4071,NEGATIVE,0.9997579455375671
4072,NEGATIVE,0.9993353486061096
4073,NEGATIVE,0.9992920160293579
4074,POSITIVE,0.9409377574920654
4075,NEGATIVE,0.842293918132782
4076,NEGATIVE,0.999622106552124
4077,NEGATIVE,0.9986286163330078
4078,NEGATIVE,0.9939694404602051
4079,NEGATIVE,0.9974703788757324
4080,NEGATIVE,0.9993559718132019
4081,NEGATIVE,0.9996819496154785
4082,NEGATIVE,0.9976104497909546
4083,POSITIVE,0.6817536950111389
4084,NEGATIVE,0.9994811415672302
4085,NEGATIVE,0.996131420135498
4086,NEGATIVE,0.9954952001571655
4087,NEGATIVE,0.9997220635414124
4088,NEGATIVE,0.995083212852478
4089,NEGATIVE,0.9996539354324341
4090,NEGATIVE,0.9997588992118835
4091,NEGATIVE,0.9997393488883972
4092,NEGATIVE,0.998712420463562
4093,NEGATIVE,0.9979248046875
4094,NEGATIVE,0.9996607303619385
4095,NEGATIVE,0.9906869530677795
4096,NEGATIVE,0.9921410083770752
4097,POSITIVE,0.9945670366287231
4098,NEGATIVE,0.9882903099060059
4099,NEGATIVE,0.9716557264328003
4100,NEGATIVE,0.9965642094612122
4101,POSITIVE,0.9736971259117126
4102,NEGATIVE,0.9906665682792664
4103,NEGATIVE,0.999771773815155
4104,NEGATIVE,0.9989400506019592
4105,NEGATIVE,0.9976181387901306
4106,NEGATIVE,0.9985237717628479
4107,NEGATIVE,0.9978042244911194
4108,NEGATIVE,0.9991758465766907
4109,NEGATIVE,0.9989247918128967
4110,NEGATIVE,0.9959304928779602
4111,POSITIVE,0.9155601859092712
4112,NEGATIVE,0.9957042336463928
4113,NEGATIVE,0.9994563460350037
4114,NEGATIVE,0.9843364953994751
4115,NEGATIVE,0.9799482822418213
4116,NEGATIVE,0.9971394538879395
4117,NEGATIVE,0.9992733597755432
4118,NEGATIVE,0.9992892742156982
4119,NEGATIVE,0.9975057244300842
4120,NEGATIVE,0.9995899796485901
4121,NEGATIVE,0.9994811415672302
4122,POSITIVE,0.6121644973754883
4123,NEGATIVE,0.9781224727630615
4124,NEGATIVE,0.9997908473014832
4125,NEGATIVE,0.9977861642837524
4126,NEGATIVE,0.9994702935218811
4127,POSITIVE,0.9962509274482727
4128,NEGATIVE,0.6365535259246826
4129,NEGATIVE,0.9931942224502563
4130,NEGATIVE,0.9965857267379761
4131,NEGATIVE,0.9876876473426819
4132,POSITIVE,0.8640618324279785
4133,POSITIVE,0.9923577904701233
4134,NEGATIVE,0.9689222574234009
4135,NEGATIVE,0.8111115097999573
4136,NEGATIVE,0.9965866804122925
4137,NEGATIVE,0.9991113543510437
4138,NEGATIVE,0.9969088435173035
4139,NEGATIVE,0.999700665473938
4140,NEGATIVE,0.9992745518684387
4141,NEGATIVE,0.9908825755119324
4142,POSITIVE,0.993251621723175
4143,NEGATIVE,0.9875204563140869
4144,NEGATIVE,0.9997188448905945
4145,NEGATIVE,0.88350510597229
4146,NEGATIVE,0.999358594417572
4147,NEGATIVE,0.9976353645324707
4148,NEGATIVE,0.9905117154121399
4149,NEGATIVE,0.9986977577209473
4150,NEGATIVE,0.9964839220046997
4151,NEGATIVE,0.9958872199058533
4152,NEGATIVE,0.9990181922912598
4153,NEGATIVE,0.9968714118003845
4154,NEGATIVE,0.9980265498161316
4155,NEGATIVE,0.9248350262641907
4156,NEGATIVE,0.9976108074188232
4157,NEGATIVE,0.9969942569732666
4158,NEGATIVE,0.9871091842651367
4159,NEGATIVE,0.9990835189819336
4160,NEGATIVE,0.953618049621582
4161,NEGATIVE,0.9991855025291443
4162,NEGATIVE,0.9991033673286438
4163,NEGATIVE,0.9995953440666199
4164,NEGATIVE,0.9991151690483093
4165,NEGATIVE,0.9997300505638123
4166,NEGATIVE,0.9851580262184143
4167,NEGATIVE,0.9681848287582397
4168,NEGATIVE,0.7381351590156555
4169,NEGATIVE,0.9995194673538208
4170,NEGATIVE,0.9980912804603577
4171,NEGATIVE,0.998282790184021
4172,NEGATIVE,0.9995803236961365
4173,NEGATIVE,0.9831646084785461
4174,NEGATIVE,0.9973068237304688
4175,NEGATIVE,0.8863469958305359
4176,NEGATIVE,0.9991912245750427
4177,NEGATIVE,0.99819415807724
4178,NEGATIVE,0.9998090863227844
4179,NEGATIVE,0.9960748553276062
4180,NEGATIVE,0.9987266659736633
4181,NEGATIVE,0.9996515512466431
4182,NEGATIVE,0.9945985078811646
4183,NEGATIVE,0.9984245300292969
4184,NEGATIVE,0.935255765914917
4185,NEGATIVE,0.9996440410614014
4186,NEGATIVE,0.9997113347053528
4187,NEGATIVE,0.9992565512657166
4188,NEGATIVE,0.9960489869117737
4189,NEGATIVE,0.9908173084259033
4190,NEGATIVE,0.999251663684845
4191,NEGATIVE,0.9995477795600891
4192,NEGATIVE,0.9990696310997009
4193,NEGATIVE,0.9878703951835632
4194,NEGATIVE,0.9988116025924683
4195,NEGATIVE,0.9579694271087646
4196,NEGATIVE,0.9994924068450928
4197,NEGATIVE,0.9996885061264038
4198,NEGATIVE,0.9971893429756165
4199,NEGATIVE,0.9989101886749268
4200,NEGATIVE,0.9958254098892212
4201,NEGATIVE,0.9991276860237122
4202,NEGATIVE,0.9996258020401001
4203,NEGATIVE,0.999602735042572
4204,POSITIVE,0.9981628060340881
4205,NEGATIVE,0.9898760914802551
4206,NEGATIVE,0.9978849291801453
4207,NEGATIVE,0.9995251893997192
4208,NEGATIVE,0.993198037147522
4209,NEGATIVE,0.9925998449325562
4210,POSITIVE,0.9759318828582764
4211,NEGATIVE,0.9990311861038208
4212,NEGATIVE,0.7028940916061401
4213,NEGATIVE,0.9910078644752502
4214,NEGATIVE,0.9974230527877808
4215,NEGATIVE,0.9997757077217102
4216,NEGATIVE,0.9992817044258118
4217,NEGATIVE,0.9987308382987976
4218,NEGATIVE,0.9886118769645691
4219,NEGATIVE,0.9813505411148071
4220,POSITIVE,0.897728443145752
4221,NEGATIVE,0.9997881054878235
4222,NEGATIVE,0.9932722449302673
4223,NEGATIVE,0.9981505274772644
4224,NEGATIVE,0.9988196492195129
4225,NEGATIVE,0.9995610117912292
4226,NEGATIVE,0.9991263747215271
4227,NEGATIVE,0.9986794590950012
4228,NEGATIVE,0.9997778534889221
4229,NEGATIVE,0.9997605681419373
4230,NEGATIVE,0.9978856444358826
4231,POSITIVE,0.6955701112747192
4232,NEGATIVE,0.9984123706817627
4233,POSITIVE,0.869304358959198
4234,NEGATIVE,0.7554243206977844
4235,NEGATIVE,0.9996806383132935
4236,NEGATIVE,0.9996886253356934
4237,NEGATIVE,0.999460756778717
4238,NEGATIVE,0.9963765740394592
4239,NEGATIVE,0.9976304769515991
4240,NEGATIVE,0.9992103576660156
4241,NEGATIVE,0.9210505485534668
4242,NEGATIVE,0.9920254349708557
4243,NEGATIVE,0.9936948418617249
4244,NEGATIVE,0.9996744394302368
4245,NEGATIVE,0.9947940707206726
4246,NEGATIVE,0.9996328353881836
4247,NEGATIVE,0.9449449777603149
4248,NEGATIVE,0.9997912049293518
4249,POSITIVE,0.8256285190582275
4250,NEGATIVE,0.8876482844352722
4251,NEGATIVE,0.9924456477165222
4252,NEGATIVE,0.9997590184211731
4253,NEGATIVE,0.9951820969581604
4254,NEGATIVE,0.9619048833847046
4255,NEGATIVE,0.9995532631874084
4256,NEGATIVE,0.999792754650116
4257,NEGATIVE,0.9994452595710754
4258,NEGATIVE,0.9706887602806091
4259,POSITIVE,0.768132746219635
4260,NEGATIVE,0.9981732368469238
4261,POSITIVE,0.9472503066062927
4262,NEGATIVE,0.9820181131362915
4263,NEGATIVE,0.9794925451278687
4264,NEGATIVE,0.9981192946434021
4265,NEGATIVE,0.9986454844474792
4266,NEGATIVE,0.9932998418807983
4267,NEGATIVE,0.989046037197113
4268,NEGATIVE,0.9979302883148193
4269,NEGATIVE,0.9837180972099304
4270,NEGATIVE,0.9847579002380371
4271,NEGATIVE,0.9997174143791199
4272,NEGATIVE,0.9891132116317749
4273,NEGATIVE,0.9997321963310242
4274,NEGATIVE,0.9863778352737427
4275,NEGATIVE,0.9997045397758484
4276,NEGATIVE,0.9996886253356934
4277,NEGATIVE,0.9992696642875671
4278,NEGATIVE,0.9991231560707092
4279,NEGATIVE,0.9972004890441895
4280,NEGATIVE,0.999268114566803
4281,NEGATIVE,0.990842342376709
4282,NEGATIVE,0.9983147382736206
4283,NEGATIVE,0.9995754361152649
4284,NEGATIVE,0.9893218278884888
4285,NEGATIVE,0.7854387164115906
4286,NEGATIVE,0.999695897102356
4287,NEGATIVE,0.9997995495796204
4288,NEGATIVE,0.9822972416877747
4289,NEGATIVE,0.9800171852111816
4290,NEGATIVE,0.9997641444206238
4291,NEGATIVE,0.9997237324714661
4292,NEGATIVE,0.9203596711158752
4293,NEGATIVE,0.9997590184211731
4294,NEGATIVE,0.9982648491859436
4295,NEGATIVE,0.9974588751792908
4296,NEGATIVE,0.99874347448349
4297,NEGATIVE,0.9993669390678406
4298,NEGATIVE,0.9997628331184387
4299,POSITIVE,0.99904865026474
4300,NEGATIVE,0.9997393488883972
4301,POSITIVE,0.8240218162536621
4302,NEGATIVE,0.9743586182594299
4303,NEGATIVE,0.9997870326042175
4304,NEGATIVE,0.996129035949707
4305,NEGATIVE,0.9994745850563049
4306,NEGATIVE,0.998052716255188
4307,NEGATIVE,0.9996734857559204
4308,NEGATIVE,0.8825842142105103
4309,NEGATIVE,0.9991651773452759
4310,NEGATIVE,0.9927585124969482
4311,NEGATIVE,0.9997656941413879
4312,NEGATIVE,0.9958567023277283
4313,NEGATIVE,0.9986532926559448
4314,NEGATIVE,0.9996240139007568
4315,NEGATIVE,0.999714195728302
4316,NEGATIVE,0.9995212554931641
4317,NEGATIVE,0.9882175326347351
4318,NEGATIVE,0.6198303699493408
4319,NEGATIVE,0.9945841431617737
4320,NEGATIVE,0.9992401599884033
4321,NEGATIVE,0.9980430603027344
4322,NEGATIVE,0.9955775737762451
4323,NEGATIVE,0.7442060112953186
4324,NEGATIVE,0.9971352815628052
4325,NEGATIVE,0.9992995262145996
4326,NEGATIVE,0.9994961023330688
4327,NEGATIVE,0.9996483325958252
4328,NEGATIVE,0.9992533326148987
4329,NEGATIVE,0.9998158812522888
4330,NEGATIVE,0.9967734217643738
4331,NEGATIVE,0.9994358420372009
4332,NEGATIVE,0.9975940585136414
4333,NEGATIVE,0.9990992546081543
4334,NEGATIVE,0.9982062578201294
4335,NEGATIVE,0.9997832179069519
4336,NEGATIVE,0.9994875192642212
4337,NEGATIVE,0.9742357134819031
4338,NEGATIVE,0.6782949566841125
4339,NEGATIVE,0.998324453830719
4340,NEGATIVE,0.9984025359153748
4341,NEGATIVE,0.9998171925544739
4342,NEGATIVE,0.9960804581642151
4343,NEGATIVE,0.9980741739273071
4344,NEGATIVE,0.9990986585617065
4345,NEGATIVE,0.9984862804412842
4346,NEGATIVE,0.9980837106704712
4347,POSITIVE,0.9679952263832092
4348,NEGATIVE,0.9996682405471802
4349,NEGATIVE,0.9996017813682556
4350,NEGATIVE,0.9296962022781372
4351,NEGATIVE,0.9988044500350952
4352,NEGATIVE,0.9987068176269531
4353,NEGATIVE,0.9997468590736389
4354,NEGATIVE,0.9995781779289246
4355,NEGATIVE,0.9307271242141724
4356,NEGATIVE,0.9892235994338989
4357,NEGATIVE,0.9996438026428223
4358,NEGATIVE,0.9264387488365173
4359,NEGATIVE,0.9991459846496582
4360,NEGATIVE,0.9914167523384094
4361,POSITIVE,0.9699606895446777
4362,NEGATIVE,0.9794939756393433
4363,NEGATIVE,0.9339987635612488
4364,NEGATIVE,0.9985900521278381
4365,NEGATIVE,0.9997507929801941
4366,NEGATIVE,0.9985406398773193
4367,NEGATIVE,0.9994968175888062
4368,NEGATIVE,0.9958178400993347
4369,NEGATIVE,0.9996473789215088
4370,NEGATIVE,0.9977108240127563
4371,NEGATIVE,0.9841753840446472
4372,POSITIVE,0.9309837818145752
4373,NEGATIVE,0.9952195286750793
4374,NEGATIVE,0.999702513217926
4375,NEGATIVE,0.9974518418312073
4376,NEGATIVE,0.9986609220504761
4377,NEGATIVE,0.9849987626075745
4378,NEGATIVE,0.9997537732124329
4379,NEGATIVE,0.9996981620788574
4380,NEGATIVE,0.8152703046798706
4381,NEGATIVE,0.9941685199737549
4382,NEGATIVE,0.9994916915893555
4383,NEGATIVE,0.9985308647155762
4384,NEGATIVE,0.9813109636306763
4385,NEGATIVE,0.998767614364624
4386,NEGATIVE,0.9994722008705139
4387,NEGATIVE,0.9992107152938843
4388,POSITIVE,0.9935656189918518
4389,NEGATIVE,0.9992096424102783
4390,NEGATIVE,0.9971886277198792
4391,NEGATIVE,0.999397873878479
4392,NEGATIVE,0.9998001456260681
4393,NEGATIVE,0.9995700716972351
4394,NEGATIVE,0.9992722868919373
4395,NEGATIVE,0.9997742772102356
4396,NEGATIVE,0.9990553259849548
4397,NEGATIVE,0.9960936903953552
4398,NEGATIVE,0.9975046515464783
4399,NEGATIVE,0.9866198301315308
4400,POSITIVE,0.9979755282402039
4401,NEGATIVE,0.9872362017631531
4402,NEGATIVE,0.9992808699607849
4403,POSITIVE,0.9777736663818359
4404,NEGATIVE,0.9649173021316528
4405,NEGATIVE,0.9977593421936035
4406,NEGATIVE,0.9974656105041504
4407,NEGATIVE,0.9996249675750732
4408,NEGATIVE,0.9994205236434937
4409,NEGATIVE,0.9921137094497681
4410,NEGATIVE,0.9984745383262634
4411,NEGATIVE,0.979119598865509
4412,NEGATIVE,0.9997037053108215
4413,NEGATIVE,0.9894272685050964
4414,NEGATIVE,0.9974355101585388
4415,NEGATIVE,0.9539172649383545
4416,NEGATIVE,0.994206428527832
4417,NEGATIVE,0.9870210289955139
4418,NEGATIVE,0.9996036887168884
4419,NEGATIVE,0.9954857230186462
4420,NEGATIVE,0.9996956586837769
4421,NEGATIVE,0.9854437708854675
4422,NEGATIVE,0.9996988773345947
4423,NEGATIVE,0.9984427094459534
4424,NEGATIVE,0.999724805355072
4425,NEGATIVE,0.998722493648529
4426,NEGATIVE,0.9970917701721191
4427,NEGATIVE,0.9993153810501099
4428,NEGATIVE,0.9997598528862
4429,NEGATIVE,0.999567449092865
4430,NEGATIVE,0.9914770722389221
4431,NEGATIVE,0.9996423721313477
4432,NEGATIVE,0.9962080717086792
4433,NEGATIVE,0.9991449117660522
4434,NEGATIVE,0.999790370464325
4435,NEGATIVE,0.999424934387207
4436,NEGATIVE,0.9997794032096863
4437,NEGATIVE,0.9966645836830139
4438,NEGATIVE,0.9984851479530334
4439,NEGATIVE,0.9993183612823486
4440,NEGATIVE,0.996131420135498
4441,NEGATIVE,0.9961763620376587
4442,NEGATIVE,0.7952892780303955
4443,NEGATIVE,0.9997928738594055
4444,NEGATIVE,0.999271810054779
4445,NEGATIVE,0.9997877478599548
4446,NEGATIVE,0.9997339844703674
4447,NEGATIVE,0.9690328240394592
4448,NEGATIVE,0.9986661672592163
4449,NEGATIVE,0.9997363686561584
4450,NEGATIVE,0.9437333345413208
4451,NEGATIVE,0.9930729269981384
4452,NEGATIVE,0.9741799235343933
4453,NEGATIVE,0.9996892213821411
4454,NEGATIVE,0.910126805305481
4455,NEGATIVE,0.9371832013130188
4456,NEGATIVE,0.9995063543319702
4457,NEGATIVE,0.9913451671600342
4458,NEGATIVE,0.9993917942047119
4459,NEGATIVE,0.9991973042488098
4460,NEGATIVE,0.9726837873458862
4461,NEGATIVE,0.9626479744911194
4462,NEGATIVE,0.9986037611961365
4463,NEGATIVE,0.9901043772697449
4464,NEGATIVE,0.9909350275993347
4465,NEGATIVE,0.9978616833686829
4466,NEGATIVE,0.9970858693122864
4467,NEGATIVE,0.9996669292449951
4468,NEGATIVE,0.9990286827087402
4469,NEGATIVE,0.9996567964553833
4470,NEGATIVE,0.9993108510971069
4471,NEGATIVE,0.9989696741104126
4472,NEGATIVE,0.9656813144683838
4473,NEGATIVE,0.9971416592597961
4474,NEGATIVE,0.9095831513404846
4475,NEGATIVE,0.9979264736175537
4476,NEGATIVE,0.998028576374054
4477,NEGATIVE,0.9978383183479309
4478,NEGATIVE,0.993396520614624
4479,NEGATIVE,0.9996963739395142
4480,NEGATIVE,0.9996145963668823
4481,NEGATIVE,0.9427820444107056
4482,NEGATIVE,0.9938540458679199
4483,NEGATIVE,0.9996691942214966
4484,NEGATIVE,0.9982628226280212
4485,NEGATIVE,0.9997647404670715
4486,NEGATIVE,0.9979631900787354
4487,NEGATIVE,0.9986764788627625
4488,NEGATIVE,0.9997976422309875
4489,NEGATIVE,0.997562050819397
4490,NEGATIVE,0.9997004270553589
4491,NEGATIVE,0.9982122182846069
4492,NEGATIVE,0.9971843361854553
4493,POSITIVE,0.6644230484962463
4494,NEGATIVE,0.9987860321998596
4495,NEGATIVE,0.9997619986534119
4496,NEGATIVE,0.9997971653938293
4497,NEGATIVE,0.9997299313545227
4498,NEGATIVE,0.9948186278343201
4499,NEGATIVE,0.9960799813270569
4500,NEGATIVE,0.999553382396698
4501,NEGATIVE,0.9804641604423523
4502,NEGATIVE,0.980492889881134
4503,NEGATIVE,0.9989731311798096
4504,POSITIVE,0.5491215586662292
4505,NEGATIVE,0.9996826648712158
4506,NEGATIVE,0.9996376037597656
4507,NEGATIVE,0.9996028542518616
4508,NEGATIVE,0.9919204711914062
4509,NEGATIVE,0.9990390539169312
4510,NEGATIVE,0.9873615503311157
4511,NEGATIVE,0.9996147155761719
4512,NEGATIVE,0.9930385947227478
4513,NEGATIVE,0.9989722967147827
4514,POSITIVE,0.9258965849876404
4515,NEGATIVE,0.9987882971763611
4516,POSITIVE,0.9252341985702515
4517,NEGATIVE,0.9946183562278748
4518,NEGATIVE,0.9996305704116821
4519,NEGATIVE,0.9997121691703796
4520,NEGATIVE,0.9882559180259705
4521,NEGATIVE,0.9972065091133118
4522,NEGATIVE,0.9996629953384399
4523,NEGATIVE,0.997835099697113
4524,NEGATIVE,0.9945682287216187
4525,NEGATIVE,0.9975934624671936
4526,NEGATIVE,0.999758780002594
4527,NEGATIVE,0.9997329115867615
4528,NEGATIVE,0.9981217980384827
4529,NEGATIVE,0.9932204484939575
4530,NEGATIVE,0.9987133741378784
4531,NEGATIVE,0.9967328310012817
4532,NEGATIVE,0.9997027516365051
4533,NEGATIVE,0.9997020363807678
4534,NEGATIVE,0.9992473125457764
4535,NEGATIVE,0.994856595993042
4536,NEGATIVE,0.997697651386261
4537,NEGATIVE,0.999725878238678
4538,POSITIVE,0.9971174001693726
4539,NEGATIVE,0.9927309155464172
4540,NEGATIVE,0.9997338652610779
4541,NEGATIVE,0.9996287822723389
4542,NEGATIVE,0.9997561573982239
4543,NEGATIVE,0.9996649026870728
4544,NEGATIVE,0.9994893074035645
4545,NEGATIVE,0.9997387528419495
4546,POSITIVE,0.997277557849884
4547,NEGATIVE,0.9874691963195801
4548,NEGATIVE,0.9962961077690125
4549,NEGATIVE,0.9995760321617126
4550,NEGATIVE,0.9991470575332642
4551,NEGATIVE,0.9983199238777161
4552,POSITIVE,0.9932471513748169
4553,NEGATIVE,0.9976252913475037
4554,NEGATIVE,0.9982668161392212
4555,NEGATIVE,0.9894425868988037
4556,NEGATIVE,0.9996774196624756
4557,POSITIVE,0.9346480369567871
4558,NEGATIVE,0.9926304817199707
4559,NEGATIVE,0.9997091889381409
4560,NEGATIVE,0.9957090616226196
4561,NEGATIVE,0.999776303768158
4562,NEGATIVE,0.999473512172699
4563,NEGATIVE,0.9987950325012207
4564,NEGATIVE,0.9975239634513855
4565,NEGATIVE,0.9989553689956665
4566,NEGATIVE,0.9997820258140564
4567,NEGATIVE,0.9494117498397827
4568,NEGATIVE,0.9252005219459534
4569,NEGATIVE,0.9960783123970032
4570,NEGATIVE,0.9952329993247986
4571,NEGATIVE,0.9674689769744873
4572,POSITIVE,0.9519678950309753
4573,NEGATIVE,0.9868499040603638
4574,NEGATIVE,0.9994437098503113
4575,NEGATIVE,0.9966172575950623
4576,NEGATIVE,0.998461127281189
4577,NEGATIVE,0.5913600325584412
4578,POSITIVE,0.9997836947441101
4579,NEGATIVE,0.9997182488441467
4580,NEGATIVE,0.997384250164032
4581,NEGATIVE,0.9996635913848877
4582,NEGATIVE,0.999018669128418
4583,NEGATIVE,0.9989171028137207
4584,NEGATIVE,0.9997666478157043
4585,NEGATIVE,0.9980407357215881
4586,NEGATIVE,0.9991915822029114
4587,NEGATIVE,0.9985320568084717
4588,POSITIVE,0.9889801740646362
4589,NEGATIVE,0.9997938275337219
4590,NEGATIVE,0.9913193583488464
4591,NEGATIVE,0.9995463490486145
4592,NEGATIVE,0.9994152784347534
4593,NEGATIVE,0.9975615739822388
4594,NEGATIVE,0.9993478655815125
4595,NEGATIVE,0.6985090970993042
4596,NEGATIVE,0.9993994235992432
4597,NEGATIVE,0.9998109936714172
4598,NEGATIVE,0.995018482208252
4599,NEGATIVE,0.6557518243789673
4600,NEGATIVE,0.9981169700622559
4601,NEGATIVE,0.993244469165802
4602,NEGATIVE,0.9984480142593384
4603,NEGATIVE,0.9910353422164917
4604,NEGATIVE,0.9994893074035645
4605,NEGATIVE,0.9995311498641968
4606,NEGATIVE,0.9969621300697327
4607,NEGATIVE,0.9983616471290588
4608,NEGATIVE,0.9996542930603027
4609,NEGATIVE,0.9996142387390137
4610,NEGATIVE,0.9965370893478394
4611,NEGATIVE,0.9986559152603149
4612,NEGATIVE,0.9976838827133179
4613,NEGATIVE,0.9941535592079163
4614,NEGATIVE,0.9689130783081055
4615,NEGATIVE,0.9994955062866211
4616,NEGATIVE,0.9877616167068481
4617,NEGATIVE,0.9997212290763855
4618,NEGATIVE,0.9856328964233398
4619,NEGATIVE,0.9789562821388245
4620,NEGATIVE,0.9986451268196106
4621,NEGATIVE,0.9990190267562866
4622,NEGATIVE,0.9864395260810852
4623,NEGATIVE,0.9996452331542969
4624,NEGATIVE,0.9977317452430725
4625,NEGATIVE,0.9995498061180115
4626,NEGATIVE,0.9974157810211182
4627,NEGATIVE,0.998717188835144
4628,NEGATIVE,0.9776485562324524
4629,NEGATIVE,0.7773606181144714
4630,NEGATIVE,0.9978748559951782
4631,NEGATIVE,0.9133118987083435
4632,NEGATIVE,0.9979956150054932
4633,NEGATIVE,0.9977624416351318
4634,NEGATIVE,0.9994984865188599
4635,NEGATIVE,0.9995949864387512
4636,NEGATIVE,0.9996298551559448
4637,NEGATIVE,0.9989408850669861
4638,NEGATIVE,0.9990365505218506
4639,NEGATIVE,0.684199333190918
4640,NEGATIVE,0.9992978572845459
4641,NEGATIVE,0.9987733960151672
4642,NEGATIVE,0.9922236204147339
4643,NEGATIVE,0.999657392501831
4644,POSITIVE,0.9770877361297607
4645,NEGATIVE,0.9968350529670715
4646,NEGATIVE,0.9951549768447876
4647,NEGATIVE,0.6633912920951843
4648,POSITIVE,0.7231370806694031
4649,NEGATIVE,0.9997913241386414
4650,NEGATIVE,0.9975706934928894
4651,NEGATIVE,0.9970428347587585
4652,NEGATIVE,0.9920428395271301
4653,NEGATIVE,0.9998070597648621
4654,NEGATIVE,0.975487470626831
4655,NEGATIVE,0.9997166991233826
4656,NEGATIVE,0.9985107779502869
4657,NEGATIVE,0.9995309114456177
4658,NEGATIVE,0.998896598815918
4659,NEGATIVE,0.9982041120529175
4660,NEGATIVE,0.9995551705360413
4661,NEGATIVE,0.997179388999939
4662,POSITIVE,0.9803803563117981
4663,NEGATIVE,0.9983329176902771
4664,NEGATIVE,0.9972890615463257
4665,NEGATIVE,0.9989680051803589
4666,NEGATIVE,0.9337936043739319
4667,NEGATIVE,0.9997664093971252
4668,NEGATIVE,0.9989064931869507
4669,NEGATIVE,0.9922643899917603
4670,NEGATIVE,0.9998158812522888
4671,NEGATIVE,0.9995469450950623
4672,NEGATIVE,0.9975518584251404
4673,NEGATIVE,0.9985451698303223
4674,POSITIVE,0.883579671382904
4675,NEGATIVE,0.9997475743293762
4676,NEGATIVE,0.9990547299385071
4677,NEGATIVE,0.9845852255821228
4678,NEGATIVE,0.988985538482666
4679,NEGATIVE,0.995899498462677
4680,NEGATIVE,0.9996511936187744
4681,NEGATIVE,0.99959796667099
4682,NEGATIVE,0.9995755553245544
4683,NEGATIVE,0.9942362904548645
4684,NEGATIVE,0.9996663331985474
4685,NEGATIVE,0.993950605392456
4686,NEGATIVE,0.9985449314117432
4687,NEGATIVE,0.9982302784919739
4688,NEGATIVE,0.9988946318626404
4689,NEGATIVE,0.9986822009086609
4690,NEGATIVE,0.9989446997642517
4691,NEGATIVE,0.9989359974861145
4692,NEGATIVE,0.9984602928161621
4693,NEGATIVE,0.9995989203453064
4694,NEGATIVE,0.9992716908454895
4695,NEGATIVE,0.9947029948234558
4696,NEGATIVE,0.9997227787971497
4697,NEGATIVE,0.9964904189109802
4698,NEGATIVE,0.9982019662857056
4699,NEGATIVE,0.9996117949485779
4700,NEGATIVE,0.9904217720031738
4701,NEGATIVE,0.994099497795105
4702,NEGATIVE,0.9979209303855896
4703,NEGATIVE,0.9992493987083435
4704,NEGATIVE,0.9988787770271301
4705,NEGATIVE,0.999363362789154
4706,NEGATIVE,0.9937412142753601
4707,NEGATIVE,0.9994049072265625
4708,NEGATIVE,0.9989424347877502
4709,NEGATIVE,0.996406614780426
4710,NEGATIVE,0.9811887145042419
4711,NEGATIVE,0.9978265166282654
4712,NEGATIVE,0.9990758895874023
4713,NEGATIVE,0.9981703758239746
4714,NEGATIVE,0.9990713596343994
4715,NEGATIVE,0.9969485402107239
4716,POSITIVE,0.9917928576469421
4717,NEGATIVE,0.9995402097702026
4718,NEGATIVE,0.9980013966560364
4719,NEGATIVE,0.9997778534889221
4720,NEGATIVE,0.9993689656257629
4721,NEGATIVE,0.9914331436157227
4722,NEGATIVE,0.997112512588501
4723,NEGATIVE,0.9894505143165588
4724,NEGATIVE,0.9996968507766724
4725,NEGATIVE,0.9985082745552063
4726,NEGATIVE,0.9808953404426575
4727,NEGATIVE,0.9997707009315491
4728,NEGATIVE,0.9964064955711365
4729,NEGATIVE,0.9997263550758362
4730,NEGATIVE,0.9946914315223694
4731,NEGATIVE,0.9998047947883606
4732,NEGATIVE,0.9887452721595764
4733,NEGATIVE,0.9911544322967529
4734,NEGATIVE,0.9841458201408386
4735,NEGATIVE,0.9997798800468445
4736,NEGATIVE,0.9988994598388672
4737,NEGATIVE,0.9986905455589294
4738,NEGATIVE,0.9980512857437134
4739,NEGATIVE,0.9987912774085999
4740,NEGATIVE,0.9946603178977966
4741,NEGATIVE,0.9993401169776917
4742,NEGATIVE,0.9993948936462402
4743,NEGATIVE,0.9997716546058655
4744,NEGATIVE,0.9993483424186707
4745,NEGATIVE,0.9926995635032654
4746,NEGATIVE,0.9993597865104675
4747,NEGATIVE,0.9997604489326477
4748,NEGATIVE,0.9996699094772339
4749,NEGATIVE,0.9995899796485901
4750,NEGATIVE,0.9997313618659973
4751,NEGATIVE,0.9986999034881592
4752,POSITIVE,0.9810940027236938
4753,NEGATIVE,0.9973223805427551
4754,NEGATIVE,0.9299023151397705
4755,NEGATIVE,0.9980397820472717
4756,POSITIVE,0.9913976192474365
4757,NEGATIVE,0.997574508190155
4758,NEGATIVE,0.999705970287323
4759,NEGATIVE,0.9994173049926758
4760,NEGATIVE,0.9998114705085754
4761,NEGATIVE,0.9985737800598145
4762,NEGATIVE,0.9527410864830017
4763,NEGATIVE,0.9993636012077332
4764,NEGATIVE,0.9923009872436523
4765,NEGATIVE,0.9994680285453796
4766,NEGATIVE,0.9980880618095398
4767,NEGATIVE,0.9919129610061646
4768,NEGATIVE,0.9992914199829102
4769,NEGATIVE,0.9458571076393127
4770,NEGATIVE,0.9921761155128479
4771,NEGATIVE,0.9996891021728516
4772,NEGATIVE,0.6708460450172424
4773,POSITIVE,0.9915292263031006
4774,NEGATIVE,0.9985945820808411
4775,NEGATIVE,0.9991451501846313
4776,NEGATIVE,0.8302241563796997
4777,NEGATIVE,0.999064028263092
4778,NEGATIVE,0.9721212387084961
4779,NEGATIVE,0.9682106375694275
4780,NEGATIVE,0.9996278285980225
4781,NEGATIVE,0.9997246861457825
4782,NEGATIVE,0.9987678527832031
4783,NEGATIVE,0.9981107711791992
4784,NEGATIVE,0.9995953440666199
4785,NEGATIVE,0.9997015595436096
4786,NEGATIVE,0.9991927742958069
4787,POSITIVE,0.7202416658401489
4788,POSITIVE,0.9436966180801392
4789,NEGATIVE,0.9995705485343933
4790,NEGATIVE,0.9993206262588501
4791,NEGATIVE,0.9949294328689575
4792,NEGATIVE,0.9997102618217468
4793,NEGATIVE,0.9997095465660095
4794,NEGATIVE,0.9982194304466248
4795,NEGATIVE,0.9979922771453857
4796,NEGATIVE,0.9992473125457764
4797,NEGATIVE,0.9996365308761597
4798,NEGATIVE,0.9990968704223633
4799,NEGATIVE,0.9960362315177917
4800,NEGATIVE,0.9037269949913025
4801,NEGATIVE,0.9997518658638
4802,NEGATIVE,0.9935680031776428
4803,NEGATIVE,0.9939566850662231
4804,NEGATIVE,0.9995052814483643
4805,NEGATIVE,0.9984159469604492
4806,POSITIVE,0.998714804649353
4807,NEGATIVE,0.9997716546058655
4808,NEGATIVE,0.9995355606079102
4809,NEGATIVE,0.998414158821106
4810,NEGATIVE,0.9994687438011169
4811,NEGATIVE,0.9984232187271118
4812,NEGATIVE,0.9980230331420898
4813,NEGATIVE,0.9908021092414856
4814,NEGATIVE,0.999757707118988
4815,NEGATIVE,0.9932389259338379
4816,POSITIVE,0.5482880473136902
4817,NEGATIVE,0.9879248142242432
4818,NEGATIVE,0.9969381093978882
4819,NEGATIVE,0.9996674060821533
4820,NEGATIVE,0.8979892730712891
4821,NEGATIVE,0.9972423315048218
4822,NEGATIVE,0.9957214593887329
4823,NEGATIVE,0.9980331063270569
4824,NEGATIVE,0.997844934463501
4825,NEGATIVE,0.9925008416175842
4826,NEGATIVE,0.9997974038124084
4827,NEGATIVE,0.9997454285621643
4828,NEGATIVE,0.9992840886116028
4829,NEGATIVE,0.9994638562202454
4830,NEGATIVE,0.999786913394928
4831,NEGATIVE,0.9963129162788391
4832,NEGATIVE,0.9996620416641235
4833,NEGATIVE,0.9384051561355591
4834,NEGATIVE,0.9987420439720154
4835,NEGATIVE,0.9976717829704285
4836,NEGATIVE,0.9990528225898743
4837,NEGATIVE,0.9986549615859985
4838,NEGATIVE,0.999678373336792
4839,NEGATIVE,0.9994373917579651
4840,NEGATIVE,0.9960318207740784
4841,NEGATIVE,0.9956485629081726
4842,NEGATIVE,0.9863365888595581
4843,NEGATIVE,0.9717447757720947
4844,NEGATIVE,0.9988166093826294
4845,NEGATIVE,0.9991890788078308
4846,NEGATIVE,0.9992488026618958
4847,NEGATIVE,0.9986947178840637
4848,POSITIVE,0.7541443109512329
4849,NEGATIVE,0.9996877908706665
4850,NEGATIVE,0.5447707176208496
4851,NEGATIVE,0.9996451139450073
4852,POSITIVE,0.5607534646987915
4853,NEGATIVE,0.9998180270195007
4854,NEGATIVE,0.9989317059516907
4855,NEGATIVE,0.9995999932289124
4856,NEGATIVE,0.9997712969779968
4857,NEGATIVE,0.9978086352348328
4858,POSITIVE,0.986359179019928
4859,NEGATIVE,0.9992126226425171
4860,NEGATIVE,0.9993224143981934
4861,NEGATIVE,0.9983929991722107
4862,NEGATIVE,0.998934805393219
4863,NEGATIVE,0.9987516403198242
4864,NEGATIVE,0.9997765421867371
4865,NEGATIVE,0.9977400302886963
4866,NEGATIVE,0.716021716594696
4867,NEGATIVE,0.9993347525596619
4868,NEGATIVE,0.9971952438354492
4869,NEGATIVE,0.9514524340629578
4870,NEGATIVE,0.9996500015258789
4871,NEGATIVE,0.8686555027961731
4872,NEGATIVE,0.9780288338661194
4873,NEGATIVE,0.9984593391418457
4874,POSITIVE,0.9969808459281921
4875,NEGATIVE,0.9991956353187561
4876,POSITIVE,0.9330522418022156
4877,NEGATIVE,0.99739670753479
4878,NEGATIVE,0.9996587038040161
4879,NEGATIVE,0.9997403025627136
4880,NEGATIVE,0.9957751631736755
4881,NEGATIVE,0.9954968690872192
4882,NEGATIVE,0.9997709393501282
4883,NEGATIVE,0.9949654936790466
4884,NEGATIVE,0.9567290544509888
4885,NEGATIVE,0.9992309808731079
4886,NEGATIVE,0.9996159076690674
4887,NEGATIVE,0.9988701939582825
4888,NEGATIVE,0.9991084933280945
4889,NEGATIVE,0.9996488094329834
4890,NEGATIVE,0.9988584518432617
4891,NEGATIVE,0.999336302280426
4892,NEGATIVE,0.9997994303703308
4893,NEGATIVE,0.997112512588501
4894,NEGATIVE,0.9996148347854614
4895,NEGATIVE,0.996150016784668
4896,NEGATIVE,0.9990610480308533
4897,NEGATIVE,0.99394291639328
4898,NEGATIVE,0.9997979998588562
4899,NEGATIVE,0.9993384480476379
4900,NEGATIVE,0.9968249797821045
4901,NEGATIVE,0.9796159267425537
4902,NEGATIVE,0.9997827410697937
4903,NEGATIVE,0.9305824637413025
4904,NEGATIVE,0.9997742772102356
4905,NEGATIVE,0.9992027878761292
4906,NEGATIVE,0.9976310729980469
4907,NEGATIVE,0.9982174038887024
4908,NEGATIVE,0.9996695518493652
4909,NEGATIVE,0.996071457862854
4910,NEGATIVE,0.9995554089546204
4911,NEGATIVE,0.9893805980682373
4912,NEGATIVE,0.9981569647789001
4913,POSITIVE,0.9606866240501404
4914,NEGATIVE,0.993928074836731
4915,NEGATIVE,0.99824059009552
4916,NEGATIVE,0.9902899861335754
4917,NEGATIVE,0.9996128678321838
4918,NEGATIVE,0.9979070425033569
4919,NEGATIVE,0.9990673661231995
4920,POSITIVE,0.9606866240501404
4921,NEGATIVE,0.999376118183136
4922,NEGATIVE,0.9956434965133667
4923,NEGATIVE,0.9976794123649597
4924,NEGATIVE,0.9958173632621765
4925,NEGATIVE,0.9997853636741638
4926,NEGATIVE,0.9995695948600769
4927,NEGATIVE,0.9937742948532104
4928,NEGATIVE,0.9781224727630615
4929,NEGATIVE,0.9989883303642273
4930,POSITIVE,0.8824763298034668
4931,NEGATIVE,0.9996951818466187
4932,NEGATIVE,0.9973185658454895
4933,NEGATIVE,0.9994927644729614
4934,POSITIVE,0.9076401591300964
4935,POSITIVE,0.9946414232254028
4936,NEGATIVE,0.9920709729194641
4937,NEGATIVE,0.993622362613678
4938,NEGATIVE,0.9996883869171143
4939,NEGATIVE,0.990336537361145
4940,POSITIVE,0.6371243596076965
4941,NEGATIVE,0.9981428384780884
4942,NEGATIVE,0.9996585845947266
4943,NEGATIVE,0.9584555625915527
4944,NEGATIVE,0.9940675497055054
4945,NEGATIVE,0.9996071457862854
4946,NEGATIVE,0.999778687953949
4947,POSITIVE,0.9205465912818909
4948,POSITIVE,0.9788652658462524
4949,NEGATIVE,0.9980105757713318
4950,NEGATIVE,0.9972615242004395
4951,NEGATIVE,0.9997134804725647
4952,NEGATIVE,0.9984525442123413
4953,POSITIVE,0.8633773326873779
4954,NEGATIVE,0.9986427426338196
4955,NEGATIVE,0.8519833087921143
4956,NEGATIVE,0.9955065250396729
4957,NEGATIVE,0.9965441823005676
4958,POSITIVE,0.8767781853675842
4959,NEGATIVE,0.9983307719230652
4960,NEGATIVE,0.9997201561927795
4961,NEGATIVE,0.9976776242256165
4962,NEGATIVE,0.6242699027061462
4963,NEGATIVE,0.9897156357765198
4964,NEGATIVE,0.9995526671409607
4965,NEGATIVE,0.9994912147521973
4966,NEGATIVE,0.999491810798645
4967,NEGATIVE,0.9985325336456299
4968,NEGATIVE,0.9997525811195374
4969,POSITIVE,0.9627107381820679
4970,NEGATIVE,0.9989547729492188
4971,NEGATIVE,0.9957654476165771
4972,POSITIVE,0.5812821984291077
4973,NEGATIVE,0.9996721744537354
4974,POSITIVE,0.9939682483673096
4975,NEGATIVE,0.997248113155365
4976,NEGATIVE,0.9997448325157166
4977,NEGATIVE,0.9998175501823425
4978,NEGATIVE,0.999713122844696
4979,NEGATIVE,0.9991220831871033
4980,NEGATIVE,0.9997383952140808
4981,NEGATIVE,0.9976615905761719
4982,POSITIVE,0.9980009198188782
4983,NEGATIVE,0.9996981620788574
4984,NEGATIVE,0.9915629625320435
4985,NEGATIVE,0.9970715045928955
4986,POSITIVE,0.9984464049339294
4987,NEGATIVE,0.9966108202934265
4988,NEGATIVE,0.995243489742279
4989,NEGATIVE,0.9997814297676086
4990,NEGATIVE,0.9988120794296265
4991,NEGATIVE,0.9941592216491699
4992,NEGATIVE,0.9922605156898499
4993,NEGATIVE,0.9988051652908325
4994,NEGATIVE,0.9992073178291321
4995,NEGATIVE,0.9990841150283813
4996,NEGATIVE,0.9988516569137573
4997,NEGATIVE,0.9986415505409241
4998,POSITIVE,0.906971275806427
4999,NEGATIVE,0.9995500445365906
5000,NEGATIVE,0.997585654258728
5001,NEGATIVE,0.9983834028244019
5002,NEGATIVE,0.9867733716964722
5003,NEGATIVE,0.9974746108055115
5004,POSITIVE,0.8404111862182617
5005,NEGATIVE,0.9997335076332092
5006,NEGATIVE,0.9975895881652832
5007,NEGATIVE,0.9989251494407654
5008,NEGATIVE,0.9997759461402893
5009,NEGATIVE,0.9970544576644897
5010,NEGATIVE,0.9892078042030334
5011,NEGATIVE,0.999734103679657
5012,NEGATIVE,0.9992408752441406
5013,NEGATIVE,0.9987887740135193
5014,NEGATIVE,0.9994526505470276
5015,NEGATIVE,0.995717465877533
5016,NEGATIVE,0.9972193241119385
5017,NEGATIVE,0.9988431930541992
5018,NEGATIVE,0.9995560050010681
5019,NEGATIVE,0.9994632601737976
5020,NEGATIVE,0.988368570804596
5021,NEGATIVE,0.9995808005332947
5022,NEGATIVE,0.998904824256897
5023,NEGATIVE,0.9994688630104065
5024,NEGATIVE,0.997364342212677
5025,NEGATIVE,0.9956414699554443
5026,NEGATIVE,0.9896278381347656
5027,POSITIVE,0.9995813965797424
5028,NEGATIVE,0.9791443943977356
5029,POSITIVE,0.9924490451812744
5030,NEGATIVE,0.9997279047966003
5031,POSITIVE,0.9994921684265137
5032,NEGATIVE,0.9993215799331665
5033,NEGATIVE,0.9993280172348022
5034,NEGATIVE,0.9759292602539062
5035,NEGATIVE,0.9906745553016663
5036,NEGATIVE,0.999798595905304
5037,NEGATIVE,0.9997828602790833
5038,NEGATIVE,0.9992921352386475
5039,NEGATIVE,0.9917178153991699
5040,NEGATIVE,0.9992678761482239
5041,NEGATIVE,0.9993866682052612
5042,NEGATIVE,0.9997819066047668
5043,NEGATIVE,0.9989306330680847
5044,NEGATIVE,0.9830238223075867
5045,NEGATIVE,0.9986464381217957
5046,NEGATIVE,0.9955992698669434
5047,NEGATIVE,0.9991394281387329
5048,NEGATIVE,0.9970771074295044
5049,NEGATIVE,0.9977479577064514
5050,NEGATIVE,0.9996554851531982
5051,POSITIVE,0.9985344409942627
5052,NEGATIVE,0.9997772574424744
5053,NEGATIVE,0.9484192728996277
5054,NEGATIVE,0.9987785220146179
5055,POSITIVE,0.9776917695999146
5056,NEGATIVE,0.9936374425888062
5057,POSITIVE,0.9858684539794922
5058,POSITIVE,0.9827749133110046
5059,NEGATIVE,0.9992076754570007
5060,NEGATIVE,0.9996951818466187
5061,NEGATIVE,0.9946898221969604
5062,NEGATIVE,0.9897695779800415
5063,NEGATIVE,0.9946139454841614
5064,NEGATIVE,0.9996980428695679
5065,POSITIVE,0.9964019060134888
5066,POSITIVE,0.9899103045463562
5067,NEGATIVE,0.9989307522773743
5068,NEGATIVE,0.9972350001335144
5069,NEGATIVE,0.9991034865379333
5070,NEGATIVE,0.9898883700370789
5071,NEGATIVE,0.9990322589874268
5072,NEGATIVE,0.994398295879364
5073,NEGATIVE,0.993953287601471
5074,NEGATIVE,0.9972352385520935
5075,NEGATIVE,0.9911859631538391
5076,NEGATIVE,0.9990056157112122
5077,NEGATIVE,0.9971539974212646
5078,NEGATIVE,0.996378481388092
5079,NEGATIVE,0.9785706400871277
5080,NEGATIVE,0.9997264742851257
5081,NEGATIVE,0.999688982963562
5082,NEGATIVE,0.9957183003425598
5083,NEGATIVE,0.9964960217475891
5084,NEGATIVE,0.9972585439682007
5085,NEGATIVE,0.9976670742034912
5086,NEGATIVE,0.9987976551055908
5087,NEGATIVE,0.993230938911438
5088,NEGATIVE,0.998908281326294
5089,NEGATIVE,0.9887203574180603
5090,NEGATIVE,0.999151349067688
5091,NEGATIVE,0.9984820485115051
5092,NEGATIVE,0.9940695762634277
5093,NEGATIVE,0.9993453621864319
5094,NEGATIVE,0.605758786201477
5095,POSITIVE,0.9009677767753601
5096,NEGATIVE,0.9995743632316589
5097,NEGATIVE,0.9989456534385681
5098,NEGATIVE,0.9990646243095398
5099,NEGATIVE,0.8507493138313293
5100,NEGATIVE,0.9821988940238953
5101,NEGATIVE,0.9938117265701294
5102,NEGATIVE,0.9987157583236694
5103,POSITIVE,0.8989089131355286
5104,NEGATIVE,0.9997190833091736
5105,NEGATIVE,0.9996224641799927
5106,NEGATIVE,0.9537070393562317
5107,NEGATIVE,0.9989112615585327
5108,NEGATIVE,0.9977561831474304
5109,NEGATIVE,0.9902128577232361
5110,NEGATIVE,0.9992194175720215
5111,NEGATIVE,0.9989687204360962
5112,NEGATIVE,0.9992096424102783
5113,NEGATIVE,0.9991940855979919
5114,POSITIVE,0.6828530430793762
5115,NEGATIVE,0.9993925094604492
5116,NEGATIVE,0.9618436694145203
5117,POSITIVE,0.9865515232086182
5118,NEGATIVE,0.9844900369644165
5119,NEGATIVE,0.999692440032959
5120,NEGATIVE,0.9892821311950684
5121,NEGATIVE,0.9977693557739258
5122,NEGATIVE,0.9994648098945618
5123,NEGATIVE,0.9988662004470825
5124,NEGATIVE,0.9974448680877686
5125,NEGATIVE,0.9952951073646545
5126,NEGATIVE,0.9993242025375366
5127,POSITIVE,0.9891514778137207
5128,NEGATIVE,0.9997304081916809
5129,POSITIVE,0.9405238032341003
5130,POSITIVE,0.9738070964813232
5131,NEGATIVE,0.9968768358230591
5132,NEGATIVE,0.998950719833374
5133,POSITIVE,0.9901787042617798
5134,NEGATIVE,0.999261200428009
5135,NEGATIVE,0.999160885810852
5136,NEGATIVE,0.9997448325157166
5137,NEGATIVE,0.9993521571159363
5138,NEGATIVE,0.9977957010269165
5139,NEGATIVE,0.9995356798171997
5140,NEGATIVE,0.9944356679916382
5141,NEGATIVE,0.9985836744308472
5142,NEGATIVE,0.9754759073257446
5143,NEGATIVE,0.9838032722473145
5144,NEGATIVE,0.920037567615509
5145,NEGATIVE,0.9979677796363831
5146,NEGATIVE,0.9995892643928528
5147,NEGATIVE,0.9996625185012817
5148,NEGATIVE,0.9980241060256958
5149,POSITIVE,0.9866220355033875
5150,NEGATIVE,0.9969609379768372
5151,NEGATIVE,0.9986808896064758
5152,NEGATIVE,0.999761164188385
5153,NEGATIVE,0.9856694936752319
5154,NEGATIVE,0.9989883303642273
5155,POSITIVE,0.976747453212738
5156,NEGATIVE,0.999535322189331
5157,POSITIVE,0.9804980754852295
5158,NEGATIVE,0.9320951104164124
5159,NEGATIVE,0.9997431635856628
5160,NEGATIVE,0.9997569918632507
5161,NEGATIVE,0.9991196990013123
5162,NEGATIVE,0.9983004927635193
5163,NEGATIVE,0.9996020197868347
5164,NEGATIVE,0.9996078610420227
5165,NEGATIVE,0.9849236011505127
5166,NEGATIVE,0.9993587136268616
5167,NEGATIVE,0.9755740165710449
5168,NEGATIVE,0.9597477316856384
5169,NEGATIVE,0.999405026435852
5170,POSITIVE,0.7969457507133484
5171,NEGATIVE,0.9994798302650452
5172,NEGATIVE,0.9996389150619507
5173,NEGATIVE,0.9997466206550598
5174,NEGATIVE,0.9639893174171448
5175,NEGATIVE,0.9987695813179016
5176,NEGATIVE,0.9913058876991272
5177,NEGATIVE,0.7477944493293762
5178,NEGATIVE,0.9988736510276794
5179,NEGATIVE,0.9919167160987854
5180,NEGATIVE,0.9991071820259094
5181,NEGATIVE,0.9996065497398376
5182,NEGATIVE,0.9991556406021118
5183,NEGATIVE,0.9998148083686829
5184,NEGATIVE,0.9947927594184875
5185,NEGATIVE,0.9946321249008179
5186,NEGATIVE,0.999482274055481
5187,NEGATIVE,0.9963405728340149
5188,NEGATIVE,0.9979775547981262
5189,NEGATIVE,0.9972395896911621
5190,NEGATIVE,0.9987928867340088
5191,NEGATIVE,0.999314546585083
5192,NEGATIVE,0.9973846077919006
5193,POSITIVE,0.9873822331428528
5194,NEGATIVE,0.9682124257087708
5195,POSITIVE,0.5806767344474792
5196,NEGATIVE,0.999512791633606
5197,NEGATIVE,0.9997652173042297
5198,NEGATIVE,0.997791051864624
5199,NEGATIVE,0.9950319528579712
5200,NEGATIVE,0.9992920160293579
5201,NEGATIVE,0.9988272786140442
5202,NEGATIVE,0.9898104667663574
5203,NEGATIVE,0.9995678067207336
5204,NEGATIVE,0.9990013241767883
5205,NEGATIVE,0.9997262358665466
5206,NEGATIVE,0.9997598528862
5207,NEGATIVE,0.9304136037826538
5208,POSITIVE,0.9910667538642883
5209,POSITIVE,0.9407246112823486
5210,NEGATIVE,0.9909329414367676
5211,NEGATIVE,0.9989317059516907
5212,NEGATIVE,0.998565137386322
5213,NEGATIVE,0.9966590404510498
5214,POSITIVE,0.9974445104598999
5215,NEGATIVE,0.8104959726333618
5216,NEGATIVE,0.9991744160652161
5217,NEGATIVE,0.9985098242759705
5218,NEGATIVE,0.999452531337738
5219,NEGATIVE,0.9833194613456726
5220,NEGATIVE,0.9993972778320312
5221,NEGATIVE,0.9988478422164917
5222,NEGATIVE,0.999504804611206
5223,POSITIVE,0.969468355178833
5224,NEGATIVE,0.9982983469963074
5225,NEGATIVE,0.990477442741394
5226,NEGATIVE,0.9997240900993347
5227,NEGATIVE,0.9930528998374939
5228,NEGATIVE,0.9994021654129028
5229,NEGATIVE,0.9997389912605286
5230,NEGATIVE,0.997112512588501
5231,NEGATIVE,0.9984651803970337
5232,NEGATIVE,0.9997716546058655
5233,NEGATIVE,0.9990038275718689
5234,NEGATIVE,0.999114453792572
5235,NEGATIVE,0.9994637370109558
5236,NEGATIVE,0.994719386100769
5237,NEGATIVE,0.9995070695877075
5238,NEGATIVE,0.9996680021286011
5239,NEGATIVE,0.9997420907020569
5240,NEGATIVE,0.9995391368865967
5241,POSITIVE,0.6001293659210205
5242,NEGATIVE,0.9850591421127319
5243,NEGATIVE,0.9964547157287598
5244,NEGATIVE,0.9996465444564819
5245,NEGATIVE,0.9975324869155884
5246,POSITIVE,0.7309375405311584
5247,NEGATIVE,0.999657154083252
5248,NEGATIVE,0.9987472295761108
5249,NEGATIVE,0.9906829595565796
5250,NEGATIVE,0.9992653727531433
5251,NEGATIVE,0.9997343420982361
5252,NEGATIVE,0.9965507984161377
5253,NEGATIVE,0.9942957758903503
5254,NEGATIVE,0.9994251728057861
5255,NEGATIVE,0.9990624785423279
5256,NEGATIVE,0.9997424483299255
5257,NEGATIVE,0.999761164188385
5258,NEGATIVE,0.9853473901748657
5259,NEGATIVE,0.998367965221405
5260,NEGATIVE,0.9987379908561707
5261,NEGATIVE,0.9984342455863953
5262,NEGATIVE,0.9478769898414612
5263,NEGATIVE,0.9996448755264282
5264,NEGATIVE,0.9992021918296814
5265,NEGATIVE,0.9985894560813904
5266,NEGATIVE,0.6854393482208252
5267,NEGATIVE,0.9902493357658386
5268,NEGATIVE,0.9970090985298157
5269,POSITIVE,0.9857969880104065
5270,NEGATIVE,0.9926910996437073
5271,NEGATIVE,0.9984790682792664
5272,NEGATIVE,0.9997513890266418
5273,NEGATIVE,0.9997552037239075
5274,NEGATIVE,0.9996465444564819
5275,NEGATIVE,0.9997093081474304
5276,NEGATIVE,0.9711310863494873
5277,NEGATIVE,0.9913780689239502
5278,NEGATIVE,0.9883142709732056
5279,NEGATIVE,0.984825074672699
5280,NEGATIVE,0.9961705803871155
5281,POSITIVE,0.5063960552215576
5282,NEGATIVE,0.9944243431091309
5283,NEGATIVE,0.9986048340797424
5284,NEGATIVE,0.9989946484565735
5285,NEGATIVE,0.9997420907020569
5286,NEGATIVE,0.9993736147880554
5287,POSITIVE,0.9985288381576538
5288,NEGATIVE,0.9997488856315613
5289,NEGATIVE,0.9997578263282776
5290,NEGATIVE,0.9994219541549683
5291,NEGATIVE,0.9997056126594543
5292,NEGATIVE,0.9990264177322388
5293,NEGATIVE,0.9950112104415894
5294,POSITIVE,0.579127311706543
5295,NEGATIVE,0.9985021352767944
5296,NEGATIVE,0.9912700653076172
5297,NEGATIVE,0.5923166275024414
5298,NEGATIVE,0.9968275427818298
5299,NEGATIVE,0.999376118183136
5300,NEGATIVE,0.9995947480201721
5301,NEGATIVE,0.9731928706169128
5302,NEGATIVE,0.9990676045417786
5303,NEGATIVE,0.9971931576728821
5304,POSITIVE,0.7787931561470032
5305,NEGATIVE,0.9573134183883667
5306,NEGATIVE,0.9997265934944153
5307,NEGATIVE,0.9960617423057556
5308,NEGATIVE,0.9899735450744629
5309,NEGATIVE,0.9991626739501953
5310,NEGATIVE,0.9992614388465881
5311,NEGATIVE,0.9997524619102478
5312,NEGATIVE,0.999609649181366
5313,NEGATIVE,0.9995781779289246
5314,NEGATIVE,0.9997746348381042
5315,NEGATIVE,0.9978532195091248
5316,NEGATIVE,0.9846643805503845
5317,NEGATIVE,0.9993616938591003
5318,NEGATIVE,0.9946223497390747
5319,NEGATIVE,0.9639197587966919
5320,NEGATIVE,0.9994909763336182
5321,NEGATIVE,0.8896138072013855
5322,NEGATIVE,0.9798723459243774
5323,NEGATIVE,0.9997105002403259
5324,NEGATIVE,0.9993921518325806
5325,NEGATIVE,0.9975861310958862
5326,NEGATIVE,0.9978406429290771
5327,NEGATIVE,0.999563992023468
5328,NEGATIVE,0.9960719347000122
5329,NEGATIVE,0.9995700716972351
5330,POSITIVE,0.7603869438171387
5331,NEGATIVE,0.9858447313308716
5332,POSITIVE,0.9973130822181702
5333,NEGATIVE,0.9949829578399658
5334,NEGATIVE,0.9986335635185242
5335,NEGATIVE,0.9988734126091003
5336,NEGATIVE,0.9995344877243042
5337,NEGATIVE,0.9980803728103638
5338,NEGATIVE,0.6466028690338135
5339,NEGATIVE,0.9827993512153625
5340,NEGATIVE,0.9993799924850464
5341,NEGATIVE,0.9990578293800354
5342,POSITIVE,0.9857472777366638
5343,NEGATIVE,0.8925480246543884
5344,NEGATIVE,0.9975355863571167
5345,NEGATIVE,0.9984945058822632
5346,NEGATIVE,0.9962387084960938
5347,NEGATIVE,0.9987216591835022
5348,NEGATIVE,0.9987408518791199
5349,NEGATIVE,0.9997112154960632
5350,NEGATIVE,0.9886757135391235
5351,NEGATIVE,0.9997929930686951
5352,NEGATIVE,0.9989450573921204
5353,NEGATIVE,0.9992953538894653
5354,NEGATIVE,0.9982736110687256
5355,NEGATIVE,0.98826664686203
5356,NEGATIVE,0.9992413520812988
5357,NEGATIVE,0.9962310194969177
5358,NEGATIVE,0.99980229139328
5359,NEGATIVE,0.6501150727272034
5360,NEGATIVE,0.9957200884819031
5361,NEGATIVE,0.9788283705711365
5362,NEGATIVE,0.991734504699707
5363,POSITIVE,0.9728030562400818
5364,POSITIVE,0.8142940998077393
5365,NEGATIVE,0.9973894953727722
5366,NEGATIVE,0.9980315566062927
5367,NEGATIVE,0.9714893102645874
5368,NEGATIVE,0.9982654452323914
5369,POSITIVE,0.8721789121627808
5370,POSITIVE,0.9947116374969482
5371,NEGATIVE,0.9997641444206238
5372,NEGATIVE,0.9991140961647034
5373,NEGATIVE,0.9995558857917786
5374,NEGATIVE,0.9994414448738098
5375,NEGATIVE,0.9987680315971375
5376,NEGATIVE,0.9996503591537476
5377,NEGATIVE,0.9810847043991089
5378,NEGATIVE,0.9938741326332092
5379,NEGATIVE,0.999383807182312
5380,NEGATIVE,0.9997909665107727
5381,POSITIVE,0.8590094447135925
5382,POSITIVE,0.9082216024398804
5383,NEGATIVE,0.9991481304168701
5384,NEGATIVE,0.9994518160820007
5385,NEGATIVE,0.9996358156204224
5386,NEGATIVE,0.9996738433837891
5387,NEGATIVE,0.9811496734619141
5388,NEGATIVE,0.9983175992965698
5389,NEGATIVE,0.996635377407074
5390,NEGATIVE,0.9768238663673401
5391,NEGATIVE,0.9970753192901611
5392,NEGATIVE,0.9980553388595581
5393,NEGATIVE,0.9979895353317261
5394,NEGATIVE,0.9930049777030945
5395,NEGATIVE,0.9916470050811768
5396,NEGATIVE,0.7897193431854248
5397,POSITIVE,0.9980126619338989
5398,NEGATIVE,0.7119948267936707
5399,POSITIVE,0.998246431350708
5400,NEGATIVE,0.9995951056480408
5401,NEGATIVE,0.9993665814399719
5402,NEGATIVE,0.9979138970375061
5403,NEGATIVE,0.9996114373207092
5404,POSITIVE,0.9730498194694519
5405,NEGATIVE,0.9967057108879089
5406,NEGATIVE,0.9991328120231628
5407,NEGATIVE,0.9992116689682007
5408,NEGATIVE,0.9886628985404968
5409,NEGATIVE,0.9906808733940125
5410,NEGATIVE,0.9979116320610046
5411,NEGATIVE,0.9693744778633118
5412,NEGATIVE,0.9982402324676514
5413,NEGATIVE,0.9940345883369446
5414,POSITIVE,0.9713993072509766
5415,NEGATIVE,0.9954089522361755
5416,POSITIVE,0.6809639930725098
5417,POSITIVE,0.9994208812713623
5418,NEGATIVE,0.9973717927932739
5419,NEGATIVE,0.9997918009757996
5420,NEGATIVE,0.9996230602264404
5421,NEGATIVE,0.9771382808685303
5422,NEGATIVE,0.9988861680030823
5423,POSITIVE,0.9103421568870544
5424,NEGATIVE,0.9997619986534119
5425,NEGATIVE,0.9993196725845337
5426,POSITIVE,0.9979484677314758
5427,NEGATIVE,0.8633140921592712
5428,NEGATIVE,0.9997488856315613
5429,NEGATIVE,0.9939568042755127
5430,NEGATIVE,0.9864296913146973
5431,NEGATIVE,0.9951204657554626
5432,NEGATIVE,0.9997990727424622
5433,NEGATIVE,0.9981504082679749
5434,NEGATIVE,0.9990360736846924
5435,NEGATIVE,0.9997884631156921
5436,NEGATIVE,0.9847006797790527
5437,NEGATIVE,0.993186354637146
5438,NEGATIVE,0.9981735944747925
5439,NEGATIVE,0.9996329545974731
5440,NEGATIVE,0.9994169473648071
5441,NEGATIVE,0.9982126951217651
5442,NEGATIVE,0.9992344379425049
5443,NEGATIVE,0.9996169805526733
5444,NEGATIVE,0.8850365877151489
5445,NEGATIVE,0.9984690546989441
5446,NEGATIVE,0.998965859413147
5447,NEGATIVE,0.9899116158485413
5448,POSITIVE,0.8777003288269043
5449,NEGATIVE,0.9827871322631836
5450,NEGATIVE,0.9995476603507996
5451,NEGATIVE,0.9997144341468811
5452,NEGATIVE,0.9963405728340149
5453,NEGATIVE,0.999471127986908
5454,NEGATIVE,0.9981346130371094
5455,NEGATIVE,0.9922772645950317
5456,NEGATIVE,0.9987397789955139
5457,NEGATIVE,0.9997109770774841
5458,NEGATIVE,0.9992914199829102
5459,NEGATIVE,0.9979945421218872
5460,NEGATIVE,0.9951903820037842
5461,NEGATIVE,0.9996844530105591
5462,NEGATIVE,0.9988728165626526
5463,NEGATIVE,0.9980326294898987
5464,NEGATIVE,0.998980700969696
5465,NEGATIVE,0.9938801527023315
5466,POSITIVE,0.7770228385925293
5467,NEGATIVE,0.9971629977226257
5468,NEGATIVE,0.9990425705909729
5469,NEGATIVE,0.9995833039283752
5470,NEGATIVE,0.9998016953468323
5471,NEGATIVE,0.99324631690979
5472,NEGATIVE,0.998980700969696
5473,NEGATIVE,0.9995125532150269
5474,NEGATIVE,0.9984196424484253
5475,NEGATIVE,0.7209075093269348
5476,NEGATIVE,0.9989696741104126
5477,POSITIVE,0.9557904005050659
5478,NEGATIVE,0.9992792010307312
5479,NEGATIVE,0.9848210215568542
5480,NEGATIVE,0.9985270500183105
5481,NEGATIVE,0.9517272710800171
5482,NEGATIVE,0.998201847076416
5483,NEGATIVE,0.9824420809745789
5484,NEGATIVE,0.9900806546211243
5485,NEGATIVE,0.9853886961936951
5486,NEGATIVE,0.9964343309402466
5487,POSITIVE,0.9829110503196716
5488,NEGATIVE,0.9997016787528992
5489,NEGATIVE,0.9989537000656128
5490,NEGATIVE,0.9990459084510803
5491,NEGATIVE,0.9997517466545105
5492,NEGATIVE,0.9971099495887756
5493,NEGATIVE,0.9997362494468689
5494,NEGATIVE,0.9996711015701294
5495,NEGATIVE,0.9991545677185059
5496,NEGATIVE,0.9997830986976624
5497,NEGATIVE,0.9997915625572205
5498,NEGATIVE,0.997711181640625
5499,NEGATIVE,0.9994144439697266
5500,POSITIVE,0.9856669306755066
5501,NEGATIVE,0.9990309476852417
5502,NEGATIVE,0.9510931968688965
5503,NEGATIVE,0.9982708692550659
5504,NEGATIVE,0.9993636012077332
5505,NEGATIVE,0.9997029900550842
5506,POSITIVE,0.9910253286361694
5507,NEGATIVE,0.9971405267715454
5508,NEGATIVE,0.9929031729698181
5509,NEGATIVE,0.9989308714866638
5510,NEGATIVE,0.9947348833084106
5511,NEGATIVE,0.8676427602767944
5512,NEGATIVE,0.9723542332649231
5513,NEGATIVE,0.9992544054985046
5514,NEGATIVE,0.9997596144676208
5515,NEGATIVE,0.9997459053993225
5516,POSITIVE,0.9377502202987671
5517,NEGATIVE,0.9962033629417419
5518,NEGATIVE,0.9996484518051147
5519,NEGATIVE,0.9983587861061096
5520,POSITIVE,0.5652177929878235
5521,NEGATIVE,0.9997432827949524
5522,NEGATIVE,0.9990953207015991
5523,NEGATIVE,0.99556964635849
5524,NEGATIVE,0.9955291152000427
5525,NEGATIVE,0.9997432827949524
5526,NEGATIVE,0.9943181872367859
5527,NEGATIVE,0.9995560050010681
5528,NEGATIVE,0.9996699094772339
5529,NEGATIVE,0.8705300092697144
5530,NEGATIVE,0.9975488781929016
5531,NEGATIVE,0.998783528804779
5532,NEGATIVE,0.9993054866790771
5533,POSITIVE,0.7862026691436768
5534,NEGATIVE,0.9996324777603149
5535,POSITIVE,0.9443420171737671
5536,NEGATIVE,0.998258650302887
5537,NEGATIVE,0.9988956451416016
5538,NEGATIVE,0.9785864949226379
5539,NEGATIVE,0.97906094789505
5540,POSITIVE,0.9850194454193115
5541,POSITIVE,0.9969898462295532
5542,NEGATIVE,0.9433848261833191
5543,POSITIVE,0.7696817517280579
5544,NEGATIVE,0.9997285008430481
5545,NEGATIVE,0.999749481678009
5546,NEGATIVE,0.9998109936714172
5547,NEGATIVE,0.9985646605491638
5548,NEGATIVE,0.9977255463600159
5549,POSITIVE,0.982190728187561
5550,NEGATIVE,0.9993754029273987
5551,NEGATIVE,0.9964112639427185
5552,NEGATIVE,0.9996441602706909
5553,NEGATIVE,0.9981429576873779
5554,NEGATIVE,0.9996415376663208
5555,NEGATIVE,0.9994643330574036
5556,NEGATIVE,0.9987462759017944
5557,NEGATIVE,0.9995162487030029
5558,NEGATIVE,0.9971888661384583
5559,NEGATIVE,0.8587354421615601
5560,NEGATIVE,0.9988402724266052
5561,NEGATIVE,0.976668655872345
5562,NEGATIVE,0.9833070039749146
5563,NEGATIVE,0.9869764447212219
5564,NEGATIVE,0.9973770380020142
5565,NEGATIVE,0.9990100860595703
5566,NEGATIVE,0.9986989498138428
5567,NEGATIVE,0.9876605272293091
5568,NEGATIVE,0.9997437596321106
5569,NEGATIVE,0.9994609951972961
5570,NEGATIVE,0.997316300868988
5571,NEGATIVE,0.988311231136322
5572,NEGATIVE,0.999784529209137
5573,NEGATIVE,0.9976906776428223
5574,NEGATIVE,0.9684514403343201
5575,NEGATIVE,0.9813372492790222
5576,NEGATIVE,0.9993687272071838
5577,NEGATIVE,0.9996449947357178
5578,NEGATIVE,0.9950417876243591
5579,POSITIVE,0.9716200232505798
5580,NEGATIVE,0.975155234336853
5581,NEGATIVE,0.9982826709747314
5582,NEGATIVE,0.9989120960235596
5583,NEGATIVE,0.7225457429885864
5584,NEGATIVE,0.997376561164856
5585,NEGATIVE,0.9968005418777466
5586,NEGATIVE,0.9992427825927734
5587,NEGATIVE,0.9990754127502441
5588,NEGATIVE,0.9946795105934143
5589,NEGATIVE,0.9995883107185364
5590,NEGATIVE,0.9905329942703247
5591,NEGATIVE,0.6399254202842712
5592,NEGATIVE,0.993962824344635
5593,NEGATIVE,0.9996102452278137
5594,NEGATIVE,0.982650101184845
5595,NEGATIVE,0.9997077584266663
5596,NEGATIVE,0.9925063252449036
5597,NEGATIVE,0.9924271106719971
5598,NEGATIVE,0.999232292175293
5599,NEGATIVE,0.9602574110031128
5600,NEGATIVE,0.9956536293029785
5601,NEGATIVE,0.9981312155723572
5602,NEGATIVE,0.99941086769104
5603,POSITIVE,0.9964939951896667
5604,NEGATIVE,0.8818583488464355
5605,NEGATIVE,0.9997796416282654
5606,NEGATIVE,0.9895826578140259
5607,NEGATIVE,0.9913384914398193
5608,NEGATIVE,0.9576878547668457
5609,NEGATIVE,0.9989712238311768
5610,NEGATIVE,0.9990170001983643
5611,NEGATIVE,0.9899441003799438
5612,NEGATIVE,0.9997203946113586
5613,NEGATIVE,0.9991521835327148
5614,NEGATIVE,0.9990310668945312
5615,NEGATIVE,0.9997894167900085
5616,NEGATIVE,0.9995957016944885
5617,NEGATIVE,0.9968475699424744
5618,NEGATIVE,0.9983213543891907
5619,NEGATIVE,0.9966723918914795
5620,NEGATIVE,0.9981006979942322
5621,NEGATIVE,0.9992902278900146
5622,NEGATIVE,0.9941309094429016
5623,POSITIVE,0.7219240069389343
5624,NEGATIVE,0.9958421587944031
5625,POSITIVE,0.6549298763275146
5626,NEGATIVE,0.9396281242370605
5627,NEGATIVE,0.9997552037239075
5628,NEGATIVE,0.9982779026031494
5629,NEGATIVE,0.9988043308258057
5630,NEGATIVE,0.9993834495544434
5631,POSITIVE,0.8721789121627808
5632,POSITIVE,0.7485551834106445
5633,POSITIVE,0.968609094619751
5634,NEGATIVE,0.9996057152748108
5635,NEGATIVE,0.9435915350914001
5636,NEGATIVE,0.9963817596435547
5637,NEGATIVE,0.9989417195320129
5638,NEGATIVE,0.9992306232452393
5639,NEGATIVE,0.9994345307350159
5640,NEGATIVE,0.9943047165870667
5641,NEGATIVE,0.9930793642997742
5642,NEGATIVE,0.999738872051239
5643,NEGATIVE,0.9933051466941833
5644,NEGATIVE,0.9995033740997314
5645,NEGATIVE,0.9989663362503052
5646,NEGATIVE,0.999333918094635
5647,NEGATIVE,0.9994218349456787
5648,NEGATIVE,0.9996873140335083
5649,NEGATIVE,0.99959796667099
5650,NEGATIVE,0.9476938843727112
5651,NEGATIVE,0.9992367029190063
5652,NEGATIVE,0.9997598528862
5653,NEGATIVE,0.9976676106452942
5654,NEGATIVE,0.9997674822807312
5655,NEGATIVE,0.996705949306488
5656,NEGATIVE,0.9944041967391968
5657,NEGATIVE,0.9995493292808533
5658,NEGATIVE,0.992089033126831
5659,NEGATIVE,0.9996176958084106
5660,NEGATIVE,0.9977551102638245
5661,NEGATIVE,0.9992340803146362
5662,NEGATIVE,0.9926849603652954
5663,NEGATIVE,0.991851270198822
5664,NEGATIVE,0.998293936252594
5665,NEGATIVE,0.9995274543762207
5666,NEGATIVE,0.997326135635376
5667,POSITIVE,0.7381752729415894
5668,NEGATIVE,0.6299277544021606
5669,NEGATIVE,0.9991757273674011
5670,NEGATIVE,0.9985498785972595
5671,NEGATIVE,0.9981482028961182
5672,NEGATIVE,0.9988207221031189
5673,NEGATIVE,0.9988501071929932
5674,NEGATIVE,0.9956667423248291
5675,NEGATIVE,0.8572923541069031
5676,NEGATIVE,0.9945211410522461
5677,NEGATIVE,0.9986588954925537
5678,NEGATIVE,0.835206925868988
5679,NEGATIVE,0.9977633953094482
5680,NEGATIVE,0.9977604150772095
5681,NEGATIVE,0.9997219443321228
5682,NEGATIVE,0.9997333884239197
5683,NEGATIVE,0.9985067248344421
5684,NEGATIVE,0.9899107813835144
5685,NEGATIVE,0.9455440640449524
5686,NEGATIVE,0.998748779296875
5687,NEGATIVE,0.997767448425293
5688,NEGATIVE,0.9885051846504211
5689,NEGATIVE,0.9994770884513855
5690,NEGATIVE,0.9984179735183716
5691,NEGATIVE,0.9987298846244812
5692,NEGATIVE,0.9996603727340698
5693,NEGATIVE,0.6979223489761353
5694,NEGATIVE,0.9996998310089111
5695,NEGATIVE,0.9987391829490662
5696,NEGATIVE,0.9997572302818298
5697,NEGATIVE,0.999749481678009
5698,NEGATIVE,0.9962217807769775
5699,NEGATIVE,0.9997970461845398
5700,NEGATIVE,0.9996888637542725
5701,NEGATIVE,0.7690125703811646
5702,NEGATIVE,0.9997088313102722
5703,NEGATIVE,0.9911774396896362
5704,NEGATIVE,0.9997497200965881
5705,NEGATIVE,0.9987564086914062
5706,NEGATIVE,0.9970531463623047
5707,NEGATIVE,0.99894779920578
5708,NEGATIVE,0.9992884397506714
5709,NEGATIVE,0.995884120464325
5710,NEGATIVE,0.9995688796043396
5711,NEGATIVE,0.9924916625022888
5712,POSITIVE,0.7759456038475037
5713,NEGATIVE,0.9973471164703369
5714,NEGATIVE,0.982709527015686
5715,NEGATIVE,0.9996606111526489
5716,NEGATIVE,0.9992363452911377
5717,NEGATIVE,0.9950996041297913
5718,NEGATIVE,0.9997856020927429
5719,NEGATIVE,0.9997552037239075
5720,NEGATIVE,0.9893753528594971
5721,NEGATIVE,0.9981321692466736
5722,NEGATIVE,0.9932422041893005
5723,NEGATIVE,0.9987300038337708
5724,NEGATIVE,0.9987092018127441
5725,NEGATIVE,0.9996721744537354
5726,NEGATIVE,0.9996801614761353
5727,NEGATIVE,0.9971383810043335
5728,NEGATIVE,0.9992972612380981
5729,NEGATIVE,0.9980747699737549
5730,NEGATIVE,0.9991876482963562
5731,NEGATIVE,0.9941757917404175
5732,NEGATIVE,0.9981130361557007
5733,NEGATIVE,0.9784168004989624
5734,NEGATIVE,0.9981775283813477
5735,NEGATIVE,0.9633036255836487
5736,NEGATIVE,0.9979109168052673
5737,NEGATIVE,0.9995823502540588
5738,NEGATIVE,0.9990399479866028
5739,NEGATIVE,0.9968087077140808
5740,NEGATIVE,0.9902397394180298
5741,NEGATIVE,0.9998067021369934
5742,NEGATIVE,0.9997527003288269
5743,NEGATIVE,0.9718248248100281
5744,NEGATIVE,0.999767005443573
5745,NEGATIVE,0.9861867427825928
5746,NEGATIVE,0.9986856579780579
5747,NEGATIVE,0.9995562434196472
5748,NEGATIVE,0.9956497550010681
5749,NEGATIVE,0.9996761083602905
5750,NEGATIVE,0.9793485403060913
5751,NEGATIVE,0.997467041015625
5752,NEGATIVE,0.9991579055786133
5753,NEGATIVE,0.997439980506897
5754,NEGATIVE,0.9936761260032654
5755,NEGATIVE,0.9789265990257263
5756,NEGATIVE,0.9970985651016235
5757,NEGATIVE,0.999272882938385
5758,NEGATIVE,0.9984211921691895
5759,NEGATIVE,0.9997052550315857
5760,NEGATIVE,0.9761767387390137
5761,NEGATIVE,0.998228132724762
5762,NEGATIVE,0.9995821118354797
5763,NEGATIVE,0.9996882677078247
5764,POSITIVE,0.9990329742431641
5765,NEGATIVE,0.992466390132904
5766,NEGATIVE,0.9935051202774048
5767,NEGATIVE,0.9992625117301941
5768,NEGATIVE,0.9993935823440552
5769,NEGATIVE,0.9995917677879333
5770,NEGATIVE,0.999785840511322
5771,NEGATIVE,0.9978936314582825
5772,POSITIVE,0.5886952877044678
5773,NEGATIVE,0.9989815354347229
5774,NEGATIVE,0.9982688426971436
5775,NEGATIVE,0.9787830114364624
5776,NEGATIVE,0.9992808699607849
5777,NEGATIVE,0.9985093474388123
5778,NEGATIVE,0.9700904488563538
5779,NEGATIVE,0.9991555213928223
5780,NEGATIVE,0.9929972290992737
5781,NEGATIVE,0.8015440106391907
5782,NEGATIVE,0.9754603505134583
5783,NEGATIVE,0.9994294047355652
5784,NEGATIVE,0.6623507738113403
5785,NEGATIVE,0.9977824091911316
5786,NEGATIVE,0.9997726082801819
5787,NEGATIVE,0.9994592070579529
5788,NEGATIVE,0.9990909099578857
5789,NEGATIVE,0.9996179342269897
5790,POSITIVE,0.982475757598877
5791,NEGATIVE,0.9997105002403259
5792,NEGATIVE,0.996425211429596
5793,NEGATIVE,0.9997021555900574
5794,NEGATIVE,0.5337350964546204
5795,NEGATIVE,0.9997668862342834
5796,NEGATIVE,0.9944422841072083
5797,NEGATIVE,0.9997969269752502
5798,NEGATIVE,0.9997711777687073
5799,NEGATIVE,0.9997567534446716
5800,NEGATIVE,0.9995352029800415
5801,NEGATIVE,0.999221682548523
5802,NEGATIVE,0.9899662733078003
5803,NEGATIVE,0.9996509552001953
5804,NEGATIVE,0.9997349381446838
5805,NEGATIVE,0.9995980858802795
5806,NEGATIVE,0.9986332058906555
5807,POSITIVE,0.9919639825820923
5808,NEGATIVE,0.9975035786628723
5809,NEGATIVE,0.9974767565727234
5810,NEGATIVE,0.9997510313987732
5811,NEGATIVE,0.9944248199462891
5812,NEGATIVE,0.9985236525535583
5813,NEGATIVE,0.9971261620521545
5814,NEGATIVE,0.6360731720924377
5815,NEGATIVE,0.975214958190918
5816,NEGATIVE,0.996956467628479
5817,NEGATIVE,0.999147891998291
5818,POSITIVE,0.9998037219047546
5819,NEGATIVE,0.9981069564819336
5820,POSITIVE,0.5115750432014465
5821,NEGATIVE,0.9917688369750977
5822,NEGATIVE,0.9998074173927307
5823,NEGATIVE,0.9994915723800659
5824,NEGATIVE,0.9956334233283997
5825,NEGATIVE,0.9997276663780212
5826,NEGATIVE,0.9945112466812134
5827,NEGATIVE,0.9890866279602051
5828,NEGATIVE,0.9995971322059631
5829,NEGATIVE,0.9525595307350159
5830,NEGATIVE,0.999495267868042
5831,NEGATIVE,0.9997373223304749
5832,POSITIVE,0.9961426854133606
5833,NEGATIVE,0.9980655312538147
5834,NEGATIVE,0.9981802701950073
5835,NEGATIVE,0.9905033111572266
5836,NEGATIVE,0.9974730610847473
5837,NEGATIVE,0.6157833337783813
5838,NEGATIVE,0.9981151819229126
5839,NEGATIVE,0.9997645020484924
5840,POSITIVE,0.9881002902984619
5841,NEGATIVE,0.9978359341621399
5842,NEGATIVE,0.9980962872505188
5843,NEGATIVE,0.9983748197555542
5844,NEGATIVE,0.6812568306922913
5845,NEGATIVE,0.9985207915306091
5846,NEGATIVE,0.968663215637207
5847,NEGATIVE,0.9997087121009827
5848,NEGATIVE,0.9910795092582703
5849,NEGATIVE,0.949396014213562
5850,NEGATIVE,0.9997797608375549
5851,POSITIVE,0.9197609424591064
5852,NEGATIVE,0.997154712677002
5853,NEGATIVE,0.9828720092773438
5854,NEGATIVE,0.9997286200523376
5855,NEGATIVE,0.9995095729827881
5856,NEGATIVE,0.9995359182357788
5857,NEGATIVE,0.9990780353546143
5858,NEGATIVE,0.9969598054885864
5859,NEGATIVE,0.9992840886116028
5860,NEGATIVE,0.997212827205658
5861,NEGATIVE,0.9963099360466003
5862,NEGATIVE,0.9997696280479431
5863,NEGATIVE,0.9995694756507874
5864,NEGATIVE,0.999139666557312
5865,NEGATIVE,0.997269332408905
5866,NEGATIVE,0.9997486472129822
5867,NEGATIVE,0.9980092644691467
5868,NEGATIVE,0.9955314993858337
5869,NEGATIVE,0.9997400641441345
5870,NEGATIVE,0.9728557467460632
5871,POSITIVE,0.9210524559020996
5872,NEGATIVE,0.9993932247161865
5873,POSITIVE,0.9356736540794373
5874,NEGATIVE,0.9997438788414001
5875,NEGATIVE,0.998344898223877
5876,NEGATIVE,0.9936391711235046
5877,NEGATIVE,0.9934729933738708
5878,NEGATIVE,0.9990418553352356
5879,NEGATIVE,0.9989131689071655
5880,NEGATIVE,0.9905698299407959
5881,NEGATIVE,0.9954965114593506
5882,NEGATIVE,0.9995787739753723
5883,NEGATIVE,0.9997225403785706
5884,NEGATIVE,0.9997208714485168
5885,NEGATIVE,0.967192530632019
5886,NEGATIVE,0.9958576560020447
5887,NEGATIVE,0.9998007416725159
5888,NEGATIVE,0.994091808795929
5889,NEGATIVE,0.9916832447052002
5890,NEGATIVE,0.9995347261428833
5891,NEGATIVE,0.9949609041213989
5892,NEGATIVE,0.9980654120445251
5893,NEGATIVE,0.9997184872627258
5894,NEGATIVE,0.9983678460121155
5895,NEGATIVE,0.988021731376648
5896,NEGATIVE,0.998105525970459
5897,NEGATIVE,0.9997788071632385
5898,NEGATIVE,0.9988600015640259
5899,NEGATIVE,0.9899532198905945
5900,NEGATIVE,0.9982287287712097
5901,NEGATIVE,0.999363124370575
5902,NEGATIVE,0.9997169375419617
5903,NEGATIVE,0.9985644221305847
5904,NEGATIVE,0.9996763467788696
5905,NEGATIVE,0.988494336605072
5906,POSITIVE,0.9985268115997314
5907,POSITIVE,0.980120837688446
5908,NEGATIVE,0.997771680355072
5909,NEGATIVE,0.922343909740448
5910,NEGATIVE,0.9983536005020142
5911,NEGATIVE,0.9997846484184265
5912,POSITIVE,0.9599222540855408
5913,NEGATIVE,0.9995482563972473
5914,NEGATIVE,0.9977560639381409
5915,NEGATIVE,0.9997885823249817
5916,POSITIVE,0.8218759894371033
5917,NEGATIVE,0.9996504783630371
5918,NEGATIVE,0.9980337023735046
5919,NEGATIVE,0.9987795948982239
5920,NEGATIVE,0.9989915490150452
5921,NEGATIVE,0.996489942073822
5922,NEGATIVE,0.9997963309288025
5923,NEGATIVE,0.9982823133468628
5924,NEGATIVE,0.9989854693412781
5925,NEGATIVE,0.9981592297554016
5926,NEGATIVE,0.9963812828063965
5927,NEGATIVE,0.9315146207809448
5928,NEGATIVE,0.9975091218948364
5929,POSITIVE,0.5678771734237671
5930,NEGATIVE,0.9740526676177979
5931,NEGATIVE,0.9971152544021606
5932,NEGATIVE,0.9982591271400452
5933,NEGATIVE,0.9892093539237976
5934,NEGATIVE,0.9997448325157166
5935,NEGATIVE,0.9922353625297546
5936,NEGATIVE,0.9945719838142395
5937,NEGATIVE,0.9965189695358276
5938,NEGATIVE,0.9973176121711731
5939,NEGATIVE,0.9941301941871643
5940,NEGATIVE,0.9900434017181396
5941,NEGATIVE,0.990450918674469
5942,NEGATIVE,0.9983541965484619
5943,NEGATIVE,0.9988093376159668
5944,NEGATIVE,0.9809765219688416
5945,NEGATIVE,0.9989683628082275
5946,POSITIVE,0.9985083937644958
5947,NEGATIVE,0.9822019934654236
5948,NEGATIVE,0.9751662015914917
5949,NEGATIVE,0.9973903298377991
5950,NEGATIVE,0.9823439121246338
5951,NEGATIVE,0.9992116689682007
5952,NEGATIVE,0.9989964365959167
5953,NEGATIVE,0.9993906021118164
5954,NEGATIVE,0.9997468590736389
5955,NEGATIVE,0.999771773815155
5956,NEGATIVE,0.997928261756897
5957,NEGATIVE,0.9995933175086975
5958,NEGATIVE,0.9997391104698181
5959,NEGATIVE,0.9994977712631226
5960,NEGATIVE,0.9996861219406128
5961,NEGATIVE,0.9992569088935852
5962,NEGATIVE,0.9981454610824585
5963,NEGATIVE,0.9848987460136414
5964,NEGATIVE,0.999225378036499
5965,POSITIVE,0.9985002279281616
5966,NEGATIVE,0.9996778964996338
5967,NEGATIVE,0.9997846484184265
5968,NEGATIVE,0.9998156428337097
5969,NEGATIVE,0.7209075093269348
5970,NEGATIVE,0.9988816380500793
5971,NEGATIVE,0.9997156262397766
5972,NEGATIVE,0.9996052384376526
5973,NEGATIVE,0.9995478987693787
5974,NEGATIVE,0.9996963739395142
5975,NEGATIVE,0.9986133575439453
5976,NEGATIVE,0.9858435988426208
5977,POSITIVE,0.9375070929527283
5978,NEGATIVE,0.9554509520530701
5979,NEGATIVE,0.9994516968727112
5980,NEGATIVE,0.9993246793746948
5981,NEGATIVE,0.9957347512245178
5982,NEGATIVE,0.9973389506340027
5983,NEGATIVE,0.9997349381446838
5984,NEGATIVE,0.9986490607261658
5985,NEGATIVE,0.9976930022239685
5986,NEGATIVE,0.997765302658081
5987,NEGATIVE,0.9997108578681946
5988,NEGATIVE,0.9997957348823547
5989,NEGATIVE,0.9882155656814575
5990,NEGATIVE,0.999744713306427
5991,POSITIVE,0.9644396305084229
5992,NEGATIVE,0.9827871322631836
5993,NEGATIVE,0.997896671295166
5994,NEGATIVE,0.9975982308387756
5995,POSITIVE,0.9832072257995605
5996,NEGATIVE,0.9917538166046143
5997,POSITIVE,0.9972484707832336
5998,NEGATIVE,0.9990987777709961
5999,NEGATIVE,0.9988940358161926
6000,NEGATIVE,0.9981772899627686
6001,NEGATIVE,0.9992780089378357
6002,NEGATIVE,0.9993891716003418
6003,NEGATIVE,0.9976667165756226
6004,POSITIVE,0.9532392024993896
6005,NEGATIVE,0.9997043013572693
6006,NEGATIVE,0.9907199144363403
6007,NEGATIVE,0.9992063641548157
6008,NEGATIVE,0.9711299538612366
6009,NEGATIVE,0.9071244597434998
6010,NEGATIVE,0.9696669578552246
6011,NEGATIVE,0.9985449314117432
6012,NEGATIVE,0.9997047781944275
6013,NEGATIVE,0.9950095415115356
6014,NEGATIVE,0.999674916267395
6015,NEGATIVE,0.9958979487419128
6016,NEGATIVE,0.9996799230575562
6017,NEGATIVE,0.9948467016220093
6018,NEGATIVE,0.9981735944747925
6019,NEGATIVE,0.9997132420539856
6020,NEGATIVE,0.9985402822494507
6021,NEGATIVE,0.9996527433395386
6022,NEGATIVE,0.9961036443710327
6023,NEGATIVE,0.8199109435081482
6024,NEGATIVE,0.9605181217193604
6025,NEGATIVE,0.9974560141563416
6026,NEGATIVE,0.9995840191841125
6027,NEGATIVE,0.9996664524078369
6028,NEGATIVE,0.999506950378418
6029,NEGATIVE,0.9964565634727478
6030,NEGATIVE,0.9977734684944153
6031,NEGATIVE,0.9528789520263672
6032,NEGATIVE,0.9982230067253113
6033,NEGATIVE,0.9959331154823303
6034,POSITIVE,0.9846596717834473
6035,POSITIVE,0.937042236328125
6036,NEGATIVE,0.9868349432945251
6037,NEGATIVE,0.9945868253707886
6038,NEGATIVE,0.9997468590736389
6039,NEGATIVE,0.9774420261383057
6040,NEGATIVE,0.9994033575057983
6041,NEGATIVE,0.9977959394454956
6042,NEGATIVE,0.9962975382804871
6043,NEGATIVE,0.9832416772842407
6044,NEGATIVE,0.9991375207901001
6045,NEGATIVE,0.9982295632362366
6046,NEGATIVE,0.9997640252113342
6047,POSITIVE,0.9627763628959656
6048,NEGATIVE,0.9739933013916016
6049,NEGATIVE,0.9857085943222046
6050,NEGATIVE,0.9928483963012695
6051,NEGATIVE,0.9991279244422913
6052,NEGATIVE,0.7887799143791199
6053,NEGATIVE,0.5625335574150085
6054,NEGATIVE,0.9984893798828125
6055,NEGATIVE,0.9996970891952515
6056,NEGATIVE,0.9978333115577698
6057,NEGATIVE,0.9974406957626343
6058,NEGATIVE,0.9957090616226196
6059,NEGATIVE,0.9965923428535461
6060,NEGATIVE,0.999584972858429
6061,NEGATIVE,0.9957895874977112
6062,NEGATIVE,0.9973716735839844
6063,NEGATIVE,0.9994127750396729
6064,POSITIVE,0.9311809539794922
6065,NEGATIVE,0.9820968508720398
6066,NEGATIVE,0.9909195899963379
6067,NEGATIVE,0.9937376976013184
6068,NEGATIVE,0.9836577773094177
6069,NEGATIVE,0.993665337562561
6070,NEGATIVE,0.9997407793998718
6071,NEGATIVE,0.997351884841919
6072,NEGATIVE,0.9997017979621887
6073,NEGATIVE,0.9974315762519836
6074,NEGATIVE,0.996123731136322
6075,NEGATIVE,0.9975466132164001
6076,NEGATIVE,0.9970366954803467
6077,NEGATIVE,0.9992300271987915
6078,NEGATIVE,0.9988555908203125
6079,NEGATIVE,0.9965298771858215
6080,NEGATIVE,0.9986838698387146
6081,NEGATIVE,0.9928672313690186
6082,NEGATIVE,0.9976468682289124
6083,NEGATIVE,0.9995629191398621
6084,NEGATIVE,0.9987508058547974
6085,NEGATIVE,0.9988433122634888
6086,NEGATIVE,0.997683048248291
6087,NEGATIVE,0.9986281394958496
6088,NEGATIVE,0.9989676475524902
6089,NEGATIVE,0.973750114440918
6090,NEGATIVE,0.9981520771980286
6091,NEGATIVE,0.9966101050376892
6092,NEGATIVE,0.9959801435470581
6093,NEGATIVE,0.9991855025291443
6094,NEGATIVE,0.998824417591095
6095,NEGATIVE,0.9996488094329834
6096,NEGATIVE,0.9995766282081604
6097,NEGATIVE,0.999708354473114
6098,NEGATIVE,0.9989528656005859
6099,NEGATIVE,0.9995008707046509
6100,NEGATIVE,0.8062135577201843
6101,NEGATIVE,0.9994669556617737
6102,NEGATIVE,0.9996460676193237
6103,NEGATIVE,0.9996312856674194
6104,NEGATIVE,0.9762493371963501
6105,NEGATIVE,0.9993695616722107
6106,NEGATIVE,0.9998008608818054
6107,NEGATIVE,0.9988276362419128
6108,NEGATIVE,0.9984511137008667
6109,NEGATIVE,0.9524085521697998
6110,NEGATIVE,0.9996533393859863
6111,NEGATIVE,0.9926290512084961
6112,NEGATIVE,0.9998156428337097
6113,NEGATIVE,0.9988816380500793
6114,NEGATIVE,0.9989649057388306
6115,NEGATIVE,0.999358594417572
6116,NEGATIVE,0.9853496551513672
6117,NEGATIVE,0.9991940855979919
6118,NEGATIVE,0.9994127750396729
6119,NEGATIVE,0.9974242448806763
6120,NEGATIVE,0.9994439482688904
6121,NEGATIVE,0.9666216969490051
6122,NEGATIVE,0.9995006322860718
6123,NEGATIVE,0.9996111989021301
6124,NEGATIVE,0.9970937967300415
6125,NEGATIVE,0.9967959523200989
6126,NEGATIVE,0.9995647072792053
6127,NEGATIVE,0.9995686411857605
6128,NEGATIVE,0.9997727274894714
6129,NEGATIVE,0.9997833371162415
6130,NEGATIVE,0.9997155070304871
6131,NEGATIVE,0.998195469379425
6132,NEGATIVE,0.9991419315338135
6133,NEGATIVE,0.982410192489624
6134,NEGATIVE,0.9997990727424622
6135,NEGATIVE,0.7865866422653198
6136,NEGATIVE,0.9865117073059082
6137,NEGATIVE,0.9937852621078491
6138,POSITIVE,0.8092764616012573
6139,NEGATIVE,0.9978498220443726
6140,NEGATIVE,0.9991335272789001
6141,NEGATIVE,0.990770161151886
6142,NEGATIVE,0.9994493126869202
6143,NEGATIVE,0.998677670955658
6144,NEGATIVE,0.9986065030097961
6145,NEGATIVE,0.9995893836021423
6146,NEGATIVE,0.9958373308181763
6147,NEGATIVE,0.9995482563972473
6148,NEGATIVE,0.9980120658874512
6149,NEGATIVE,0.9995160102844238
6150,NEGATIVE,0.9953014850616455
6151,NEGATIVE,0.9946197271347046
6152,NEGATIVE,0.9993748068809509
6153,NEGATIVE,0.9995394945144653
6154,NEGATIVE,0.9995618462562561
6155,POSITIVE,0.9512906074523926
6156,NEGATIVE,0.9990116357803345
6157,POSITIVE,0.9822988510131836
6158,NEGATIVE,0.9870762228965759
6159,NEGATIVE,0.9989932179450989
6160,NEGATIVE,0.9992659687995911
6161,NEGATIVE,0.9957528114318848
6162,NEGATIVE,0.9991457462310791
6163,NEGATIVE,0.9997950196266174
6164,NEGATIVE,0.9997790455818176
6165,POSITIVE,0.9986361861228943
6166,NEGATIVE,0.998754620552063
6167,NEGATIVE,0.9993383288383484
6168,NEGATIVE,0.9983940720558167
6169,NEGATIVE,0.9903745651245117
6170,NEGATIVE,0.9985707998275757
6171,NEGATIVE,0.9997040629386902
6172,NEGATIVE,0.9988740086555481
6173,NEGATIVE,0.9979103207588196
6174,NEGATIVE,0.823204755783081
6175,NEGATIVE,0.969099223613739
6176,POSITIVE,0.9756199717521667
6177,NEGATIVE,0.9965381622314453
6178,NEGATIVE,0.9951516389846802
6179,NEGATIVE,0.9970619082450867
6180,NEGATIVE,0.9996355772018433
6181,NEGATIVE,0.999664306640625
6182,NEGATIVE,0.9943273663520813
6183,POSITIVE,0.6601565480232239
6184,POSITIVE,0.9753286838531494
6185,NEGATIVE,0.9895437955856323
6186,NEGATIVE,0.9981595873832703
6187,NEGATIVE,0.9996403455734253
6188,NEGATIVE,0.7254942655563354
6189,POSITIVE,0.7501969933509827
6190,NEGATIVE,0.9987714886665344
6191,NEGATIVE,0.6690120100975037
6192,NEGATIVE,0.9805406928062439
6193,NEGATIVE,0.9749709367752075
6194,NEGATIVE,0.99965500831604
6195,NEGATIVE,0.9798018932342529
6196,NEGATIVE,0.9981303811073303
6197,NEGATIVE,0.999596893787384
6198,NEGATIVE,0.9991521835327148
6199,NEGATIVE,0.9942159056663513
6200,NEGATIVE,0.9997754693031311
6201,NEGATIVE,0.9979634284973145
6202,NEGATIVE,0.9990290403366089
6203,NEGATIVE,0.9976563453674316
6204,NEGATIVE,0.9995655417442322
6205,NEGATIVE,0.9988892674446106
6206,NEGATIVE,0.9992406368255615
6207,NEGATIVE,0.9982283711433411
6208,NEGATIVE,0.9974760413169861
6209,POSITIVE,0.9973824620246887
6210,NEGATIVE,0.9988071918487549
6211,NEGATIVE,0.9974198341369629
6212,NEGATIVE,0.9725330471992493
6213,NEGATIVE,0.9996871948242188
6214,NEGATIVE,0.9912148714065552
6215,NEGATIVE,0.973494291305542
6216,NEGATIVE,0.9997866749763489
6217,NEGATIVE,0.9990228414535522
6218,NEGATIVE,0.9997954964637756
6219,NEGATIVE,0.9994843006134033
6220,POSITIVE,0.9320980906486511
6221,NEGATIVE,0.9997904896736145
6222,NEGATIVE,0.7648590803146362
6223,NEGATIVE,0.9997991919517517
6224,NEGATIVE,0.9996230602264404
6225,NEGATIVE,0.9991208910942078
6226,NEGATIVE,0.9963633418083191
6227,NEGATIVE,0.8173227906227112
6228,NEGATIVE,0.9396255612373352
6229,NEGATIVE,0.9971278309822083
6230,NEGATIVE,0.9988359808921814
6231,NEGATIVE,0.9892382621765137
6232,NEGATIVE,0.9914315938949585
6233,NEGATIVE,0.9997586607933044
6234,NEGATIVE,0.9989221096038818
6235,NEGATIVE,0.752418577671051
6236,NEGATIVE,0.999626636505127
6237,NEGATIVE,0.9841740131378174
6238,NEGATIVE,0.9948174357414246
6239,NEGATIVE,0.996468186378479
6240,NEGATIVE,0.9996310472488403
6241,NEGATIVE,0.9861964583396912
6242,NEGATIVE,0.9991276860237122
6243,NEGATIVE,0.9111029505729675
6244,NEGATIVE,0.9995193481445312
6245,NEGATIVE,0.9995367527008057
6246,NEGATIVE,0.9995916485786438
6247,NEGATIVE,0.9994914531707764
6248,NEGATIVE,0.9898982644081116
6249,NEGATIVE,0.9985212683677673
6250,NEGATIVE,0.9996402263641357
6251,NEGATIVE,0.9843056201934814
6252,NEGATIVE,0.9896281957626343
6253,NEGATIVE,0.9968299269676208
6254,NEGATIVE,0.9996103644371033
6255,NEGATIVE,0.9856971502304077
6256,NEGATIVE,0.9996633529663086
6257,NEGATIVE,0.9973469972610474
6258,NEGATIVE,0.9985508322715759
6259,POSITIVE,0.5229848027229309
6260,NEGATIVE,0.9997642636299133
6261,POSITIVE,0.6308066248893738
6262,NEGATIVE,0.9987579584121704
6263,NEGATIVE,0.9956315755844116
6264,NEGATIVE,0.7907903790473938
6265,NEGATIVE,0.9987077713012695
6266,NEGATIVE,0.9995299577713013
6267,NEGATIVE,0.577623724937439
6268,NEGATIVE,0.9979339838027954
6269,NEGATIVE,0.9993120431900024
6270,NEGATIVE,0.9997780919075012
6271,NEGATIVE,0.9955020546913147
6272,NEGATIVE,0.9968602657318115
6273,NEGATIVE,0.9998067021369934
6274,NEGATIVE,0.9982444047927856
6275,NEGATIVE,0.9993473887443542
6276,NEGATIVE,0.8700732588768005
6277,NEGATIVE,0.9997953772544861
6278,NEGATIVE,0.9972825050354004
6279,NEGATIVE,0.9924363493919373
6280,NEGATIVE,0.9734043478965759
6281,NEGATIVE,0.9978693723678589
6282,NEGATIVE,0.9997712969779968
6283,NEGATIVE,0.9891024827957153
6284,NEGATIVE,0.9998106360435486
6285,NEGATIVE,0.9997703433036804
6286,NEGATIVE,0.99947589635849
6287,NEGATIVE,0.9987698197364807
6288,NEGATIVE,0.9977411031723022
6289,NEGATIVE,0.9995077848434448
6290,NEGATIVE,0.9990164041519165
6291,NEGATIVE,0.998762845993042
6292,NEGATIVE,0.9732562899589539
6293,NEGATIVE,0.9078213572502136
6294,NEGATIVE,0.9988731741905212
6295,NEGATIVE,0.997610330581665
6296,NEGATIVE,0.9997487664222717
6297,NEGATIVE,0.9977929592132568
6298,NEGATIVE,0.9995606541633606
6299,NEGATIVE,0.9996298551559448
6300,NEGATIVE,0.9954603314399719
6301,NEGATIVE,0.9995318651199341
6302,NEGATIVE,0.9928960204124451
6303,NEGATIVE,0.9911203980445862
6304,NEGATIVE,0.99919193983078
6305,NEGATIVE,0.9867647886276245
6306,NEGATIVE,0.9976141452789307
6307,NEGATIVE,0.9898844957351685
6308,NEGATIVE,0.9941998720169067
6309,NEGATIVE,0.9997594952583313
6310,NEGATIVE,0.9997313618659973
6311,POSITIVE,0.5035096406936646
6312,NEGATIVE,0.5207738280296326
6313,NEGATIVE,0.9958292841911316
6314,NEGATIVE,0.999218225479126
6315,NEGATIVE,0.9997294545173645
6316,NEGATIVE,0.9994113445281982
6317,NEGATIVE,0.998503565788269
6318,NEGATIVE,0.9997348189353943
6319,POSITIVE,0.9959367513656616
6320,NEGATIVE,0.9223161339759827
6321,NEGATIVE,0.9974404573440552
6322,NEGATIVE,0.9998095631599426
6323,NEGATIVE,0.8754199743270874
6324,NEGATIVE,0.9987934827804565
6325,NEGATIVE,0.6224192380905151
6326,NEGATIVE,0.9996042847633362
6327,NEGATIVE,0.9997825026512146
6328,NEGATIVE,0.998958945274353
6329,NEGATIVE,0.9967324733734131
6330,NEGATIVE,0.9832897186279297
6331,NEGATIVE,0.9980156421661377
6332,NEGATIVE,0.9855207800865173
6333,NEGATIVE,0.9837840795516968
6334,NEGATIVE,0.9981191754341125
6335,NEGATIVE,0.998736560344696
6336,POSITIVE,0.9874753355979919
6337,NEGATIVE,0.9997369647026062
6338,NEGATIVE,0.9980103373527527
6339,NEGATIVE,0.9997022747993469
6340,NEGATIVE,0.9989468455314636
6341,NEGATIVE,0.9974547028541565
6342,POSITIVE,0.6623777151107788
6343,POSITIVE,0.9908588528633118
6344,NEGATIVE,0.9918555021286011
6345,POSITIVE,0.999237060546875
6346,NEGATIVE,0.9997865557670593
6347,POSITIVE,0.9973242282867432
6348,NEGATIVE,0.9987353682518005
6349,NEGATIVE,0.9931000471115112
6350,NEGATIVE,0.9994314312934875
6351,NEGATIVE,0.9883204698562622
6352,NEGATIVE,0.9994631409645081
6353,NEGATIVE,0.9996650218963623
6354,NEGATIVE,0.997289776802063
6355,NEGATIVE,0.9996548891067505
6356,NEGATIVE,0.9994390606880188
6357,NEGATIVE,0.9985477328300476
6358,NEGATIVE,0.9983365535736084
6359,NEGATIVE,0.9641870856285095
6360,NEGATIVE,0.999498724937439
6361,NEGATIVE,0.9996311664581299
6362,NEGATIVE,0.9930532574653625
6363,NEGATIVE,0.9991598129272461
6364,NEGATIVE,0.998683750629425
6365,NEGATIVE,0.9940934777259827
6366,POSITIVE,0.9922971129417419
6367,POSITIVE,0.9791826605796814
6368,NEGATIVE,0.9896492958068848
6369,POSITIVE,0.9833435416221619
6370,POSITIVE,0.9920833110809326
6371,NEGATIVE,0.9926987290382385
6372,NEGATIVE,0.9979939460754395
6373,NEGATIVE,0.9994217157363892
6374,NEGATIVE,0.9974640607833862
6375,NEGATIVE,0.9980095028877258
6376,NEGATIVE,0.9986931681632996
6377,NEGATIVE,0.9998021721839905
6378,NEGATIVE,0.9997628331184387
6379,NEGATIVE,0.9961749315261841
6380,NEGATIVE,0.9921035766601562
6381,NEGATIVE,0.9996812343597412
6382,NEGATIVE,0.9990216493606567
6383,POSITIVE,0.9746801257133484
6384,NEGATIVE,0.9996570348739624
6385,NEGATIVE,0.9981599450111389
6386,NEGATIVE,0.9988440275192261
6387,NEGATIVE,0.9996285438537598
6388,NEGATIVE,0.9996442794799805
6389,NEGATIVE,0.9992484450340271
6390,NEGATIVE,0.9861645102500916
6391,NEGATIVE,0.9992746710777283
6392,NEGATIVE,0.997118353843689
6393,NEGATIVE,0.927494466304779
6394,NEGATIVE,0.9997560381889343
6395,NEGATIVE,0.9993364214897156
6396,NEGATIVE,0.993691086769104
6397,NEGATIVE,0.9997699856758118
6398,NEGATIVE,0.9997631907463074
6399,NEGATIVE,0.8941799402236938
6400,NEGATIVE,0.9979255199432373
6401,NEGATIVE,0.9980618357658386
6402,NEGATIVE,0.9997549653053284
6403,NEGATIVE,0.9992533326148987
6404,NEGATIVE,0.9958527088165283
6405,NEGATIVE,0.9797053933143616
6406,POSITIVE,0.9361760020256042
6407,NEGATIVE,0.9996830224990845
6408,NEGATIVE,0.9975264668464661
6409,NEGATIVE,0.9996669292449951
6410,NEGATIVE,0.9960145950317383
6411,NEGATIVE,0.9980427026748657
6412,NEGATIVE,0.9979821443557739
6413,NEGATIVE,0.9988549947738647
6414,NEGATIVE,0.9873346090316772
6415,NEGATIVE,0.9994694590568542
6416,NEGATIVE,0.9984575510025024
6417,POSITIVE,0.7632635235786438
6418,NEGATIVE,0.9851709008216858
6419,NEGATIVE,0.9997574687004089
6420,NEGATIVE,0.9984579086303711
6421,NEGATIVE,0.9937141537666321
6422,NEGATIVE,0.9973607659339905
6423,NEGATIVE,0.998604953289032
6424,NEGATIVE,0.9996424913406372
6425,NEGATIVE,0.9994502663612366
6426,NEGATIVE,0.9996746778488159
6427,NEGATIVE,0.9979263544082642
6428,NEGATIVE,0.9964146614074707
6429,NEGATIVE,0.999024510383606
6430,NEGATIVE,0.9970571994781494
6431,NEGATIVE,0.9996989965438843
6432,NEGATIVE,0.9965103268623352
6433,NEGATIVE,0.9958958625793457
6434,NEGATIVE,0.9977647066116333
6435,NEGATIVE,0.996705949306488
6436,NEGATIVE,0.9775020480155945
6437,NEGATIVE,0.9967671632766724
6438,NEGATIVE,0.9986119270324707
6439,NEGATIVE,0.9982898831367493
6440,NEGATIVE,0.9700932502746582
6441,NEGATIVE,0.999808132648468
6442,NEGATIVE,0.998461127281189
6443,NEGATIVE,0.9887096285820007
6444,NEGATIVE,0.9985575079917908
6445,NEGATIVE,0.9996728897094727
6446,NEGATIVE,0.9993671774864197
6447,NEGATIVE,0.9965246319770813
6448,NEGATIVE,0.9992371797561646
6449,NEGATIVE,0.997820258140564
6450,NEGATIVE,0.9108849167823792
6451,NEGATIVE,0.995938777923584
6452,NEGATIVE,0.9960601925849915
6453,POSITIVE,0.9596750736236572
6454,NEGATIVE,0.9988278746604919
6455,NEGATIVE,0.9921114444732666
6456,NEGATIVE,0.9997807145118713
6457,NEGATIVE,0.9995446801185608
6458,NEGATIVE,0.9615243673324585
6459,NEGATIVE,0.9992659687995911
6460,NEGATIVE,0.9983794689178467
6461,NEGATIVE,0.6283565759658813
6462,NEGATIVE,0.9997292160987854
6463,NEGATIVE,0.9997751116752625
6464,POSITIVE,0.9299083948135376
6465,NEGATIVE,0.9380848407745361
6466,NEGATIVE,0.9978379607200623
6467,NEGATIVE,0.9445909261703491
6468,NEGATIVE,0.9973887801170349
6469,NEGATIVE,0.9995006322860718
6470,NEGATIVE,0.9828823804855347
6471,NEGATIVE,0.9976274371147156
6472,NEGATIVE,0.998331606388092
6473,NEGATIVE,0.9987689852714539
6474,NEGATIVE,0.9994799494743347
6475,NEGATIVE,0.9992625117301941
6476,NEGATIVE,0.9996224641799927
6477,NEGATIVE,0.9997333884239197
6478,NEGATIVE,0.987708330154419
6479,NEGATIVE,0.9997077584266663
6480,NEGATIVE,0.9958040118217468
6481,NEGATIVE,0.9997405409812927
6482,NEGATIVE,0.9955326318740845
6483,NEGATIVE,0.9996670484542847
6484,POSITIVE,0.5810464024543762
6485,NEGATIVE,0.9996656179428101
6486,NEGATIVE,0.9997057318687439
6487,NEGATIVE,0.9042425751686096
6488,NEGATIVE,0.9997273087501526
6489,POSITIVE,0.9602177143096924
6490,NEGATIVE,0.9898451566696167
6491,NEGATIVE,0.9997733235359192
6492,NEGATIVE,0.9981496334075928
6493,POSITIVE,0.995814859867096
6494,NEGATIVE,0.9969514608383179
6495,POSITIVE,0.9914301037788391
6496,POSITIVE,0.9816774725914001
6497,NEGATIVE,0.9997419714927673
6498,NEGATIVE,0.9965682029724121
6499,NEGATIVE,0.9978280663490295
6500,POSITIVE,0.9009350538253784
6501,POSITIVE,0.9915517568588257
6502,NEGATIVE,0.9894143342971802
6503,NEGATIVE,0.9997144341468811
6504,POSITIVE,0.9996734857559204
6505,NEGATIVE,0.9994439482688904
6506,NEGATIVE,0.9986106157302856
6507,NEGATIVE,0.991916835308075
6508,NEGATIVE,0.9849479794502258
6509,NEGATIVE,0.9976571798324585
6510,NEGATIVE,0.9994664788246155
6511,NEGATIVE,0.9963868856430054
6512,NEGATIVE,0.9988536834716797
6513,NEGATIVE,0.9988871216773987
6514,POSITIVE,0.9950060248374939
6515,NEGATIVE,0.9995157718658447
6516,NEGATIVE,0.8066040873527527
6517,NEGATIVE,0.9997250437736511
6518,NEGATIVE,0.9566854238510132
6519,NEGATIVE,0.9940599203109741
6520,NEGATIVE,0.9987047910690308
6521,NEGATIVE,0.9997280240058899
6522,NEGATIVE,0.999729335308075
6523,NEGATIVE,0.9973324537277222
6524,NEGATIVE,0.9997424483299255
6525,NEGATIVE,0.9993751645088196
6526,NEGATIVE,0.989953875541687
6527,NEGATIVE,0.9959563612937927
6528,NEGATIVE,0.9992766976356506
6529,NEGATIVE,0.9972021579742432
6530,NEGATIVE,0.9977765679359436
6531,NEGATIVE,0.9997186064720154
6532,NEGATIVE,0.9704771041870117
6533,NEGATIVE,0.9926950931549072
6534,NEGATIVE,0.9966268539428711
6535,NEGATIVE,0.9991732239723206
6536,NEGATIVE,0.988287627696991
6537,POSITIVE,0.9375070929527283
6538,NEGATIVE,0.9983490705490112
6539,NEGATIVE,0.9996249675750732
6540,NEGATIVE,0.9996644258499146
6541,NEGATIVE,0.9899775981903076
6542,POSITIVE,0.9952059388160706
6543,NEGATIVE,0.9991766810417175
6544,NEGATIVE,0.999640703201294
6545,NEGATIVE,0.9996980428695679
6546,NEGATIVE,0.9976845979690552
6547,NEGATIVE,0.9997683167457581
6548,NEGATIVE,0.9997696280479431
6549,NEGATIVE,0.9954631924629211
6550,NEGATIVE,0.992908239364624
6551,NEGATIVE,0.9968187808990479
6552,NEGATIVE,0.9951194524765015
6553,NEGATIVE,0.9955233335494995
6554,NEGATIVE,0.9996010661125183
6555,NEGATIVE,0.9994828701019287
6556,NEGATIVE,0.9987945556640625
6557,NEGATIVE,0.9965810179710388
6558,NEGATIVE,0.9992893934249878
6559,NEGATIVE,0.9893982410430908
6560,NEGATIVE,0.9885854125022888
6561,NEGATIVE,0.9787866473197937
6562,NEGATIVE,0.9927465319633484
6563,NEGATIVE,0.848551332950592
6564,NEGATIVE,0.9862268567085266
6565,NEGATIVE,0.9985542893409729
6566,NEGATIVE,0.9983293414115906
6567,POSITIVE,0.838606059551239
6568,NEGATIVE,0.9996908903121948
6569,NEGATIVE,0.9987767338752747
6570,NEGATIVE,0.9994091987609863
6571,NEGATIVE,0.9995415210723877
6572,NEGATIVE,0.9997590184211731
6573,NEGATIVE,0.9913057684898376
6574,NEGATIVE,0.9960475564002991
6575,NEGATIVE,0.9966294169425964
6576,NEGATIVE,0.9992033839225769
6577,NEGATIVE,0.5251431465148926
6578,NEGATIVE,0.9942345023155212
6579,NEGATIVE,0.9787222743034363
6580,NEGATIVE,0.9996405839920044
6581,NEGATIVE,0.9960511326789856
6582,NEGATIVE,0.9677678942680359
6583,NEGATIVE,0.5979553461074829
6584,NEGATIVE,0.9986478686332703
6585,NEGATIVE,0.9720228910446167
6586,NEGATIVE,0.9981482028961182
6587,NEGATIVE,0.9971039891242981
6588,NEGATIVE,0.9992108345031738
6589,NEGATIVE,0.9995967745780945
6590,NEGATIVE,0.9993923902511597
6591,NEGATIVE,0.9931897521018982
6592,NEGATIVE,0.9979621171951294
6593,NEGATIVE,0.9997575879096985
6594,NEGATIVE,0.994397759437561
6595,NEGATIVE,0.9997554421424866
6596,NEGATIVE,0.9996718168258667
6597,POSITIVE,0.9803604483604431
6598,NEGATIVE,0.9996812343597412
6599,NEGATIVE,0.9949068427085876
6600,NEGATIVE,0.9756776094436646
6601,NEGATIVE,0.9989027976989746
6602,NEGATIVE,0.9940989017486572
6603,NEGATIVE,0.9989965558052063
6604,NEGATIVE,0.9969490170478821
6605,NEGATIVE,0.9995452761650085
6606,NEGATIVE,0.9994226694107056
6607,NEGATIVE,0.9888090491294861
6608,NEGATIVE,0.9975571632385254
6609,NEGATIVE,0.9947059750556946
6610,NEGATIVE,0.9995563626289368
6611,NEGATIVE,0.9917474985122681
6612,NEGATIVE,0.9978076815605164
6613,NEGATIVE,0.9990228414535522
6614,NEGATIVE,0.9990033507347107
6615,NEGATIVE,0.9962021708488464
6616,NEGATIVE,0.9963597655296326
6617,NEGATIVE,0.9979605674743652
6618,NEGATIVE,0.9877399802207947
6619,NEGATIVE,0.999636173248291
6620,NEGATIVE,0.9996330738067627
6621,NEGATIVE,0.9997871518135071
6622,NEGATIVE,0.9977831244468689
6623,NEGATIVE,0.9968271851539612
6624,POSITIVE,0.9899418950080872
6625,NEGATIVE,0.999660849571228
6626,NEGATIVE,0.9994271993637085
6627,NEGATIVE,0.9984045624732971
6628,NEGATIVE,0.9978620409965515
6629,POSITIVE,0.9724368453025818
6630,NEGATIVE,0.9972777962684631
6631,NEGATIVE,0.9985645413398743
6632,NEGATIVE,0.9992409944534302
6633,NEGATIVE,0.9996870756149292
6634,NEGATIVE,0.9800806045532227
6635,NEGATIVE,0.993170976638794
6636,NEGATIVE,0.999578058719635
6637,NEGATIVE,0.9997579455375671
6638,NEGATIVE,0.9982097148895264
6639,NEGATIVE,0.9981639981269836
6640,POSITIVE,0.5667946338653564
6641,NEGATIVE,0.998664140701294
6642,NEGATIVE,0.956899106502533
6643,NEGATIVE,0.9971843361854553
6644,NEGATIVE,0.9987457990646362
6645,NEGATIVE,0.7523446083068848
6646,NEGATIVE,0.9989171028137207
6647,NEGATIVE,0.9978023171424866
6648,NEGATIVE,0.9987886548042297
6649,NEGATIVE,0.9992154836654663
6650,NEGATIVE,0.9993789196014404
6651,NEGATIVE,0.9998075366020203
6652,NEGATIVE,0.9833803176879883
6653,NEGATIVE,0.9981285929679871
6654,NEGATIVE,0.9963744282722473
6655,NEGATIVE,0.9996265172958374
6656,NEGATIVE,0.976998507976532
6657,NEGATIVE,0.9984788298606873
6658,NEGATIVE,0.9992913007736206
6659,NEGATIVE,0.901996374130249
6660,NEGATIVE,0.9985982775688171
6661,NEGATIVE,0.9995238780975342
6662,NEGATIVE,0.9997953772544861
6663,NEGATIVE,0.9995840191841125
6664,NEGATIVE,0.9995961785316467
6665,NEGATIVE,0.9996442794799805
6666,NEGATIVE,0.9992572665214539
6667,NEGATIVE,0.9993159770965576
6668,NEGATIVE,0.9977967739105225
6669,NEGATIVE,0.9997443556785583
6670,NEGATIVE,0.9838356971740723
6671,NEGATIVE,0.9984984397888184
6672,NEGATIVE,0.998204231262207
6673,NEGATIVE,0.9980046153068542
6674,NEGATIVE,0.9998038411140442
6675,NEGATIVE,0.99955815076828
6676,NEGATIVE,0.9997158646583557
6677,NEGATIVE,0.9978456497192383
6678,NEGATIVE,0.997916042804718
6679,NEGATIVE,0.8117482662200928
6680,NEGATIVE,0.9972063899040222
6681,NEGATIVE,0.9982621073722839
6682,NEGATIVE,0.9988937973976135
6683,NEGATIVE,0.9973040819168091
6684,NEGATIVE,0.9975698590278625
6685,NEGATIVE,0.997733473777771
6686,NEGATIVE,0.9984622001647949
6687,NEGATIVE,0.6042096614837646
6688,NEGATIVE,0.9802634119987488
6689,NEGATIVE,0.9623796343803406
6690,NEGATIVE,0.9993689656257629
6691,NEGATIVE,0.9971326589584351
6692,NEGATIVE,0.9978563189506531
6693,NEGATIVE,0.9994975328445435
6694,NEGATIVE,0.9986347556114197
6695,NEGATIVE,0.9997990727424622
6696,NEGATIVE,0.9996547698974609
6697,POSITIVE,0.9985690116882324
6698,NEGATIVE,0.9995424747467041
6699,NEGATIVE,0.9990398287773132
6700,NEGATIVE,0.9996753931045532
6701,NEGATIVE,0.9924904704093933
6702,NEGATIVE,0.978690505027771
6703,POSITIVE,0.9966825842857361
6704,NEGATIVE,0.9741886854171753
6705,NEGATIVE,0.9975296854972839
6706,NEGATIVE,0.999678373336792
6707,POSITIVE,0.9834306240081787
6708,NEGATIVE,0.9982495903968811
6709,NEGATIVE,0.9973801970481873
6710,NEGATIVE,0.9987834095954895
6711,NEGATIVE,0.9979076385498047
6712,NEGATIVE,0.9990963935852051
6713,POSITIVE,0.998776376247406
6714,NEGATIVE,0.9972550272941589
6715,NEGATIVE,0.9996101260185242
6716,NEGATIVE,0.9940675497055054
6717,NEGATIVE,0.9996721744537354
6718,NEGATIVE,0.9997350573539734
6719,NEGATIVE,0.996296226978302
6720,NEGATIVE,0.99580979347229
6721,NEGATIVE,0.920403778553009
6722,NEGATIVE,0.9964272379875183
6723,NEGATIVE,0.9975773692131042
6724,NEGATIVE,0.999698281288147
6725,NEGATIVE,0.9718974232673645
6726,NEGATIVE,0.9997723698616028
6727,NEGATIVE,0.9895340800285339
6728,NEGATIVE,0.999717652797699
6729,NEGATIVE,0.9992930889129639
6730,NEGATIVE,0.999703586101532
6731,NEGATIVE,0.9984341263771057
6732,NEGATIVE,0.9955553412437439
6733,NEGATIVE,0.9954580068588257
6734,NEGATIVE,0.9927411079406738
6735,POSITIVE,0.9985051155090332
6736,NEGATIVE,0.9976020455360413
6737,NEGATIVE,0.9957243204116821
6738,NEGATIVE,0.9977909326553345
6739,NEGATIVE,0.999291181564331
6740,NEGATIVE,0.9991291165351868
6741,NEGATIVE,0.9990429282188416
6742,POSITIVE,0.9236214756965637
6743,NEGATIVE,0.9892250895500183
6744,NEGATIVE,0.9975482821464539
6745,NEGATIVE,0.9934892654418945
6746,NEGATIVE,0.9956651329994202
6747,NEGATIVE,0.9990547299385071
6748,NEGATIVE,0.9997714161872864
6749,NEGATIVE,0.694075882434845
6750,NEGATIVE,0.9997590184211731
6751,POSITIVE,0.9993645548820496
6752,NEGATIVE,0.9994396567344666
6753,NEGATIVE,0.9996802806854248
6754,NEGATIVE,0.9997459053993225
6755,NEGATIVE,0.999433696269989
6756,NEGATIVE,0.999576985836029
6757,NEGATIVE,0.983747661113739
6758,NEGATIVE,0.8397415280342102
6759,NEGATIVE,0.9522495269775391
6760,NEGATIVE,0.9996103644371033
6761,NEGATIVE,0.9989758729934692
6762,NEGATIVE,0.998705267906189
6763,NEGATIVE,0.9978330731391907
6764,NEGATIVE,0.9976558685302734
6765,NEGATIVE,0.9996144771575928
6766,NEGATIVE,0.9997386336326599
6767,NEGATIVE,0.9997249245643616
6768,NEGATIVE,0.9978265166282654
6769,NEGATIVE,0.9995571970939636
6770,NEGATIVE,0.9763380885124207
6771,NEGATIVE,0.9953778982162476
6772,NEGATIVE,0.9987156391143799
6773,NEGATIVE,0.9996442794799805
6774,NEGATIVE,0.9991200566291809
6775,NEGATIVE,0.9992671608924866
6776,NEGATIVE,0.9968253374099731
6777,NEGATIVE,0.9997454285621643
6778,NEGATIVE,0.9993316531181335
6779,NEGATIVE,0.9989332556724548
6780,NEGATIVE,0.9917148947715759
6781,NEGATIVE,0.9976430535316467
6782,NEGATIVE,0.9959620833396912
6783,NEGATIVE,0.99953293800354
6784,NEGATIVE,0.9996252059936523
6785,POSITIVE,0.9900993704795837
6786,NEGATIVE,0.9974269270896912
6787,NEGATIVE,0.9954057931900024
6788,NEGATIVE,0.9975777268409729
6789,NEGATIVE,0.999657154083252
6790,NEGATIVE,0.9989537000656128
6791,NEGATIVE,0.9955171942710876
6792,NEGATIVE,0.9973602890968323
6793,NEGATIVE,0.9987548589706421
6794,NEGATIVE,0.9997356534004211
6795,NEGATIVE,0.9949654936790466
6796,NEGATIVE,0.9995182752609253
6797,NEGATIVE,0.9997408986091614
6798,NEGATIVE,0.9971334934234619
6799,NEGATIVE,0.959872305393219
6800,NEGATIVE,0.998250424861908
6801,NEGATIVE,0.9994193315505981
6802,NEGATIVE,0.6368854641914368
6803,NEGATIVE,0.9686816930770874
6804,POSITIVE,0.9907427430152893
6805,NEGATIVE,0.9972374439239502
6806,NEGATIVE,0.6019777655601501
6807,NEGATIVE,0.9885419607162476
6808,POSITIVE,0.6025899648666382
6809,NEGATIVE,0.9570922255516052
6810,NEGATIVE,0.9991686344146729
6811,NEGATIVE,0.9987976551055908
6812,NEGATIVE,0.9982909560203552
6813,NEGATIVE,0.9992948770523071
6814,NEGATIVE,0.9989995360374451
6815,NEGATIVE,0.9995298385620117
6816,NEGATIVE,0.9996935129165649
6817,NEGATIVE,0.9926268458366394
6818,NEGATIVE,0.6873480081558228
6819,POSITIVE,0.8304374814033508
6820,NEGATIVE,0.9997565150260925
6821,NEGATIVE,0.9981854557991028
6822,NEGATIVE,0.9996606111526489
6823,NEGATIVE,0.9975302815437317
6824,NEGATIVE,0.9807499051094055
6825,POSITIVE,0.7529858946800232
6826,NEGATIVE,0.9975080490112305
6827,NEGATIVE,0.9993383288383484
6828,NEGATIVE,0.6880780458450317
6829,NEGATIVE,0.9997497200965881
6830,NEGATIVE,0.9993220567703247
6831,NEGATIVE,0.9972735047340393
6832,NEGATIVE,0.6520090699195862
6833,NEGATIVE,0.9993743300437927
6834,NEGATIVE,0.999273955821991
6835,NEGATIVE,0.7756919860839844
6836,NEGATIVE,0.9996538162231445
6837,NEGATIVE,0.9969011545181274
6838,NEGATIVE,0.9896399974822998
6839,NEGATIVE,0.9996415376663208
6840,POSITIVE,0.7190382480621338
6841,NEGATIVE,0.9925258159637451
6842,POSITIVE,0.7917517423629761
6843,NEGATIVE,0.9996763467788696
6844,POSITIVE,0.9996047616004944
6845,NEGATIVE,0.9989678859710693
6846,NEGATIVE,0.9971006512641907
6847,NEGATIVE,0.9996938705444336
6848,NEGATIVE,0.9997127652168274
6849,NEGATIVE,0.9909725189208984
6850,NEGATIVE,0.993198573589325
6851,NEGATIVE,0.9959915280342102
6852,NEGATIVE,0.9992011189460754
6853,NEGATIVE,0.9914522171020508
6854,NEGATIVE,0.9952399730682373
6855,POSITIVE,0.9976930022239685
6856,NEGATIVE,0.9995288848876953
6857,NEGATIVE,0.9970797896385193
6858,NEGATIVE,0.9419810771942139
6859,NEGATIVE,0.6571401357650757
6860,NEGATIVE,0.999792754650116
6861,NEGATIVE,0.9997132420539856
6862,NEGATIVE,0.9941216111183167
6863,NEGATIVE,0.991851270198822
6864,NEGATIVE,0.9996830224990845
6865,NEGATIVE,0.9930893778800964
6866,NEGATIVE,0.9985455274581909
6867,NEGATIVE,0.9980834722518921
6868,NEGATIVE,0.9990637898445129
6869,POSITIVE,0.9841559529304504
6870,NEGATIVE,0.997490406036377
6871,NEGATIVE,0.9997846484184265
6872,NEGATIVE,0.9912551641464233
6873,NEGATIVE,0.9995229244232178
6874,NEGATIVE,0.9994288086891174
6875,NEGATIVE,0.9956294298171997
6876,NEGATIVE,0.9997376799583435
6877,POSITIVE,0.9964446425437927
6878,NEGATIVE,0.9996125102043152
6879,NEGATIVE,0.982761800289154
6880,NEGATIVE,0.9772199988365173
6881,NEGATIVE,0.9984038472175598
6882,NEGATIVE,0.9978846907615662
6883,POSITIVE,0.9782809019088745
6884,NEGATIVE,0.9991366267204285
6885,NEGATIVE,0.9965962767601013
6886,NEGATIVE,0.9948497414588928
6887,NEGATIVE,0.9997151494026184
6888,NEGATIVE,0.989620566368103
6889,NEGATIVE,0.9996700286865234
6890,NEGATIVE,0.9981847405433655
6891,POSITIVE,0.9988817572593689
6892,NEGATIVE,0.994339644908905
6893,NEGATIVE,0.9897320866584778
6894,NEGATIVE,0.9956145286560059
6895,NEGATIVE,0.9987952709197998
6896,NEGATIVE,0.9668362736701965
6897,NEGATIVE,0.9993361830711365
6898,NEGATIVE,0.9543886780738831
6899,NEGATIVE,0.9970968961715698
6900,NEGATIVE,0.9994158744812012
6901,NEGATIVE,0.9985368251800537
6902,NEGATIVE,0.9994543194770813
6903,NEGATIVE,0.9989173412322998
6904,NEGATIVE,0.9984490871429443
6905,NEGATIVE,0.9968119263648987
6906,NEGATIVE,0.9983835220336914
6907,NEGATIVE,0.9963514804840088
6908,NEGATIVE,0.9970616698265076
6909,NEGATIVE,0.9950639605522156
6910,NEGATIVE,0.9988840222358704
6911,NEGATIVE,0.9822173714637756
6912,NEGATIVE,0.9982495903968811
6913,NEGATIVE,0.9989812970161438
6914,NEGATIVE,0.9990249872207642
6915,NEGATIVE,0.9975817203521729
6916,NEGATIVE,0.9996857643127441
6917,NEGATIVE,0.9978955984115601
6918,NEGATIVE,0.9980542659759521
6919,NEGATIVE,0.9406164884567261
6920,NEGATIVE,0.9995793700218201
6921,NEGATIVE,0.9996469020843506
6922,NEGATIVE,0.999472439289093
6923,NEGATIVE,0.999669075012207
6924,POSITIVE,0.9862110018730164
6925,NEGATIVE,0.9990395903587341
6926,NEGATIVE,0.9981706142425537
6927,NEGATIVE,0.9810068011283875
6928,NEGATIVE,0.9991793036460876
6929,NEGATIVE,0.9981340765953064
6930,NEGATIVE,0.9953355193138123
6931,NEGATIVE,0.9907049536705017
6932,NEGATIVE,0.9997954964637756
6933,NEGATIVE,0.6124817132949829
6934,NEGATIVE,0.9995865225791931
6935,NEGATIVE,0.9994727969169617
6936,NEGATIVE,0.9994328618049622
6937,NEGATIVE,0.9993446469306946
6938,NEGATIVE,0.9997491240501404
6939,POSITIVE,0.5637913346290588
6940,NEGATIVE,0.9984832406044006
6941,NEGATIVE,0.9994301199913025
6942,NEGATIVE,0.9987112283706665
6943,NEGATIVE,0.9944918155670166
6944,NEGATIVE,0.9997760653495789
6945,NEGATIVE,0.9972236156463623
6946,NEGATIVE,0.9993939399719238
6947,NEGATIVE,0.9981796741485596
6948,NEGATIVE,0.9996891021728516
6949,NEGATIVE,0.985675036907196
6950,NEGATIVE,0.9990702271461487
6951,NEGATIVE,0.9971989393234253
6952,NEGATIVE,0.9991069436073303
6953,NEGATIVE,0.9995301961898804
6954,NEGATIVE,0.9968922734260559
6955,NEGATIVE,0.9921241402626038
6956,NEGATIVE,0.9981855750083923
6957,NEGATIVE,0.8680957555770874
6958,POSITIVE,0.9357189536094666
6959,NEGATIVE,0.9956176280975342
6960,NEGATIVE,0.9941008687019348
6961,NEGATIVE,0.9996291399002075
6962,NEGATIVE,0.9996753931045532
6963,NEGATIVE,0.9975395202636719
6964,NEGATIVE,0.9967118501663208
6965,NEGATIVE,0.9855424165725708
6966,NEGATIVE,0.9986903071403503
6967,NEGATIVE,0.5961286425590515
6968,NEGATIVE,0.9966051578521729
6969,NEGATIVE,0.98431396484375
6970,NEGATIVE,0.9977952241897583
6971,NEGATIVE,0.9995156526565552
6972,NEGATIVE,0.999224066734314
6973,NEGATIVE,0.9955737590789795
6974,NEGATIVE,0.9996192455291748
6975,NEGATIVE,0.9997263550758362
6976,NEGATIVE,0.9995148181915283
6977,NEGATIVE,0.9957742094993591
6978,NEGATIVE,0.9976123571395874
6979,NEGATIVE,0.9995959401130676
6980,NEGATIVE,0.9997075200080872
6981,NEGATIVE,0.9996040463447571
6982,NEGATIVE,0.9996408224105835
6983,NEGATIVE,0.9984506368637085
6984,NEGATIVE,0.9942356944084167
6985,NEGATIVE,0.9997562766075134
6986,NEGATIVE,0.9997156262397766
6987,NEGATIVE,0.9989905953407288
6988,NEGATIVE,0.9995301961898804
6989,NEGATIVE,0.9985859394073486
6990,POSITIVE,0.7862876653671265
6991,NEGATIVE,0.9915619492530823
6992,NEGATIVE,0.9997023940086365
6993,NEGATIVE,0.9972211122512817
6994,NEGATIVE,0.5288026332855225
6995,NEGATIVE,0.7381613850593567
6996,NEGATIVE,0.8894611597061157
6997,NEGATIVE,0.9996181726455688
6998,NEGATIVE,0.9738010764122009
6999,NEGATIVE,0.9976193308830261
7000,NEGATIVE,0.9997124075889587
7001,NEGATIVE,0.9983715415000916
7002,NEGATIVE,0.9997285008430481
7003,NEGATIVE,0.9991816878318787
7004,NEGATIVE,0.9990332126617432
7005,NEGATIVE,0.9563095569610596
7006,NEGATIVE,0.989448070526123
7007,NEGATIVE,0.9996727705001831
7008,NEGATIVE,0.9996312856674194
7009,NEGATIVE,0.9919084906578064
7010,NEGATIVE,0.999146580696106
7011,NEGATIVE,0.9894401431083679
7012,NEGATIVE,0.9997544884681702
7013,NEGATIVE,0.9946993589401245
7014,NEGATIVE,0.9995778203010559
7015,NEGATIVE,0.9988173842430115
7016,NEGATIVE,0.9989486336708069
7017,NEGATIVE,0.9993746876716614
7018,NEGATIVE,0.9937174320220947
7019,NEGATIVE,0.9995530247688293
7020,NEGATIVE,0.9985190033912659
7021,NEGATIVE,0.9996846914291382
7022,POSITIVE,0.9822210669517517
7023,NEGATIVE,0.996605396270752
7024,NEGATIVE,0.999291181564331
7025,NEGATIVE,0.9986629486083984
7026,POSITIVE,0.9829110503196716
7027,POSITIVE,0.8702420592308044
7028,NEGATIVE,0.9298328757286072
7029,NEGATIVE,0.9978333115577698
7030,NEGATIVE,0.9997292160987854
7031,NEGATIVE,0.9989601373672485
7032,NEGATIVE,0.9989824891090393
7033,POSITIVE,0.8071545362472534
7034,NEGATIVE,0.9967414736747742
7035,POSITIVE,0.9972597360610962
7036,POSITIVE,0.9993023872375488
7037,NEGATIVE,0.9997500777244568
7038,NEGATIVE,0.6469934582710266
7039,NEGATIVE,0.9994101524353027
7040,NEGATIVE,0.9994426369667053
7041,NEGATIVE,0.9719488024711609
7042,NEGATIVE,0.9972715973854065
7043,NEGATIVE,0.9997990727424622
7044,NEGATIVE,0.9926139116287231
7045,NEGATIVE,0.9990561604499817
7046,NEGATIVE,0.9985508322715759
7047,NEGATIVE,0.9857526421546936
7048,NEGATIVE,0.9984083771705627
7049,NEGATIVE,0.9918602108955383
7050,NEGATIVE,0.9997503161430359
7051,NEGATIVE,0.9996139407157898
7052,NEGATIVE,0.9997126460075378
7053,NEGATIVE,0.9997920393943787
7054,NEGATIVE,0.9966239929199219
7055,NEGATIVE,0.9977604150772095
7056,NEGATIVE,0.9988794922828674
7057,POSITIVE,0.9800123572349548
7058,NEGATIVE,0.991108775138855
7059,NEGATIVE,0.9980219602584839
7060,NEGATIVE,0.9968135952949524
7061,NEGATIVE,0.9946523904800415
7062,NEGATIVE,0.999761164188385
7063,NEGATIVE,0.6378415822982788
7064,NEGATIVE,0.9995818734169006
7065,NEGATIVE,0.9990072846412659
7066,NEGATIVE,0.9997698664665222
7067,NEGATIVE,0.7836542129516602
7068,NEGATIVE,0.9949984550476074
7069,POSITIVE,0.9633986949920654
7070,NEGATIVE,0.999764621257782
7071,NEGATIVE,0.9997774958610535
7072,NEGATIVE,0.9973143935203552
7073,NEGATIVE,0.9890314936637878
7074,NEGATIVE,0.9996601343154907
7075,NEGATIVE,0.9997857213020325
7076,NEGATIVE,0.999211311340332
7077,NEGATIVE,0.9949449896812439
7078,NEGATIVE,0.9991756081581116
7079,NEGATIVE,0.9954517483711243
7080,NEGATIVE,0.9945329427719116
7081,NEGATIVE,0.9988082647323608
7082,NEGATIVE,0.9531396627426147
7083,NEGATIVE,0.9987035989761353
7084,NEGATIVE,0.7185482382774353
7085,NEGATIVE,0.9988017082214355
7086,NEGATIVE,0.9995119571685791
7087,NEGATIVE,0.9981887936592102
7088,POSITIVE,0.9352791905403137
7089,POSITIVE,0.5082711577415466
7090,NEGATIVE,0.9962134957313538
7091,NEGATIVE,0.9983287453651428
7092,NEGATIVE,0.9980055689811707
7093,NEGATIVE,0.9997523427009583
7094,NEGATIVE,0.9969491362571716
7095,NEGATIVE,0.9995651841163635
7096,NEGATIVE,0.9994691014289856
7097,NEGATIVE,0.9992420673370361
7098,NEGATIVE,0.9981361627578735
7099,NEGATIVE,0.9997392296791077
7100,NEGATIVE,0.9988946318626404
7101,NEGATIVE,0.9995743632316589
7102,POSITIVE,0.9997128844261169
7103,NEGATIVE,0.9978585839271545
7104,NEGATIVE,0.9991999268531799
7105,NEGATIVE,0.991439938545227
7106,NEGATIVE,0.9986425042152405
7107,NEGATIVE,0.9993305206298828
7108,NEGATIVE,0.9605848789215088
7109,NEGATIVE,0.9997796416282654
7110,NEGATIVE,0.9996128678321838
7111,NEGATIVE,0.9976775050163269
7112,NEGATIVE,0.9853526949882507
7113,NEGATIVE,0.9992927312850952
7114,NEGATIVE,0.9995263814926147
7115,NEGATIVE,0.9989594221115112
7116,NEGATIVE,0.8877262473106384
7117,NEGATIVE,0.9997294545173645
7118,NEGATIVE,0.9941409230232239
7119,NEGATIVE,0.9951881170272827
7120,NEGATIVE,0.8731942772865295
7121,NEGATIVE,0.9997345805168152
7122,POSITIVE,0.9919688105583191
7123,NEGATIVE,0.9991088509559631
7124,NEGATIVE,0.9996192455291748
7125,NEGATIVE,0.9997559189796448
7126,NEGATIVE,0.997776210308075
7127,NEGATIVE,0.9994533658027649
7128,NEGATIVE,0.9981901049613953
7129,NEGATIVE,0.9989781379699707
7130,NEGATIVE,0.9574612379074097
7131,NEGATIVE,0.9322561025619507
7132,NEGATIVE,0.9994705319404602
7133,NEGATIVE,0.9665061831474304
7134,NEGATIVE,0.8832595944404602
7135,NEGATIVE,0.9996529817581177
7136,NEGATIVE,0.9996088147163391
7137,NEGATIVE,0.9543660879135132
7138,NEGATIVE,0.9978358149528503
7139,NEGATIVE,0.9936553239822388
7140,POSITIVE,0.9656998515129089
7141,NEGATIVE,0.9970431923866272
7142,NEGATIVE,0.9936032891273499
7143,NEGATIVE,0.9997879862785339
7144,NEGATIVE,0.9993104934692383
7145,NEGATIVE,0.999539852142334
7146,NEGATIVE,0.9994372725486755
7147,NEGATIVE,0.9996545314788818
7148,NEGATIVE,0.9867267608642578
7149,NEGATIVE,0.9130353331565857
7150,NEGATIVE,0.9952723383903503
7151,NEGATIVE,0.9961209893226624
7152,NEGATIVE,0.9997654557228088
7153,NEGATIVE,0.9996825456619263
7154,NEGATIVE,0.9926719665527344
7155,NEGATIVE,0.9996998310089111
7156,NEGATIVE,0.9994644522666931
7157,NEGATIVE,0.9973192811012268
7158,NEGATIVE,0.9963907599449158
7159,NEGATIVE,0.9990500807762146
7160,NEGATIVE,0.9994983673095703
7161,NEGATIVE,0.9856045842170715
7162,NEGATIVE,0.9953885078430176
7163,NEGATIVE,0.972701370716095
7164,NEGATIVE,0.7917509078979492
7165,NEGATIVE,0.997297465801239
7166,NEGATIVE,0.9991015195846558
7167,NEGATIVE,0.9996421337127686
7168,NEGATIVE,0.9996681213378906
7169,NEGATIVE,0.9997177720069885
7170,NEGATIVE,0.9877424240112305
7171,NEGATIVE,0.9812856912612915
7172,NEGATIVE,0.9997120499610901
7173,NEGATIVE,0.9997289776802063
7174,NEGATIVE,0.9931801557540894
7175,NEGATIVE,0.999711811542511
7176,NEGATIVE,0.9996669292449951
7177,POSITIVE,0.5663062334060669
7178,NEGATIVE,0.99570232629776
7179,NEGATIVE,0.9996955394744873
7180,NEGATIVE,0.99895179271698
7181,NEGATIVE,0.5723291635513306
7182,NEGATIVE,0.9891467094421387
7183,NEGATIVE,0.996681272983551
7184,NEGATIVE,0.9986189603805542
7185,NEGATIVE,0.9988334774971008
7186,NEGATIVE,0.9995773434638977
7187,POSITIVE,0.9934107661247253
7188,NEGATIVE,0.9932396411895752
7189,NEGATIVE,0.9984210729598999
7190,NEGATIVE,0.9995617270469666
7191,NEGATIVE,0.999101996421814
7192,NEGATIVE,0.9983439445495605
7193,NEGATIVE,0.9996963739395142
7194,NEGATIVE,0.9980012774467468
7195,NEGATIVE,0.9997829794883728
7196,NEGATIVE,0.9982948899269104
7197,NEGATIVE,0.9950873255729675
7198,POSITIVE,0.6051151156425476
7199,NEGATIVE,0.996454119682312
7200,NEGATIVE,0.9995604157447815
7201,NEGATIVE,0.9928826093673706
7202,NEGATIVE,0.9846365451812744
7203,NEGATIVE,0.9995821118354797
7204,NEGATIVE,0.9989894032478333
7205,NEGATIVE,0.9995332956314087
7206,POSITIVE,0.6021576523780823
7207,NEGATIVE,0.9952888488769531
7208,NEGATIVE,0.9996390342712402
7209,NEGATIVE,0.9996825456619263
7210,NEGATIVE,0.9980819225311279
7211,NEGATIVE,0.9885490536689758
7212,NEGATIVE,0.9995438456535339
7213,NEGATIVE,0.997912585735321
7214,NEGATIVE,0.996266782283783
7215,NEGATIVE,0.9997308850288391
7216,NEGATIVE,0.9924355149269104
7217,NEGATIVE,0.9979690909385681
7218,NEGATIVE,0.9903795719146729
7219,NEGATIVE,0.8538475036621094
7220,NEGATIVE,0.9890540838241577
7221,NEGATIVE,0.9998064637184143
7222,NEGATIVE,0.999045193195343
7223,POSITIVE,0.9637261629104614
7224,NEGATIVE,0.9964295029640198
7225,NEGATIVE,0.9967142343521118
7226,NEGATIVE,0.999283492565155
7227,NEGATIVE,0.9989262223243713
7228,NEGATIVE,0.9979396462440491
7229,NEGATIVE,0.9997196793556213
7230,NEGATIVE,0.9996438026428223
7231,NEGATIVE,0.9983731508255005
7232,NEGATIVE,0.9945337772369385
7233,NEGATIVE,0.9956602454185486
7234,POSITIVE,0.9980233907699585
7235,NEGATIVE,0.9988299012184143
7236,NEGATIVE,0.999204695224762
7237,NEGATIVE,0.9894633293151855
7238,NEGATIVE,0.997333288192749
7239,NEGATIVE,0.9996298551559448
7240,NEGATIVE,0.9994089603424072
7241,NEGATIVE,0.9996929168701172
7242,NEGATIVE,0.9915665984153748
7243,NEGATIVE,0.9981366395950317
7244,NEGATIVE,0.9996131062507629
7245,NEGATIVE,0.9762331247329712
7246,POSITIVE,0.9306646585464478
7247,NEGATIVE,0.9916222095489502
7248,NEGATIVE,0.9981764554977417
7249,NEGATIVE,0.9997132420539856
7250,NEGATIVE,0.9996761083602905
7251,NEGATIVE,0.7528366446495056
7252,NEGATIVE,0.9987717270851135
7253,NEGATIVE,0.9997652173042297
7254,POSITIVE,0.5377489924430847
7255,POSITIVE,0.979931652545929
7256,NEGATIVE,0.9903579354286194
7257,NEGATIVE,0.9997273087501526
7258,NEGATIVE,0.9992544054985046
7259,NEGATIVE,0.9983945488929749
7260,POSITIVE,0.7806069254875183
7261,NEGATIVE,0.9984996318817139
7262,POSITIVE,0.7809397578239441
7263,NEGATIVE,0.9993543028831482
7264,NEGATIVE,0.9995244741439819
7265,NEGATIVE,0.9997754693031311
7266,NEGATIVE,0.9903806447982788
7267,NEGATIVE,0.9997308850288391
7268,NEGATIVE,0.9997861981391907
7269,NEGATIVE,0.9988142251968384
7270,NEGATIVE,0.9986246824264526
7271,POSITIVE,0.9549262523651123
7272,NEGATIVE,0.9965062737464905
7273,NEGATIVE,0.7114174962043762
7274,NEGATIVE,0.987808346748352
7275,NEGATIVE,0.9960803389549255
7276,NEGATIVE,0.9984221458435059
7277,NEGATIVE,0.9983158111572266
7278,NEGATIVE,0.9995535016059875
7279,NEGATIVE,0.99974125623703
7280,NEGATIVE,0.9996626377105713
7281,NEGATIVE,0.9997517466545105
7282,NEGATIVE,0.9983482360839844
7283,NEGATIVE,0.999452531337738
7284,NEGATIVE,0.9997827410697937
7285,NEGATIVE,0.9991733431816101
7286,POSITIVE,0.9824702143669128
7287,NEGATIVE,0.9996278285980225
7288,NEGATIVE,0.9872735738754272
7289,POSITIVE,0.9996163845062256
7290,NEGATIVE,0.9992994070053101
7291,POSITIVE,0.5243290662765503
7292,POSITIVE,0.975686252117157
7293,NEGATIVE,0.9996155500411987
7294,NEGATIVE,0.9996483325958252
7295,NEGATIVE,0.9995025396347046
7296,NEGATIVE,0.9956660270690918
7297,NEGATIVE,0.9991238713264465
7298,NEGATIVE,0.9915428161621094
7299,NEGATIVE,0.9997804760932922
7300,NEGATIVE,0.9934372305870056
7301,NEGATIVE,0.9995087385177612
7302,NEGATIVE,0.9699690937995911
7303,NEGATIVE,0.9997478127479553
7304,NEGATIVE,0.9998136162757874
7305,NEGATIVE,0.9997677206993103
7306,NEGATIVE,0.9942930936813354
7307,NEGATIVE,0.9992758631706238
7308,NEGATIVE,0.9971596002578735
7309,NEGATIVE,0.9960011839866638
7310,POSITIVE,0.9975224137306213
7311,NEGATIVE,0.9995625615119934
7312,NEGATIVE,0.9983928799629211
7313,NEGATIVE,0.9817279577255249
7314,NEGATIVE,0.9893442392349243
7315,NEGATIVE,0.9963639378547668
7316,NEGATIVE,0.987173318862915
7317,NEGATIVE,0.997559666633606
7318,NEGATIVE,0.9948234558105469
7319,NEGATIVE,0.9997703433036804
7320,POSITIVE,0.9843648672103882
7321,NEGATIVE,0.9987396597862244
7322,NEGATIVE,0.9804043173789978
7323,NEGATIVE,0.9961047172546387
7324,NEGATIVE,0.999782383441925
7325,POSITIVE,0.9975001215934753
7326,POSITIVE,0.9669568538665771
7327,NEGATIVE,0.9996930360794067
7328,NEGATIVE,0.9993990659713745
7329,POSITIVE,0.9733630418777466
7330,NEGATIVE,0.9994097948074341
7331,NEGATIVE,0.9995269775390625
7332,NEGATIVE,0.9991719722747803
7333,NEGATIVE,0.9984460473060608
7334,NEGATIVE,0.9981003403663635
7335,NEGATIVE,0.9989767074584961
7336,NEGATIVE,0.9984862804412842
7337,POSITIVE,0.9970454573631287
7338,NEGATIVE,0.9940882921218872
7339,NEGATIVE,0.9997790455818176
7340,NEGATIVE,0.9976575374603271
7341,NEGATIVE,0.9996682405471802
7342,NEGATIVE,0.9982388019561768
7343,POSITIVE,0.9972147345542908
7344,NEGATIVE,0.9997015595436096
7345,NEGATIVE,0.9974767565727234
7346,NEGATIVE,0.9986804127693176
7347,NEGATIVE,0.9988622665405273
7348,NEGATIVE,0.9997053742408752
7349,NEGATIVE,0.9982119798660278
7350,NEGATIVE,0.9993578791618347
7351,NEGATIVE,0.9987603425979614
7352,NEGATIVE,0.9995408058166504
7353,NEGATIVE,0.9987688660621643
7354,NEGATIVE,0.9992910623550415
7355,NEGATIVE,0.9961666464805603
7356,NEGATIVE,0.9913723468780518
7357,NEGATIVE,0.9994010925292969
7358,NEGATIVE,0.9970692992210388
7359,NEGATIVE,0.9993453621864319
7360,NEGATIVE,0.9964113831520081
7361,NEGATIVE,0.9937347769737244
7362,NEGATIVE,0.9994878768920898
7363,NEGATIVE,0.9997430443763733
7364,NEGATIVE,0.975557804107666
7365,NEGATIVE,0.9029126763343811
7366,NEGATIVE,0.9755605459213257
7367,NEGATIVE,0.9991154074668884
7368,NEGATIVE,0.7304114699363708
7369,NEGATIVE,0.9995997548103333
7370,NEGATIVE,0.9974566102027893
7371,NEGATIVE,0.9983454942703247
7372,NEGATIVE,0.9995467066764832
7373,NEGATIVE,0.999782145023346
7374,NEGATIVE,0.9997666478157043
7375,NEGATIVE,0.9992682337760925
7376,NEGATIVE,0.9923457503318787
7377,NEGATIVE,0.9990409016609192
7378,NEGATIVE,0.9991143345832825
7379,NEGATIVE,0.9941138625144958
7380,NEGATIVE,0.9941171407699585
7381,NEGATIVE,0.9956150054931641
7382,NEGATIVE,0.9997007846832275
7383,NEGATIVE,0.9998062252998352
7384,NEGATIVE,0.9556049704551697
7385,NEGATIVE,0.9973313808441162
7386,NEGATIVE,0.9996920824050903
7387,NEGATIVE,0.9996222257614136
7388,NEGATIVE,0.9930589199066162
7389,NEGATIVE,0.9982473850250244
7390,NEGATIVE,0.9997543692588806
7391,NEGATIVE,0.9926787614822388
7392,NEGATIVE,0.9954148530960083
7393,NEGATIVE,0.9997227787971497
7394,NEGATIVE,0.9994889497756958
7395,NEGATIVE,0.9987384676933289
7396,NEGATIVE,0.9995465874671936
7397,NEGATIVE,0.9977948665618896
7398,NEGATIVE,0.9983760118484497
7399,NEGATIVE,0.9984561204910278
7400,NEGATIVE,0.9996315240859985
7401,NEGATIVE,0.9997802376747131
7402,NEGATIVE,0.9993207454681396
7403,NEGATIVE,0.9995916485786438
7404,NEGATIVE,0.9494621157646179
7405,NEGATIVE,0.9984330534934998
7406,POSITIVE,0.9899302124977112
7407,NEGATIVE,0.9970266222953796
7408,NEGATIVE,0.9989225268363953
7409,NEGATIVE,0.9993732571601868
7410,NEGATIVE,0.7046546936035156
7411,NEGATIVE,0.9993529915809631
7412,NEGATIVE,0.9974274039268494
7413,NEGATIVE,0.9971563816070557
7414,NEGATIVE,0.9997732043266296
7415,NEGATIVE,0.970274806022644
7416,NEGATIVE,0.9974074959754944
7417,NEGATIVE,0.9903774857521057
7418,NEGATIVE,0.9719405770301819
7419,NEGATIVE,0.9990178346633911
7420,NEGATIVE,0.9877212643623352
7421,NEGATIVE,0.9967479705810547
7422,NEGATIVE,0.9976298809051514
7423,NEGATIVE,0.9959675073623657
7424,POSITIVE,0.9769192337989807
7425,NEGATIVE,0.9996482133865356
7426,NEGATIVE,0.9988712668418884
7427,NEGATIVE,0.9996318817138672
7428,NEGATIVE,0.9950697422027588
7429,NEGATIVE,0.9996402263641357
7430,POSITIVE,0.8953785300254822
7431,NEGATIVE,0.9997698664665222
7432,NEGATIVE,0.9997795224189758
7433,NEGATIVE,0.9995148181915283
7434,NEGATIVE,0.9960529804229736
7435,NEGATIVE,0.9955216646194458
7436,NEGATIVE,0.9990717172622681
7437,NEGATIVE,0.9990758895874023
7438,NEGATIVE,0.9988503456115723
7439,NEGATIVE,0.9987213015556335
7440,NEGATIVE,0.9996658563613892
7441,NEGATIVE,0.7972671389579773
7442,NEGATIVE,0.9958930015563965
7443,NEGATIVE,0.999618411064148
7444,NEGATIVE,0.9898366332054138
7445,NEGATIVE,0.9988294243812561
7446,NEGATIVE,0.999764621257782
7447,NEGATIVE,0.9996497631072998
7448,NEGATIVE,0.9624577164649963
7449,POSITIVE,0.9943438768386841
7450,NEGATIVE,0.999771773815155
7451,POSITIVE,0.5226146578788757
7452,NEGATIVE,0.9988951086997986
7453,NEGATIVE,0.9990696310997009
7454,NEGATIVE,0.9980307221412659
7455,NEGATIVE,0.9926142692565918
7456,NEGATIVE,0.9965698719024658
7457,POSITIVE,0.941254198551178
7458,NEGATIVE,0.7661314606666565
7459,NEGATIVE,0.9997473359107971
7460,NEGATIVE,0.9966945648193359
7461,NEGATIVE,0.9989643096923828
7462,NEGATIVE,0.9951395988464355
7463,NEGATIVE,0.9996155500411987
7464,NEGATIVE,0.9995914101600647
7465,NEGATIVE,0.99817955493927
7466,NEGATIVE,0.9854913949966431
7467,NEGATIVE,0.9989383816719055
7468,NEGATIVE,0.9920825958251953
7469,NEGATIVE,0.996757447719574
7470,NEGATIVE,0.9989683628082275
7471,NEGATIVE,0.9973416924476624
7472,NEGATIVE,0.9991492033004761
7473,NEGATIVE,0.9989274144172668
7474,NEGATIVE,0.9997400641441345
7475,NEGATIVE,0.9940695762634277
7476,NEGATIVE,0.9964877367019653
7477,NEGATIVE,0.9967095851898193
7478,NEGATIVE,0.9986538887023926
7479,NEGATIVE,0.9903759360313416
7480,NEGATIVE,0.999657154083252
7481,NEGATIVE,0.9992733597755432
7482,NEGATIVE,0.9987589120864868
7483,POSITIVE,0.9829728603363037
7484,NEGATIVE,0.9956026077270508
7485,NEGATIVE,0.9996809959411621
7486,NEGATIVE,0.9980738162994385
7487,POSITIVE,0.9520744681358337
7488,NEGATIVE,0.9989497065544128
7489,NEGATIVE,0.9987195730209351
7490,NEGATIVE,0.9997089505195618
7491,NEGATIVE,0.9997867941856384
7492,NEGATIVE,0.962899386882782
7493,NEGATIVE,0.9982736110687256
7494,NEGATIVE,0.9921912550926208
7495,NEGATIVE,0.9983965754508972
7496,NEGATIVE,0.9980644583702087
7497,POSITIVE,0.8646675944328308
7498,NEGATIVE,0.9967957139015198
7499,NEGATIVE,0.9997746348381042
7500,NEGATIVE,0.9965419173240662
7501,NEGATIVE,0.9997361302375793
7502,POSITIVE,0.9964060187339783
7503,NEGATIVE,0.9997909665107727
7504,NEGATIVE,0.9997480511665344
7505,NEGATIVE,0.9991157650947571
7506,NEGATIVE,0.9997085928916931
7507,NEGATIVE,0.9997850060462952
7508,NEGATIVE,0.9996540546417236
7509,NEGATIVE,0.9980124235153198
7510,NEGATIVE,0.9995883107185364
7511,NEGATIVE,0.9996628761291504
7512,NEGATIVE,0.998130738735199
7513,NEGATIVE,0.9886592626571655
7514,NEGATIVE,0.9994907379150391
7515,NEGATIVE,0.9956353306770325
7516,POSITIVE,0.9908984303474426
7517,NEGATIVE,0.9984081387519836
7518,NEGATIVE,0.9901718497276306
7519,NEGATIVE,0.999778687953949
7520,NEGATIVE,0.9996684789657593
7521,NEGATIVE,0.9995017051696777
7522,NEGATIVE,0.9888238310813904
7523,NEGATIVE,0.9771904945373535
7524,NEGATIVE,0.997914731502533
7525,NEGATIVE,0.9996160268783569
7526,NEGATIVE,0.9989821314811707
7527,NEGATIVE,0.9992682337760925
7528,NEGATIVE,0.9997560381889343
7529,NEGATIVE,0.9987202882766724
7530,NEGATIVE,0.997918426990509
7531,NEGATIVE,0.9979070425033569
7532,NEGATIVE,0.9994099140167236
7533,NEGATIVE,0.9990472197532654
7534,POSITIVE,0.9979358911514282
7535,NEGATIVE,0.9997872710227966
7536,NEGATIVE,0.9996429681777954
7537,NEGATIVE,0.8662224411964417
7538,NEGATIVE,0.9992781281471252
7539,NEGATIVE,0.997945249080658
7540,POSITIVE,0.9973226189613342
7541,NEGATIVE,0.9997184872627258
7542,NEGATIVE,0.995227575302124
7543,NEGATIVE,0.9877424240112305
7544,NEGATIVE,0.864452064037323
7545,NEGATIVE,0.9994133710861206
7546,NEGATIVE,0.9995672106742859
7547,NEGATIVE,0.9992520213127136
7548,NEGATIVE,0.9995545744895935
7549,NEGATIVE,0.9998106360435486
7550,NEGATIVE,0.9871647357940674
7551,NEGATIVE,0.9956852197647095
7552,NEGATIVE,0.9996293783187866
7553,NEGATIVE,0.9991230368614197
7554,NEGATIVE,0.9997625946998596
7555,NEGATIVE,0.9996582269668579
7556,NEGATIVE,0.5568559765815735
7557,NEGATIVE,0.9979744553565979
7558,NEGATIVE,0.9993104934692383
7559,NEGATIVE,0.9982632994651794
7560,NEGATIVE,0.6770848035812378
7561,NEGATIVE,0.9875770807266235
7562,NEGATIVE,0.9976909160614014
7563,POSITIVE,0.9955570101737976
7564,NEGATIVE,0.9406393766403198
7565,NEGATIVE,0.9997743964195251
7566,NEGATIVE,0.9829104542732239
7567,NEGATIVE,0.9990682005882263
7568,POSITIVE,0.9704514741897583
7569,POSITIVE,0.7066380977630615
7570,NEGATIVE,0.9733679890632629
7571,NEGATIVE,0.9997314810752869
7572,NEGATIVE,0.99269038438797
7573,NEGATIVE,0.9985871315002441
7574,NEGATIVE,0.998394787311554
7575,NEGATIVE,0.9979786276817322
7576,POSITIVE,0.9867920875549316
7577,NEGATIVE,0.9990828037261963
7578,NEGATIVE,0.9993870258331299
7579,NEGATIVE,0.9997022747993469
7580,NEGATIVE,0.9691296815872192
7581,NEGATIVE,0.9998113512992859
7582,POSITIVE,0.996195912361145
7583,NEGATIVE,0.9828054308891296
7584,POSITIVE,0.9732460379600525
7585,NEGATIVE,0.9995439648628235
7586,NEGATIVE,0.9994547963142395
7587,NEGATIVE,0.9968546628952026
7588,POSITIVE,0.9932384490966797
7589,NEGATIVE,0.998427152633667
7590,NEGATIVE,0.9994105100631714
7591,POSITIVE,0.9917117357254028
7592,NEGATIVE,0.9990653395652771
7593,NEGATIVE,0.9988941550254822
7594,NEGATIVE,0.5583806037902832
7595,NEGATIVE,0.9987340569496155
7596,POSITIVE,0.7930176258087158
7597,NEGATIVE,0.9997807145118713
7598,NEGATIVE,0.9964858293533325
7599,NEGATIVE,0.9985564351081848
7600,NEGATIVE,0.9973559379577637
7601,NEGATIVE,0.9994882345199585
7602,NEGATIVE,0.9977959394454956
7603,NEGATIVE,0.9997772574424744
7604,NEGATIVE,0.8908523917198181
7605,NEGATIVE,0.9974838495254517
7606,NEGATIVE,0.9985865354537964
7607,NEGATIVE,0.9819177985191345
7608,NEGATIVE,0.9973908066749573
7609,NEGATIVE,0.998275637626648
7610,NEGATIVE,0.9985204339027405
7611,NEGATIVE,0.9983590245246887
7612,NEGATIVE,0.9988716244697571
7613,NEGATIVE,0.9992924928665161
7614,NEGATIVE,0.9966109395027161
7615,NEGATIVE,0.9919306635856628
7616,NEGATIVE,0.9971229434013367
7617,NEGATIVE,0.9991003274917603
7618,NEGATIVE,0.996227502822876
7619,NEGATIVE,0.9996113181114197
7620,NEGATIVE,0.9970545768737793
7621,NEGATIVE,0.9994707703590393
7622,NEGATIVE,0.9997665286064148
7623,NEGATIVE,0.9916753768920898
7624,NEGATIVE,0.999472439289093
7625,NEGATIVE,0.9997503161430359
7626,NEGATIVE,0.9993749260902405
7627,NEGATIVE,0.9995971322059631
7628,NEGATIVE,0.998920202255249
7629,NEGATIVE,0.9997912049293518
7630,NEGATIVE,0.9995057582855225
7631,NEGATIVE,0.9989733695983887
7632,NEGATIVE,0.9996651411056519
7633,NEGATIVE,0.997692346572876
7634,POSITIVE,0.9778540730476379
7635,NEGATIVE,0.9980364441871643
7636,POSITIVE,0.7673082947731018
7637,NEGATIVE,0.9959757924079895
7638,NEGATIVE,0.9997492432594299
7639,NEGATIVE,0.999640703201294
7640,NEGATIVE,0.9963562488555908
7641,NEGATIVE,0.684808611869812
7642,NEGATIVE,0.998598039150238
7643,NEGATIVE,0.9994418025016785
7644,POSITIVE,0.9673142433166504
7645,NEGATIVE,0.9994402527809143
7646,NEGATIVE,0.9986918568611145
7647,NEGATIVE,0.999761164188385
7648,NEGATIVE,0.9995657801628113
7649,NEGATIVE,0.9995576739311218
7650,NEGATIVE,0.9997522234916687
7651,NEGATIVE,0.9995786547660828
7652,NEGATIVE,0.5432317852973938
7653,NEGATIVE,0.9981125593185425
7654,NEGATIVE,0.9975487589836121
7655,NEGATIVE,0.999809205532074
7656,NEGATIVE,0.9994035959243774
7657,NEGATIVE,0.999612033367157
7658,NEGATIVE,0.9961411356925964
7659,NEGATIVE,0.9989097118377686
7660,NEGATIVE,0.9773926138877869
7661,NEGATIVE,0.9978435039520264
7662,NEGATIVE,0.753707230091095
7663,NEGATIVE,0.996579110622406
7664,NEGATIVE,0.9993162155151367
7665,NEGATIVE,0.9996108412742615
7666,NEGATIVE,0.9987637996673584
7667,NEGATIVE,0.9972392320632935
7668,NEGATIVE,0.6188768148422241
7669,NEGATIVE,0.999281108379364
7670,NEGATIVE,0.9895086288452148
7671,NEGATIVE,0.9977672100067139
7672,NEGATIVE,0.9996590614318848
7673,NEGATIVE,0.9938341379165649
7674,NEGATIVE,0.9979287385940552
7675,NEGATIVE,0.9997537732124329
7676,NEGATIVE,0.9995737671852112
7677,NEGATIVE,0.9994408488273621
7678,NEGATIVE,0.9996145963668823
7679,NEGATIVE,0.9981755018234253
7680,NEGATIVE,0.9997627139091492
7681,POSITIVE,0.9074283838272095
7682,NEGATIVE,0.9990804195404053
7683,NEGATIVE,0.9980371594429016
7684,NEGATIVE,0.9994681477546692
7685,NEGATIVE,0.9990819692611694
7686,NEGATIVE,0.951898992061615
7687,NEGATIVE,0.9990553259849548
7688,NEGATIVE,0.9995229244232178
7689,NEGATIVE,0.9959981441497803
7690,NEGATIVE,0.9997218251228333
7691,NEGATIVE,0.9207726716995239
7692,NEGATIVE,0.9975368976593018
7693,NEGATIVE,0.9840427041053772
7694,NEGATIVE,0.9989107847213745
7695,NEGATIVE,0.9985901713371277
7696,NEGATIVE,0.9993434548377991
7697,NEGATIVE,0.9969838261604309
7698,NEGATIVE,0.9993485808372498
7699,NEGATIVE,0.9994389414787292
7700,NEGATIVE,0.9998149275779724
7701,NEGATIVE,0.9997450709342957
7702,NEGATIVE,0.987106204032898
7703,POSITIVE,0.780995786190033
7704,NEGATIVE,0.9964954257011414
7705,NEGATIVE,0.9993307590484619
7706,NEGATIVE,0.9996820688247681
7707,NEGATIVE,0.9973350167274475
7708,NEGATIVE,0.9897660613059998
7709,NEGATIVE,0.9990831613540649
7710,NEGATIVE,0.9996740818023682
7711,NEGATIVE,0.9996539354324341
7712,NEGATIVE,0.9595774412155151
7713,NEGATIVE,0.993990957736969
7714,NEGATIVE,0.9987959861755371
7715,NEGATIVE,0.9997286200523376
7716,POSITIVE,0.8130467534065247
7717,NEGATIVE,0.9990652203559875
7718,NEGATIVE,0.997038722038269
7719,NEGATIVE,0.9943649768829346
7720,POSITIVE,0.9920205473899841
7721,NEGATIVE,0.9997113347053528
7722,NEGATIVE,0.9997140765190125
7723,NEGATIVE,0.9961916208267212
7724,POSITIVE,0.661433219909668
7725,NEGATIVE,0.9996864795684814
7726,NEGATIVE,0.9966482520103455
7727,NEGATIVE,0.9962848424911499
7728,NEGATIVE,0.999441921710968
7729,NEGATIVE,0.9701721668243408
7730,NEGATIVE,0.9853399395942688
7731,NEGATIVE,0.9980065226554871
7732,POSITIVE,0.9808459877967834
7733,NEGATIVE,0.9961530566215515
7734,NEGATIVE,0.9991820454597473
7735,NEGATIVE,0.9994763731956482
7736,NEGATIVE,0.9997004270553589
7737,NEGATIVE,0.9079696536064148
7738,NEGATIVE,0.9571171402931213
7739,NEGATIVE,0.9988899827003479
7740,NEGATIVE,0.9975778460502625
7741,NEGATIVE,0.9997053742408752
7742,NEGATIVE,0.9997860789299011
7743,NEGATIVE,0.67913419008255
7744,NEGATIVE,0.997416615486145
7745,NEGATIVE,0.9957281947135925
7746,NEGATIVE,0.9953430891036987
7747,NEGATIVE,0.9856604337692261
7748,NEGATIVE,0.9992396831512451
7749,NEGATIVE,0.9963841438293457
7750,NEGATIVE,0.9997488856315613
7751,NEGATIVE,0.9215548634529114
7752,NEGATIVE,0.9969998002052307
7753,NEGATIVE,0.9932922124862671
7754,NEGATIVE,0.9993742108345032
7755,NEGATIVE,0.9979975819587708
7756,NEGATIVE,0.9994872808456421
7757,NEGATIVE,0.5127347111701965
7758,NEGATIVE,0.9979629516601562
7759,NEGATIVE,0.9997171759605408
7760,NEGATIVE,0.9991686344146729
7761,NEGATIVE,0.9916751384735107
7762,NEGATIVE,0.932395875453949
7763,NEGATIVE,0.9981064796447754
7764,NEGATIVE,0.9967345595359802
7765,NEGATIVE,0.9994762539863586
7766,NEGATIVE,0.9966638684272766
7767,NEGATIVE,0.9997159838676453
7768,NEGATIVE,0.9981421232223511
7769,NEGATIVE,0.9803884029388428
7770,NEGATIVE,0.9776191711425781
7771,NEGATIVE,0.9554845690727234
7772,NEGATIVE,0.9844864010810852
7773,NEGATIVE,0.9997933506965637
7774,NEGATIVE,0.9961668848991394
7775,NEGATIVE,0.9017859101295471
7776,POSITIVE,0.8859431147575378
7777,NEGATIVE,0.9983230233192444
7778,NEGATIVE,0.9988871216773987
7779,NEGATIVE,0.999607503414154
7780,NEGATIVE,0.9985911250114441
7781,NEGATIVE,0.9974242448806763
7782,NEGATIVE,0.9797672033309937
7783,NEGATIVE,0.9997175335884094
7784,NEGATIVE,0.9996440410614014
7785,NEGATIVE,0.5532494783401489
7786,POSITIVE,0.9596084356307983
7787,POSITIVE,0.9071112275123596
7788,NEGATIVE,0.9620867967605591
7789,NEGATIVE,0.9988454580307007
7790,NEGATIVE,0.9980534315109253
7791,NEGATIVE,0.9984183311462402
7792,NEGATIVE,0.6659793257713318
7793,NEGATIVE,0.983219563961029
7794,NEGATIVE,0.9996765851974487
7795,NEGATIVE,0.9983377456665039
7796,NEGATIVE,0.9984884262084961
7797,NEGATIVE,0.9928171634674072
7798,NEGATIVE,0.999300479888916
7799,NEGATIVE,0.9983269572257996
7800,NEGATIVE,0.9991742968559265
7801,NEGATIVE,0.9965459704399109
7802,NEGATIVE,0.9940744042396545
7803,NEGATIVE,0.9876794815063477
7804,NEGATIVE,0.9994627833366394
7805,NEGATIVE,0.9680160284042358
7806,NEGATIVE,0.9981415271759033
7807,NEGATIVE,0.9783823490142822
7808,NEGATIVE,0.9988852143287659
7809,NEGATIVE,0.9993120431900024
7810,NEGATIVE,0.9997774958610535
7811,NEGATIVE,0.8734246492385864
7812,POSITIVE,0.7486656308174133
7813,NEGATIVE,0.9825083613395691
7814,NEGATIVE,0.9934782981872559
7815,NEGATIVE,0.998012900352478
7816,NEGATIVE,0.9992266893386841
7817,NEGATIVE,0.9993765950202942
7818,POSITIVE,0.5575510263442993
7819,NEGATIVE,0.9985034465789795
7820,NEGATIVE,0.9906772375106812
7821,NEGATIVE,0.8005355596542358
7822,NEGATIVE,0.998536229133606
7823,NEGATIVE,0.9765413999557495
7824,NEGATIVE,0.9957870841026306
7825,POSITIVE,0.9872826337814331
7826,NEGATIVE,0.9583789706230164
7827,NEGATIVE,0.9929147958755493
7828,NEGATIVE,0.9988665580749512
7829,NEGATIVE,0.9985933899879456
7830,NEGATIVE,0.8559606075286865
7831,NEGATIVE,0.998530387878418
7832,NEGATIVE,0.997006356716156
7833,NEGATIVE,0.9997419714927673
7834,NEGATIVE,0.9826962947845459
7835,NEGATIVE,0.9997617602348328
7836,NEGATIVE,0.9994544386863708
7837,NEGATIVE,0.9996470212936401
7838,NEGATIVE,0.9997782111167908
7839,NEGATIVE,0.9991163611412048
7840,NEGATIVE,0.9975941777229309
7841,NEGATIVE,0.9996999502182007
7842,NEGATIVE,0.9801087975502014
7843,NEGATIVE,0.9815092086791992
7844,NEGATIVE,0.9903428554534912
7845,NEGATIVE,0.9997323155403137
7846,NEGATIVE,0.991007387638092
7847,NEGATIVE,0.9988349080085754
7848,POSITIVE,0.9958121180534363
7849,POSITIVE,0.9636025428771973
7850,NEGATIVE,0.9990088939666748
7851,NEGATIVE,0.999176561832428
7852,NEGATIVE,0.9986940026283264
7853,NEGATIVE,0.9997318387031555
7854,NEGATIVE,0.9956383109092712
7855,NEGATIVE,0.9997804760932922
7856,NEGATIVE,0.993631899356842
7857,POSITIVE,0.9757948517799377
7858,NEGATIVE,0.9993929862976074
7859,NEGATIVE,0.9919082522392273
7860,NEGATIVE,0.9962079524993896
7861,NEGATIVE,0.999750554561615
7862,NEGATIVE,0.9993808269500732
7863,NEGATIVE,0.9979487061500549
7864,NEGATIVE,0.999605119228363
7865,NEGATIVE,0.9993621706962585
7866,NEGATIVE,0.999775230884552
7867,NEGATIVE,0.9978467226028442
7868,NEGATIVE,0.9995529055595398
7869,NEGATIVE,0.9995416402816772
7870,NEGATIVE,0.9973602890968323
7871,POSITIVE,0.7656282782554626
7872,NEGATIVE,0.910861611366272
7873,NEGATIVE,0.9996868371963501
7874,NEGATIVE,0.9989363551139832
7875,NEGATIVE,0.9596059918403625
7876,POSITIVE,0.995735764503479
7877,NEGATIVE,0.998380184173584
7878,POSITIVE,0.5810678601264954
7879,NEGATIVE,0.9945504069328308
7880,POSITIVE,0.9407002329826355
7881,NEGATIVE,0.9992782473564148
7882,NEGATIVE,0.9901728630065918
7883,NEGATIVE,0.9927936792373657
7884,NEGATIVE,0.9984588623046875
7885,NEGATIVE,0.9832267165184021
7886,NEGATIVE,0.9919260144233704
7887,NEGATIVE,0.9977841973304749
7888,NEGATIVE,0.99930739402771
7889,NEGATIVE,0.9984149932861328
7890,NEGATIVE,0.9990715980529785
7891,NEGATIVE,0.9997275471687317
7892,NEGATIVE,0.9985154271125793
7893,NEGATIVE,0.9976939558982849
7894,NEGATIVE,0.9993322491645813
7895,NEGATIVE,0.9990546107292175
7896,NEGATIVE,0.9992814660072327
7897,NEGATIVE,0.9952784776687622
7898,NEGATIVE,0.9976353645324707
7899,NEGATIVE,0.9923694133758545
7900,NEGATIVE,0.9986739158630371
7901,NEGATIVE,0.9935599565505981
7902,NEGATIVE,0.9995951056480408
7903,NEGATIVE,0.9974824786186218
7904,NEGATIVE,0.999724805355072
7905,NEGATIVE,0.9912911653518677
7906,POSITIVE,0.9827967882156372
7907,NEGATIVE,0.8074320554733276
7908,NEGATIVE,0.9976060390472412
7909,NEGATIVE,0.8047202229499817
7910,NEGATIVE,0.9973203539848328
7911,NEGATIVE,0.9996234178543091
7912,NEGATIVE,0.9987658262252808
7913,NEGATIVE,0.999699592590332
7914,NEGATIVE,0.9997825026512146
7915,POSITIVE,0.9739286303520203
7916,NEGATIVE,0.9691924452781677
7917,NEGATIVE,0.9997108578681946
7918,NEGATIVE,0.9998069405555725
7919,POSITIVE,0.7318786978721619
7920,NEGATIVE,0.9989814162254333
7921,NEGATIVE,0.9982190728187561
7922,NEGATIVE,0.9899511933326721
7923,NEGATIVE,0.9996896982192993
7924,NEGATIVE,0.9995869994163513
7925,NEGATIVE,0.9927511215209961
7926,NEGATIVE,0.9946434497833252
7927,NEGATIVE,0.9865217804908752
7928,NEGATIVE,0.9944783449172974
7929,POSITIVE,0.9792242646217346
7930,NEGATIVE,0.5531273484230042
7931,NEGATIVE,0.9942589998245239
7932,NEGATIVE,0.9994826316833496
7933,NEGATIVE,0.9992936849594116
7934,NEGATIVE,0.9915689826011658
7935,NEGATIVE,0.998828113079071
7936,NEGATIVE,0.9997937083244324
7937,NEGATIVE,0.9997473359107971
7938,POSITIVE,0.9986438155174255
7939,NEGATIVE,0.9994725584983826
7940,NEGATIVE,0.8144705891609192
7941,NEGATIVE,0.9996968507766724
7942,NEGATIVE,0.9967533946037292
7943,NEGATIVE,0.9975220561027527
7944,NEGATIVE,0.9861753582954407
7945,NEGATIVE,0.9833329916000366
7946,NEGATIVE,0.8221628665924072
7947,NEGATIVE,0.999677300453186
7948,NEGATIVE,0.998082160949707
7949,POSITIVE,0.9900063872337341
7950,NEGATIVE,0.9974175691604614
7951,POSITIVE,0.9964174032211304
7952,POSITIVE,0.9928156137466431
7953,NEGATIVE,0.9996737241744995
7954,NEGATIVE,0.9987245202064514
7955,NEGATIVE,0.9996918439865112
7956,NEGATIVE,0.9410299062728882
7957,NEGATIVE,0.9956996440887451
7958,NEGATIVE,0.9993448853492737
7959,NEGATIVE,0.9951643943786621
7960,NEGATIVE,0.8243498802185059
7961,NEGATIVE,0.9996397495269775
7962,NEGATIVE,0.9996229410171509
7963,NEGATIVE,0.9987786412239075
7964,NEGATIVE,0.9997565150260925
7965,POSITIVE,0.9764680862426758
7966,NEGATIVE,0.9989210367202759
7967,NEGATIVE,0.9987509250640869
7968,NEGATIVE,0.9997414946556091
7969,NEGATIVE,0.9995847344398499
7970,POSITIVE,0.9880760908126831
7971,NEGATIVE,0.9996447563171387
7972,NEGATIVE,0.9980359673500061
7973,POSITIVE,0.9984536170959473
7974,NEGATIVE,0.9967024922370911
7975,NEGATIVE,0.9997532963752747
7976,NEGATIVE,0.996914267539978
7977,NEGATIVE,0.999561607837677
7978,NEGATIVE,0.9972836971282959
7979,NEGATIVE,0.994269609451294
7980,NEGATIVE,0.9849513173103333
7981,NEGATIVE,0.9865388870239258
7982,NEGATIVE,0.9996529817581177
7983,NEGATIVE,0.9986955523490906
7984,NEGATIVE,0.9988239407539368
7985,NEGATIVE,0.9969602227210999
7986,NEGATIVE,0.9557386636734009
7987,NEGATIVE,0.9957333207130432
7988,NEGATIVE,0.9982401132583618
7989,NEGATIVE,0.9958757758140564
7990,NEGATIVE,0.9997939467430115
7991,NEGATIVE,0.9970887303352356
7992,NEGATIVE,0.9997105002403259
7993,POSITIVE,0.9913265109062195
7994,NEGATIVE,0.9995424747467041
7995,POSITIVE,0.9981628060340881
7996,POSITIVE,0.9352191686630249
7997,POSITIVE,0.9980605244636536
7998,NEGATIVE,0.9828307628631592
7999,NEGATIVE,0.9951646327972412
8000,NEGATIVE,0.9958935976028442
8001,NEGATIVE,0.9996891021728516
8002,NEGATIVE,0.9923204779624939
8003,NEGATIVE,0.9987406134605408
8004,NEGATIVE,0.9995431900024414
8005,NEGATIVE,0.9996159076690674
8006,NEGATIVE,0.9985610842704773
8007,NEGATIVE,0.999762237071991
8008,NEGATIVE,0.991262674331665
8009,NEGATIVE,0.9987995624542236
8010,NEGATIVE,0.9925393462181091
8011,NEGATIVE,0.999698281288147
8012,NEGATIVE,0.9995054006576538
8013,NEGATIVE,0.9980992674827576
8014,NEGATIVE,0.9985771179199219
8015,POSITIVE,0.8771754503250122
8016,NEGATIVE,0.9960965514183044
8017,NEGATIVE,0.9996856451034546
8018,NEGATIVE,0.9976521134376526
8019,NEGATIVE,0.8222249150276184
8020,POSITIVE,0.921175479888916
8021,NEGATIVE,0.9958290457725525
8022,NEGATIVE,0.9653348326683044
8023,NEGATIVE,0.9017980098724365
8024,NEGATIVE,0.9989534616470337
8025,NEGATIVE,0.9979233145713806
8026,NEGATIVE,0.9984222650527954
8027,NEGATIVE,0.9994914531707764
8028,NEGATIVE,0.9966737031936646
8029,NEGATIVE,0.9006972908973694
8030,POSITIVE,0.9808754920959473
8031,NEGATIVE,0.9994838237762451
8032,NEGATIVE,0.9980819225311279
8033,NEGATIVE,0.9919493198394775
8034,POSITIVE,0.9983392953872681
8035,NEGATIVE,0.9286924004554749
8036,NEGATIVE,0.9992688298225403
8037,NEGATIVE,0.9997525811195374
8038,POSITIVE,0.9835014939308167
8039,NEGATIVE,0.999397873878479
8040,NEGATIVE,0.999570906162262
8041,NEGATIVE,0.9997987151145935
8042,NEGATIVE,0.9844319820404053
8043,NEGATIVE,0.9892686009407043
8044,NEGATIVE,0.9645996689796448
8045,NEGATIVE,0.9911746978759766
8046,POSITIVE,0.9364935159683228
8047,NEGATIVE,0.9995672106742859
8048,NEGATIVE,0.9763809442520142
8049,NEGATIVE,0.9874606728553772
8050,NEGATIVE,0.9992249011993408
8051,NEGATIVE,0.9971906542778015
8052,NEGATIVE,0.9990007281303406
8053,NEGATIVE,0.9996507167816162
8054,NEGATIVE,0.9957564473152161
8055,NEGATIVE,0.9992730021476746
8056,NEGATIVE,0.9774839878082275
8057,NEGATIVE,0.9973637461662292
8058,NEGATIVE,0.9830635190010071
8059,NEGATIVE,0.9997257590293884
8060,NEGATIVE,0.8166249990463257
8061,NEGATIVE,0.991096019744873
8062,NEGATIVE,0.9987132549285889
8063,NEGATIVE,0.9997522234916687
8064,NEGATIVE,0.9986978769302368
8065,NEGATIVE,0.9997565150260925
8066,NEGATIVE,0.9991401433944702
8067,NEGATIVE,0.9988659620285034
8068,NEGATIVE,0.99932861328125
8069,NEGATIVE,0.9997687935829163
8070,NEGATIVE,0.9991880059242249
8071,NEGATIVE,0.9966748952865601
8072,NEGATIVE,0.9930610060691833
8073,NEGATIVE,0.5562207102775574
8074,NEGATIVE,0.9988699555397034
8075,NEGATIVE,0.9996572732925415
8076,NEGATIVE,0.998257577419281
8077,NEGATIVE,0.9982174038887024
8078,NEGATIVE,0.9974119067192078
8079,NEGATIVE,0.9996274709701538
8080,NEGATIVE,0.9996638298034668
8081,POSITIVE,0.9843798875808716
8082,NEGATIVE,0.9974955916404724
8083,NEGATIVE,0.9992744326591492
8084,NEGATIVE,0.9944435954093933
8085,NEGATIVE,0.998601496219635
8086,NEGATIVE,0.6435098648071289
8087,NEGATIVE,0.9996693134307861
8088,NEGATIVE,0.9991282820701599
8089,NEGATIVE,0.9952734112739563
8090,NEGATIVE,0.9987955093383789
8091,NEGATIVE,0.9978750944137573
8092,NEGATIVE,0.9997572302818298
8093,NEGATIVE,0.9992332458496094
8094,NEGATIVE,0.9991610050201416
8095,NEGATIVE,0.5920886397361755
8096,NEGATIVE,0.9990008473396301
8097,NEGATIVE,0.9984233379364014
8098,NEGATIVE,0.9992534518241882
8099,NEGATIVE,0.9790772795677185
8100,NEGATIVE,0.9882317185401917
8101,NEGATIVE,0.9996688365936279
8102,NEGATIVE,0.9853025674819946
8103,NEGATIVE,0.997124969959259
8104,NEGATIVE,0.9974639415740967
8105,NEGATIVE,0.9905942678451538
8106,NEGATIVE,0.9992676377296448
8107,POSITIVE,0.9920662641525269
8108,NEGATIVE,0.9982619881629944
8109,NEGATIVE,0.99623703956604
8110,NEGATIVE,0.9997907280921936
8111,NEGATIVE,0.9966247081756592
8112,NEGATIVE,0.999550998210907
8113,POSITIVE,0.9936337471008301
8114,NEGATIVE,0.9996030926704407
8115,NEGATIVE,0.9991928935050964
8116,NEGATIVE,0.9998114705085754
8117,NEGATIVE,0.9997007846832275
8118,NEGATIVE,0.9986020922660828
8119,NEGATIVE,0.9985702037811279
8120,NEGATIVE,0.9988228678703308
8121,NEGATIVE,0.9788045883178711
8122,NEGATIVE,0.9996622800827026
8123,NEGATIVE,0.9867123365402222
8124,NEGATIVE,0.9989416003227234
8125,NEGATIVE,0.9985696077346802
8126,NEGATIVE,0.9972180128097534
8127,NEGATIVE,0.9978579878807068
8128,NEGATIVE,0.8906588554382324
8129,NEGATIVE,0.9997541308403015
8130,NEGATIVE,0.9945666790008545
8131,NEGATIVE,0.9995954632759094
8132,NEGATIVE,0.9945078492164612
8133,NEGATIVE,0.9773558378219604
8134,NEGATIVE,0.9954967498779297
8135,NEGATIVE,0.9997575879096985
8136,NEGATIVE,0.9876604080200195
8137,NEGATIVE,0.9998052716255188
8138,NEGATIVE,0.9997701048851013
8139,NEGATIVE,0.9958321452140808
8140,NEGATIVE,0.9986314177513123
8141,NEGATIVE,0.9977328777313232
8142,NEGATIVE,0.9987962245941162
8143,NEGATIVE,0.9466367959976196
8144,NEGATIVE,0.998688280582428
8145,NEGATIVE,0.9993809461593628
8146,POSITIVE,0.914578378200531
8147,NEGATIVE,0.9996019005775452
8148,NEGATIVE,0.9994969367980957
8149,NEGATIVE,0.9991185069084167
8150,NEGATIVE,0.9995649456977844
8151,NEGATIVE,0.9988321661949158
8152,NEGATIVE,0.9996882677078247
8153,NEGATIVE,0.9921374917030334
8154,NEGATIVE,0.800277590751648
8155,NEGATIVE,0.9973971843719482
8156,NEGATIVE,0.9995794892311096
8157,NEGATIVE,0.9947689771652222
8158,NEGATIVE,0.9988676309585571
8159,NEGATIVE,0.9996320009231567
8160,NEGATIVE,0.9996763467788696
8161,NEGATIVE,0.9721241593360901
8162,NEGATIVE,0.9911679029464722
8163,NEGATIVE,0.9998007416725159
8164,NEGATIVE,0.9994257688522339
8165,NEGATIVE,0.9981741905212402
8166,NEGATIVE,0.9997522234916687
8167,NEGATIVE,0.9998045563697815
8168,NEGATIVE,0.9960600733757019
8169,NEGATIVE,0.996996283531189
8170,NEGATIVE,0.9957829713821411
8171,NEGATIVE,0.9956296682357788
8172,NEGATIVE,0.9844024181365967
8173,NEGATIVE,0.9997155070304871
8174,NEGATIVE,0.9981725215911865
8175,NEGATIVE,0.9989826083183289
8176,NEGATIVE,0.9984534978866577
8177,NEGATIVE,0.9987310767173767
8178,POSITIVE,0.7146041989326477
8179,POSITIVE,0.9906737208366394
8180,NEGATIVE,0.997977077960968
8181,NEGATIVE,0.9905486702919006
8182,NEGATIVE,0.9981257319450378
8183,NEGATIVE,0.9982055425643921
8184,NEGATIVE,0.9997624754905701
8185,NEGATIVE,0.9981695413589478
8186,NEGATIVE,0.9995773434638977
8187,NEGATIVE,0.9914152026176453
8188,NEGATIVE,0.9607630968093872
8189,NEGATIVE,0.9997720122337341
8190,NEGATIVE,0.9952099919319153
8191,NEGATIVE,0.9992502331733704
8192,POSITIVE,0.6081408858299255
8193,NEGATIVE,0.9924889802932739
8194,NEGATIVE,0.9982295632362366
8195,NEGATIVE,0.9990542531013489
8196,NEGATIVE,0.9910345673561096
8197,NEGATIVE,0.9996066689491272
8198,NEGATIVE,0.9996768236160278
8199,NEGATIVE,0.9994760155677795
8200,POSITIVE,0.9991707801818848
8201,NEGATIVE,0.9993923902511597
8202,NEGATIVE,0.9988067150115967
8203,NEGATIVE,0.9979239702224731
8204,NEGATIVE,0.9997277855873108
8205,NEGATIVE,0.9994730353355408
8206,NEGATIVE,0.7601448893547058
8207,POSITIVE,0.8638709187507629
8208,NEGATIVE,0.998609185218811
8209,NEGATIVE,0.9979561567306519
8210,NEGATIVE,0.9996562004089355
8211,NEGATIVE,0.9995300769805908
8212,NEGATIVE,0.9993613362312317
8213,NEGATIVE,0.9009788036346436
8214,NEGATIVE,0.9970895648002625
8215,NEGATIVE,0.9997442364692688
8216,NEGATIVE,0.9994648098945618
8217,NEGATIVE,0.9994206428527832
8218,NEGATIVE,0.9981704950332642
8219,POSITIVE,0.9763095378875732
8220,NEGATIVE,0.9982160925865173
8221,NEGATIVE,0.9995225667953491
8222,NEGATIVE,0.9997643828392029
8223,NEGATIVE,0.999645471572876
8224,NEGATIVE,0.9962377548217773
8225,NEGATIVE,0.9997450709342957
8226,NEGATIVE,0.9994246959686279
8227,NEGATIVE,0.999742329120636
8228,NEGATIVE,0.98431396484375
8229,NEGATIVE,0.99967360496521
8230,NEGATIVE,0.9979023933410645
8231,NEGATIVE,0.9989907145500183
8232,NEGATIVE,0.969225287437439
8233,NEGATIVE,0.9932548403739929
8234,NEGATIVE,0.9978140592575073
8235,NEGATIVE,0.9992713332176208
8236,NEGATIVE,0.9996236562728882
8237,NEGATIVE,0.992760181427002
8238,NEGATIVE,0.9997637867927551
8239,NEGATIVE,0.9947691559791565
8240,NEGATIVE,0.9982463121414185
8241,NEGATIVE,0.9995180368423462
8242,NEGATIVE,0.999041736125946
8243,NEGATIVE,0.9889417290687561
8244,NEGATIVE,0.9987150430679321
8245,NEGATIVE,0.99535071849823
8246,NEGATIVE,0.9997254014015198
8247,NEGATIVE,0.9967228770256042
8248,NEGATIVE,0.8513658046722412
8249,POSITIVE,0.9986246824264526
8250,NEGATIVE,0.8443177938461304
8251,NEGATIVE,0.9981862902641296
8252,NEGATIVE,0.7556455731391907
8253,NEGATIVE,0.9992696642875671
8254,NEGATIVE,0.9871177077293396
8255,NEGATIVE,0.999799907207489
8256,NEGATIVE,0.9911015033721924
8257,NEGATIVE,0.9997777342796326
8258,NEGATIVE,0.9997202754020691
8259,NEGATIVE,0.9991231560707092
8260,NEGATIVE,0.9996833801269531
8261,NEGATIVE,0.9748101830482483
8262,NEGATIVE,0.8494440913200378
8263,NEGATIVE,0.999473512172699
8264,NEGATIVE,0.990974485874176
8265,NEGATIVE,0.9984386563301086
8266,NEGATIVE,0.9940266609191895
8267,NEGATIVE,0.9962796568870544
8268,NEGATIVE,0.9997739195823669
8269,NEGATIVE,0.9998170733451843
8270,POSITIVE,0.9856210350990295
8271,NEGATIVE,0.9988341927528381
8272,NEGATIVE,0.9997729659080505
8273,NEGATIVE,0.9976122379302979
8274,NEGATIVE,0.9987605810165405
8275,NEGATIVE,0.7451155185699463
8276,NEGATIVE,0.99954754114151
8277,NEGATIVE,0.9883074164390564
8278,NEGATIVE,0.9992493987083435
8279,NEGATIVE,0.9997383952140808
8280,NEGATIVE,0.9933866858482361
8281,NEGATIVE,0.9962916374206543
8282,NEGATIVE,0.961073637008667
8283,NEGATIVE,0.9967690706253052
8284,NEGATIVE,0.999638557434082
8285,NEGATIVE,0.997538685798645
8286,POSITIVE,0.9723978638648987
8287,NEGATIVE,0.9979982972145081
8288,NEGATIVE,0.9996743202209473
8289,NEGATIVE,0.5984655618667603
8290,NEGATIVE,0.9935327768325806
8291,NEGATIVE,0.9987473487854004
8292,NEGATIVE,0.9682223796844482
8293,NEGATIVE,0.9963717460632324
8294,NEGATIVE,0.9991058707237244
8295,NEGATIVE,0.995424211025238
8296,NEGATIVE,0.9997274279594421
8297,POSITIVE,0.9527730345726013
8298,NEGATIVE,0.999821126461029
8299,NEGATIVE,0.9895185828208923
8300,NEGATIVE,0.9997321963310242
8301,POSITIVE,0.9902120232582092
8302,NEGATIVE,0.9988585710525513
8303,NEGATIVE,0.9994841814041138
8304,NEGATIVE,0.9988605976104736
8305,POSITIVE,0.8038347959518433
8306,NEGATIVE,0.999727189540863
8307,NEGATIVE,0.9968276619911194
8308,NEGATIVE,0.9996647834777832
8309,NEGATIVE,0.9790737628936768
8310,NEGATIVE,0.9997854828834534
8311,NEGATIVE,0.9994093179702759
8312,NEGATIVE,0.9973593354225159
8313,NEGATIVE,0.9991361498832703
8314,NEGATIVE,0.9990906715393066
8315,NEGATIVE,0.9988163709640503
8316,NEGATIVE,0.99826580286026
8317,NEGATIVE,0.9509649276733398
8318,NEGATIVE,0.9990490078926086
8319,NEGATIVE,0.9997414946556091
8320,NEGATIVE,0.9985904097557068
8321,NEGATIVE,0.9986816048622131
8322,NEGATIVE,0.9986094236373901
8323,NEGATIVE,0.999798595905304
8324,NEGATIVE,0.9996483325958252
8325,NEGATIVE,0.9995113611221313
8326,NEGATIVE,0.999575674533844
8327,POSITIVE,0.970690131187439
8328,NEGATIVE,0.9991089701652527
8329,NEGATIVE,0.9793534874916077
8330,NEGATIVE,0.9997041821479797
8331,NEGATIVE,0.9992499947547913
8332,NEGATIVE,0.9989075660705566
8333,NEGATIVE,0.9989832043647766
8334,NEGATIVE,0.9988999366760254
8335,NEGATIVE,0.9996625185012817
8336,NEGATIVE,0.999736487865448
8337,NEGATIVE,0.9985213875770569
8338,NEGATIVE,0.9976606369018555
8339,POSITIVE,0.9577629566192627
8340,NEGATIVE,0.9993898868560791
8341,NEGATIVE,0.9994120597839355
8342,NEGATIVE,0.9927846193313599
8343,NEGATIVE,0.9974178075790405
8344,NEGATIVE,0.9997137188911438
8345,NEGATIVE,0.9844996929168701
8346,POSITIVE,0.6287766098976135
8347,NEGATIVE,0.9997538924217224
8348,POSITIVE,0.9989171028137207
8349,NEGATIVE,0.9071077704429626
8350,NEGATIVE,0.9949848651885986
8351,POSITIVE,0.9815690517425537
8352,NEGATIVE,0.9965316653251648
8353,NEGATIVE,0.9997256398200989
8354,NEGATIVE,0.9796867370605469
8355,NEGATIVE,0.9935126900672913
8356,NEGATIVE,0.9991070628166199
8357,NEGATIVE,0.9890788197517395
8358,NEGATIVE,0.9981445074081421
8359,NEGATIVE,0.9995976090431213
8360,NEGATIVE,0.9753283262252808
8361,NEGATIVE,0.9994049072265625
8362,NEGATIVE,0.9997437596321106
8363,NEGATIVE,0.9943400025367737
8364,NEGATIVE,0.745989978313446
8365,POSITIVE,0.9772348999977112
8366,NEGATIVE,0.9901579022407532
8367,NEGATIVE,0.9997625946998596
8368,NEGATIVE,0.9992921352386475
8369,NEGATIVE,0.991759717464447
8370,NEGATIVE,0.9990736246109009
8371,NEGATIVE,0.9956412315368652
8372,NEGATIVE,0.9997875094413757
8373,NEGATIVE,0.9997794032096863
8374,NEGATIVE,0.9979926347732544
8375,POSITIVE,0.7767645120620728
8376,NEGATIVE,0.9989162683486938
8377,NEGATIVE,0.9987437129020691
8378,NEGATIVE,0.9996598958969116
8379,NEGATIVE,0.9942131638526917
8380,NEGATIVE,0.9997549653053284
8381,NEGATIVE,0.9996938705444336
8382,NEGATIVE,0.9978176355361938
8383,NEGATIVE,0.9998018145561218
8384,NEGATIVE,0.9988988637924194
8385,NEGATIVE,0.9994125366210938
8386,NEGATIVE,0.9980422258377075
8387,POSITIVE,0.5988478660583496
8388,NEGATIVE,0.9962594509124756
8389,POSITIVE,0.6940708160400391
8390,POSITIVE,0.9982494711875916
8391,NEGATIVE,0.542121171951294
8392,NEGATIVE,0.9993709921836853
8393,NEGATIVE,0.9997971653938293
8394,NEGATIVE,0.9852345585823059
8395,NEGATIVE,0.9969045519828796
8396,NEGATIVE,0.9953975081443787
8397,NEGATIVE,0.9947330951690674
8398,POSITIVE,0.5491215586662292
8399,NEGATIVE,0.9991661310195923
8400,NEGATIVE,0.9997203946113586
8401,NEGATIVE,0.9991777539253235
8402,NEGATIVE,0.9880483150482178
8403,POSITIVE,0.9783980846405029
8404,NEGATIVE,0.9997642636299133
8405,NEGATIVE,0.9951270818710327
8406,NEGATIVE,0.9941682815551758
8407,POSITIVE,0.5749979615211487
8408,NEGATIVE,0.990889847278595
8409,NEGATIVE,0.9961218237876892
8410,NEGATIVE,0.6350675821304321
8411,NEGATIVE,0.9995648264884949
8412,NEGATIVE,0.9978894591331482
8413,NEGATIVE,0.9963632225990295
8414,NEGATIVE,0.9994267225265503
8415,POSITIVE,0.5229554772377014
8416,NEGATIVE,0.9997431635856628
8417,NEGATIVE,0.996650755405426
8418,NEGATIVE,0.9996994733810425
8419,NEGATIVE,0.998908281326294
8420,NEGATIVE,0.9993252754211426
8421,NEGATIVE,0.9917832612991333
8422,NEGATIVE,0.9997943043708801
8423,NEGATIVE,0.9976691603660583
8424,NEGATIVE,0.9987254738807678
8425,NEGATIVE,0.9965253472328186
8426,NEGATIVE,0.9994331002235413
8427,NEGATIVE,0.9991445541381836
8428,NEGATIVE,0.967143714427948
8429,NEGATIVE,0.999446451663971
8430,NEGATIVE,0.9982998967170715
8431,NEGATIVE,0.9993450045585632
8432,NEGATIVE,0.9998028874397278
8433,NEGATIVE,0.99920254945755
8434,NEGATIVE,0.997920572757721
8435,NEGATIVE,0.9977085590362549
8436,NEGATIVE,0.9992114305496216
8437,NEGATIVE,0.999161958694458
8438,NEGATIVE,0.9982194304466248
8439,NEGATIVE,0.9996870756149292
8440,NEGATIVE,0.9995941519737244
8441,NEGATIVE,0.852286696434021
8442,NEGATIVE,0.9996546506881714
8443,NEGATIVE,0.9974779486656189
8444,NEGATIVE,0.9977760910987854
8445,NEGATIVE,0.9580779075622559
8446,NEGATIVE,0.9977239966392517
8447,POSITIVE,0.8705237507820129
8448,NEGATIVE,0.9997209906578064
8449,NEGATIVE,0.9996625185012817
8450,NEGATIVE,0.9973042011260986
8451,NEGATIVE,0.9986523985862732
8452,NEGATIVE,0.9989715814590454
8453,NEGATIVE,0.9976943135261536
8454,NEGATIVE,0.9997708201408386
8455,NEGATIVE,0.9997324347496033
8456,NEGATIVE,0.9994346499443054
8457,NEGATIVE,0.998518168926239
8458,NEGATIVE,0.8885666131973267
8459,NEGATIVE,0.998299777507782
8460,NEGATIVE,0.966433048248291
8461,NEGATIVE,0.9994640946388245
8462,NEGATIVE,0.9941370487213135
8463,NEGATIVE,0.9969924688339233
8464,NEGATIVE,0.9996923208236694
8465,NEGATIVE,0.9994170665740967
8466,NEGATIVE,0.9760584235191345
8467,NEGATIVE,0.9988328814506531
8468,NEGATIVE,0.9718436002731323
8469,NEGATIVE,0.999737560749054
